codigo;descripcion;linea;sublinea;grupo;categoria;regla_aplicada;confianza;precio_prueba_cop
NIK-10402;BROCHA PROFESIONAL 2 PULG;BROCHAS;ACCESORIOS DE PINTURAS;GRUPO NIKATTO;Herramientas Industriales;industrial;alta;84300
NIK-14010;BROCHA PROFESIONAL 1 PULG;BROCHAS;ACCESORIOS DE PINTURAS;GRUPO NIKATTO;Herramientas Industriales;industrial;alta;68400
NIK-14015;BROCHA PROFESIONAL 1.5 PULG;BROCHAS;ACCESORIOS DE PINTURAS;GRUPO NIKATTO;Herramientas Industriales;industrial;alta;121100
NIK-14023;BROCHA PROFESIONAL 3 PULG;BROCHAS;ACCESORIOS DE PINTURAS;GRUPO NIKATTO;Herramientas Industriales;industrial;alta;190300
NIK-14024;BROCHA PROFESIONAL 4 PULG;BROCHAS;ACCESORIOS DE PINTURAS;GRUPO NIKATTO;Herramientas Industriales;industrial;alta;137700
NIK-14025;BROCHA PROFESIONAL 2.5 PULG;BROCHAS;ACCESORIOS DE PINTURAS;GRUPO NIKATTO;Herramientas Industriales;industrial;alta;197300
NIK-00303;CINTA TEFLON 12MM X 0.075MM X 10M X 0.20G/CM3;CINTAS;CINTA TEFLON;GRUPO NIKATTO;Herramientas Industriales;industrial;alta;214800
NIK-00304;CINTA TEFLON 19MM X 0.2MM X 15M X 0.20G/CM3;CINTAS;CINTA TEFLON;GRUPO NIKATTO;Herramientas Industriales;industrial;alta;118600
NIK-12640P;"DISCO DE TRONZADORA PARA CORTE DE METAL DE 14"" EJE DE 1"" ESPESOR 3/32""";COMBOS;COMBOS;GRUPO NIKATTO;Herramientas de Corte;corte;alta;12500
NIK-12862P;"DISCO FINO CORTE METAL & ACERO INOX T41 4-1/2"" X 0.045 ""X 7/8""";COMBOS;COMBOS;GRUPO NIKATTO;Herramientas de Corte;corte;alta;58100
NIK-12865P;"DISCO FINO CORTE METAL & ACERO INOX. TIPO 41 7"" X 1/16 "" X 7/8""";COMBOS;COMBOS;GRUPO NIKATTO;Herramientas de Corte;corte;alta;153900
NIK-12867P;"DISCO FINO CORTE METAL & ACERO INOX T41 9"" X .5/64 ""X 7/8""";COMBOS;COMBOS;GRUPO NIKATTO;Herramientas de Corte;corte;alta;158600
NIK-COMBO1;COMBO NIK-M140 + NIK-15901 + NIK-AG3103;COMBOS;COMBOS;GRUPO NIKATTO;Herramientas de Soldadura;combo:3 componentes;media;284300
NIK-COMBOCAR1;COMBO CARNAVAL: MÁQUINA DE SOLDAR NIK-M140 + CARETA DE SOLDAR NIK-15901;COMBOS;COMBOS;GRUPO NIKATTO;Herramientas de Soldadura;soldadura:careta;alta;1354800
NIK-COMBOCAR2;COMBO CARNAVAL:MÁQUINA DE SOLDAR NIK-M200 + CARETA DE SOLDAR NIK-15902;COMBOS;COMBOS;GRUPO NIKATTO;Herramientas de Soldadura;soldadura:careta;alta;1432900
NIK-COMBOCAR3;COMBO CARNAVAL: MÁQUINA DE SOLDAR NIK-MIG200 + CARETA DE SOLDAR NIK-15903;COMBOS;COMBOS;GRUPO NIKATTO;Herramientas de Soldadura;soldadura:careta;alta;1631400
NIK-COMBODISCOS;COMBO DE DISCOS ABRASIVOS: INCLUYE 4-1/2¨, 7¨, 9¨Y 14¨;COMBOS;COMBOS;GRUPO NIKATTO;Herramientas Industriales;industrial;alta;15600
NIK-HERR1;4 NIK-HM5116 + 4 NIK-AG3103;COMBOS;COMBOS;GRUPO NIKATTO;Herramientas Eléctricas;combo:2 componentes;media;1302000
NIK-HERR2;2 NIK-HM5116 + 1 NIK-28700 + 4 NIK-AG3103 + 1 NIK-AG2830;COMBOS;COMBOS;GRUPO NIKATTO;Herramientas Eléctricas;combo:4 componentes;media;2439700
NIK-HERR3;NIK-HM5116 + NIK-HM9217 + NIK-CD1020 + NIK-CD1012 + NIK-AG3103 + NIK-AG2830;COMBOS;COMBOS;GRUPO NIKATTO;Herramientas Eléctricas;combo:6 componentes;media;1069200
NIK-HERR4;2 NIK-JS7701 + 2 NIK-HG1200 + 2 NIK-FS8410 + 2 NIK-BW6001;COMBOS;COMBOS;GRUPO NIKATTO;Herramientas Eléctricas;combo:4 componentes;media;3163400
NIK-PROM140;COMBO DE MAQUINA SOLDAR NIK-M140 + CARETA SOLDAR NIK-15902 + GUANTE PROWE-10-2112;COMBOS;COMBOS;GRUPO NIKATTO;Herramientas de Soldadura;soldadura:careta;alta;1574000
NIK-PROM200;COMBO DE MAQUINA SOLDAR NIK-M200 + CARETA SOLDAR NIK-15902 + GUANTE PROWE-10-2112;COMBOS;COMBOS;GRUPO NIKATTO;Herramientas de Soldadura;soldadura:careta;alta;1555300
NIK-PROM200E;COMBO DE MAQUINA SOLDAR NIK-MIG200E + CARETA SOLDAR NIK-15903;COMBOS;COMBOS;GRUPO NIKATTO;Herramientas de Soldadura;soldadura:careta;alta;1090300
NIK-PROM20W2;MÁQUINA DE SOLDAR NIK-MIG-20W2 + CARETA NIK-15901 + GUANTE PROWE-10-2112;COMBOS;COMBOS;GRUPO NIKATTO;Herramientas de Soldadura;soldadura:careta;alta;1249500
NIK-PULDIS;6 NIK-AG3103 + 10 NIK-12862;COMBOS;COMBOS;GRUPO NIKATTO;Herramientas Eléctricas;combo:2 componentes;media;881500
LIHS-0107514230;"GRATA COPA LISA DE 3"" X M14 REF 0107514230";CEPILLOS Y GRATAS;GRATAS;GRUPO NIKATTO;Herramientas Industriales;industrial:abrasivo;alta;224200
LIHS-0107558230;"GRATA COPA LISA DE 3"" EJE 5/8""";CEPILLOS Y GRATAS;GRATAS;GRUPO NIKATTO;Herramientas Industriales;industrial:abrasivo;alta;281800
LIHS-0110058230;"GRATA COPA LISA 4"" X 5/8"" 8.500 RPM REF. 0110058230";CEPILLOS Y GRATAS;GRATAS;GRUPO NIKATTO;Herramientas Industriales;industrial:abrasivo;alta;211200
LIHS-0112558230;"GRATA COPA LISA 5"" X 5/8"" 6.500 RPM REF. 0112558230";CEPILLOS Y GRATAS;GRATAS;GRUPO NIKATTO;Herramientas Industriales;industrial:abrasivo;alta;164100
LIHS-017330001;CEPILLO CURVO MANGO PLASTICO REF.017330001;CEPILLOS Y GRATAS;CEPILLOS;GRUPO NIKATTO;Herramientas Industriales;industrial:abrasivo;alta;212400
LIHS-0312530230;"GRATA CIRCULAR LISA 5"" 125 MM 8.500 RPM";CEPILLOS Y GRATAS;GRATAS;GRUPO NIKATTO;Herramientas Industriales;industrial:abrasivo;alta;18800
LIHS-0315050230;"GRATA CIRCULAR LISA 6"" REF. 6.OOO RPM";CEPILLOS Y GRATAS;GRATAS;GRUPO NIKATTO;Herramientas Industriales;industrial:abrasivo;alta;56700
LIHS-0320032230;"GRATA CIRCULAR LISA 8"" REF.0320032230";CEPILLOS Y GRATAS;GRATAS;GRUPO NIKATTO;Herramientas Industriales;industrial:abrasivo;alta;127800
LIHS-0325050230;"GRATA CIRCULAR LISA 10"" 3.600 RPM REF. 0325050230";CEPILLOS Y GRATAS;GRATAS;GRUPO NIKATTO;Herramientas Industriales;industrial:abrasivo;alta;56000
LIHS-04017062300;"GRATA TIPO ESCOBA 17M VASTAGO 1/4"" REF.04017 062300";CEPILLOS Y GRATAS;GRATAS;GRUPO NIKATTO;Herramientas Industriales;industrial:abrasivo;alta;103100
LIHS-04017062301;"GRATA TIPO ESCOBA 28MM VASTAGO 1/4"" REF. 04017062301";CEPILLOS Y GRATAS;GRATAS;GRUPO NIKATTO;Herramientas Industriales;industrial:abrasivo;alta;26800
LIHS-04025062300;"GRATA TIPO ESCOBA 25M VASTAGO 1/4"" REF. 04025062300";CEPILLOS Y GRATAS;GRATAS;GRUPO NIKATTO;Herramientas Industriales;industrial:abrasivo;alta;196500
LIHS-04028062300;"GRATA TIPO ESCOBA 28M VASTAGO 1/4"" REF. 04028062300";CEPILLOS Y GRATAS;GRATAS;GRUPO NIKATTO;Herramientas Industriales;industrial:abrasivo;alta;275600
LIHS-077133319;CEPILLO MADERA EN ACERO 3X19 REF.077133319;CEPILLOS Y GRATAS;CEPILLOS;GRUPO NIKATTO;Herramientas Industriales;industrial:abrasivo;alta;248600
LIHS-077430319;CEPILLO MADERA EN ACERO INOXIDABLE 3X19 REF.077430319;CEPILLOS Y GRATAS;CEPILLOS;GRUPO NIKATTO;Herramientas Industriales;industrial:abrasivo;alta;117000
LIHS-2106514135;"GRATA COPA ENTORCHADA 2.1/2"" X M14 X2";CEPILLOS Y GRATAS;GRATAS;GRUPO NIKATTO;Herramientas Industriales;industrial:abrasivo;alta;119500
LIHS-2106558150;"GRATA COPA ENTORCHADA 2.1/2"" X 5/8"" CALIBRE 0,50";CEPILLOS Y GRATAS;GRATAS;GRUPO NIKATTO;Herramientas Industriales;industrial:abrasivo;alta;116300
LIHS-2107510135;"GRATA COPA ENTORCHADA 3."" X M14 12.500RPM REF. 2107558150";CEPILLOS Y GRATAS;GRATAS;GRUPO NIKATTO;Herramientas Industriales;industrial:abrasivo;alta;146600
LIHS-2107558150;"GRATA COPA ENTORCHADA 3."" X 5/8"" 12.500RPM";CEPILLOS Y GRATAS;GRATAS;GRUPO NIKATTO;Herramientas Industriales;industrial:abrasivo;alta;82800
LIHS-2110014135;"GRATA COPA ENTORCHADA 4"" X M14 X 2 8.500 RPM";CEPILLOS Y GRATAS;GRATAS;GRUPO NIKATTO;Herramientas Industriales;industrial:abrasivo;alta;235500
LIHS-2110058150;"GRATA COPA ENTORCHADA 4"" X 5/8"" 8.500 RPM";CEPILLOS Y GRATAS;GRATAS;GRUPO NIKATTO;Herramientas Industriales;industrial:abrasivo;alta;298100
LIHS-2112014135;"GRATA COPA ENTORCHADA 5"" X M14 X 2";CEPILLOS Y GRATAS;GRATAS;GRUPO NIKATTO;Herramientas Industriales;industrial:abrasivo;alta;262500
LIHS-2112058150;"GRATA COPA ENTORCHADA 5"" X 5/8"" 6.500 RPM";CEPILLOS Y GRATAS;GRATAS;GRUPO NIKATTO;Herramientas Industriales;industrial:abrasivo;alta;54400
LIHS-3105006230;"GRATA COPA LISA 2"" EN BLISTERREF.3105006230";CEPILLOS Y GRATAS;GRATAS;GRUPO NIKATTO;Herramientas Industriales;industrial:abrasivo;alta;222500
LIHS-3107506230;"GRATA COPA LISA 3"" X 5/8"" EN BLISTER REF. 3107506230";CEPILLOS Y GRATAS;GRATAS;GRUPO NIKATTO;Herramientas Industriales;industrial:abrasivo;alta;260000
LIHS-4310058150;"GRATA CIRCULAR ENTORCHADA 4"" EJE 5/8"" 12.500 RPM";CEPILLOS Y GRATAS;GRATAS;GRUPO NIKATTO;Herramientas Industriales;industrial:abrasivo;alta;247300
LIHS-4311514135;"GRATA CIRCULAR ENTORCHADA 4"" X M14 REF.";CEPILLOS Y GRATAS;GRATAS;GRUPO NIKATTO;Herramientas Industriales;industrial:abrasivo;alta;74900
LIHS-4317558150;"GRATA CIRCULAR ENTORCHADA 7"" EJE 5/8""";CEPILLOS Y GRATAS;GRATAS;GRUPO NIKATTO;Herramientas Industriales;industrial:abrasivo;alta;173900
LIHS-4320014150;"GRATA CIRCULAR ENTORCHADA 7"" X M14 12500";CEPILLOS Y GRATAS;GRATAS;GRUPO NIKATTO;Herramientas Industriales;industrial:abrasivo;alta;207200
LIHS-5305006230;"GRATA CIRCULAR 50M VASTAGO 1/4"" REF. 53050006230";CEPILLOS Y GRATAS;GRATAS;GRUPO NIKATTO;Herramientas Industriales;industrial:abrasivo;alta;8500
LIHS-5307506230;"GRATA CIRCULAR 75M VASTAGO 1/4"" REF.5307506230";CEPILLOS Y GRATAS;GRATAS;GRUPO NIKATTO;Herramientas Industriales;industrial:abrasivo;alta;38600
LIHS-9033000005;KIT DE GRATA CIRCULAR LISA VASTAGO 1/4 REF 9033000005;CEPILLOS Y GRATAS;GRATAS;GRUPO NIKATTO;Herramientas Industriales;industrial:abrasivo;alta;87100
LIHS-9053310004;KIT DE CEPILLOS / GRATAS VASTAGO DE 1/4 4 PZAS REF. 9053310004;CEPILLOS Y GRATAS;CEPILLOS;GRUPO NIKATTO;Herramientas Industriales;industrial:abrasivo;alta;226900
LIHS-911111107;"KIT DE GRATA CIRCULAR / COPA 5/8"" MAS CEPILLO 5 PZAS REF. 911111107";CEPILLOS Y GRATAS;GRATAS;GRUPO NIKATTO;Herramientas Industriales;industrial:abrasivo;alta;83300
NIK-0107514230;"GRATA COPA LISA DE 3"" X M14 REF 0107514230";CEPILLOS Y GRATAS;GRATAS;GRUPO NIKATTO;Herramientas Industriales;industrial:abrasivo;alta;39100
NIK-0107558230;"GRATA COPA LISA DE 3"" EJE 5/8""";CEPILLOS Y GRATAS;GRATAS;GRUPO NIKATTO;Herramientas Industriales;industrial:abrasivo;alta;157200
NIK-0110058230;"GRATA COPA LISA 4"" X 5/8"" 8.500 RPM REF. 0110058230";CEPILLOS Y GRATAS;GRATAS;GRUPO NIKATTO;Herramientas Industriales;industrial:abrasivo;alta;211300
NIK-0112558230;"GRATA COPA LISA 5"" X 5/8"" 6.500 RPM REF. 0112558230";CEPILLOS Y GRATAS;GRATAS;GRUPO NIKATTO;Herramientas Industriales;industrial:abrasivo;alta;85000
NIK-017330001;CEPILLO CURVO MANGO PLASTICO REF.017330001;CEPILLOS Y GRATAS;CEPILLOS;GRUPO NIKATTO;Herramientas Industriales;industrial:abrasivo;alta;281900
NIK-0312530230;"GRATA CIRCULAR LISA 5"" 125 MM 8.500 RPM";CEPILLOS Y GRATAS;GRATAS;GRUPO NIKATTO;Herramientas Industriales;industrial:abrasivo;alta;256500
NIK-0315050230;"GRATA CIRCULAR LISA 6"" REF. 6.OOO RPM";CEPILLOS Y GRATAS;GRATAS;GRUPO NIKATTO;Herramientas Industriales;industrial:abrasivo;alta;8800
NIK-077133319;CEPILLO MADERA EN ACERO 3X19 REF.077133319;CEPILLOS Y GRATAS;CEPILLOS;GRUPO NIKATTO;Herramientas Industriales;industrial:abrasivo;alta;89700
NIK-077430319;CEPILLO MADERA EN ACERO INOXIDABLE 3X19 REF.077430319;CEPILLOS Y GRATAS;CEPILLOS;GRUPO NIKATTO;Herramientas Industriales;industrial:abrasivo;alta;195600
NIK-2106558150;"GRATA COPA ENTORCHADA 2.1/2"" X 5/8"" CALIBRE 0,50";CEPILLOS Y GRATAS;GRATAS;GRUPO NIKATTO;Herramientas Industriales;industrial:abrasivo;alta;88200
NIK-2107558150;"GRATA COPA ENTORCHADA 3."" X 5/8"" 12.500RPM";CEPILLOS Y GRATAS;GRATAS;GRUPO NIKATTO;Herramientas Industriales;industrial:abrasivo;alta;112600
NIK-2110058150;"GRATA COPA ENTORCHADA 4"" X 5/8"" 8.500 RPM";CEPILLOS Y GRATAS;GRATAS;GRUPO NIKATTO;Herramientas Industriales;industrial:abrasivo;alta;198000
NIK-2112058150;"GRATA COPA ENTORCHADA 5"" X 5/8"" 6.500 RPM";CEPILLOS Y GRATAS;GRATAS;GRUPO NIKATTO;Herramientas Industriales;industrial:abrasivo;alta;255500
NIK-3105006230;"GRATA COPA LISA 2"" EN BLISTERREF.3105006230";CEPILLOS Y GRATAS;GRATAS;GRUPO NIKATTO;Herramientas Industriales;industrial:abrasivo;alta;198400
NIK-4310058150;"GRATA CIRCULAR ENTORCHADA 4"" EJE 5/8"" 12.500 RPM";CEPILLOS Y GRATAS;GRATAS;GRUPO NIKATTO;Herramientas Industriales;industrial:abrasivo;alta;116700
NIK-4317558150;"GRATA CIRCULAR ENTORCHADA 7"" EJE 5/8""";CEPILLOS Y GRATAS;GRATAS;GRUPO NIKATTO;Herramientas Industriales;industrial:abrasivo;alta;250300
NIK-911111107;CEPILLO PROFESIONAL/SET 7PC;CEPILLOS Y GRATAS;CEPILLOS;GRUPO NIKATTO;Herramientas Industriales;industrial:abrasivo;alta;60400
DA-AMARILLO;MARCADOR PARA METAL AMARILLO REF.26063 DALO;DALO MARKER;DALO MARKER;GRUPO IMPORTADOS;Herramientas Industriales;industrial;alta;227100
DA-AZUL;MARCADOR PARA METAL AZUL DALO REF. 26013;DALO MARKER;DALO MARKER;GRUPO IMPORTADOS;Herramientas Industriales;industrial;alta;291800
DA-BLANCO;MARCADOR PARA METAL BLANCO DALO REF. 26083;DALO MARKER;DALO MARKER;GRUPO IMPORTADOS;Herramientas Industriales;industrial;alta;32500
DA-ROJO;MARCADOR PARA METAL ROJO DALO REF. 26023;DALO MARKER;DALO MARKER;GRUPO IMPORTADOS;Herramientas Industriales;industrial;alta;157000
DA-TEXTIL A;MARCADOR PARA TEXTIL AMARILLO DALO REF. 23063;DALO MARKER;DALO MARKER;GRUPO IMPORTADOS;Herramientas Industriales;industrial;alta;119200
DA-TEXTIL BL;MARCADOR PARA TEXTIL BLANCO DALO RF. 23083;DALO MARKER;DALO MARKER;GRUPO IMPORTADOS;Herramientas Industriales;industrial;alta;259000
DA-TEXTIL N;MARCADOR PARA TEXTIL NEGRO DALO REF. 23033;DALO MARKER;DALO MARKER;GRUPO IMPORTADOS;Herramientas Industriales;industrial;alta;159600
DA-TEXTIL R;MARCADOR PARA TEXTIL ROJO DALO RF. 23023;DALO MARKER;DALO MARKER;GRUPO IMPORTADOS;Herramientas Industriales;industrial;alta;278700
METAL-AZUL;MARCADOR PARA METAL AZUL;DALO MARKER;DALO MARKER;GRUPO IMPORTADOS;Herramientas Industriales;industrial;alta;265200
METAL-NEGRO;MARCADOR PARA METAL NEGRO;DALO MARKER;DALO MARKER;GRUPO IMPORTADOS;Herramientas Industriales;industrial;alta;123900
DI-AL 1080;"DISCO CORTE ALUMINIO 80 DIENTES 10""X1""";DISCOS DE ALUMINIO;DISCOS PARA ALUMINIO;GRUPO DRAGON TOOLS;Herramientas de Corte;corte;alta;128400
DI-AL 1280;"DISCO CORTE ALUMINIO 80 DIENTES 12""X1""";DISCOS DE ALUMINIO;DISCOS PARA ALUMINIO;GRUPO DRAGON TOOLS;Herramientas de Corte;corte;alta;82700
DI-AL10X60;"DISCO TUNGSTENO ALUMINIO 10X60X5/8""";DISCOS DE ALUMINIO;DISCOS PARA ALUMINIO;GRUPO DRAGON TOOLS;Herramientas de Corte;corte;alta;111600
DI-AL12X40;"DISCO TUNGSTENO ALUMINIO 12X40X1""";DISCOS DE ALUMINIO;DISCOS PARA ALUMINIO;GRUPO DRAGON TOOLS;Herramientas de Corte;corte;alta;76800
NIK-12640;"DISCO DE TRONZADORA PARA CORTE DE METAL DE 14"" EJE DE 1"" ESPESOR 3/32""";DISCOS ABRASIVOS;DISCOS ABRASIVOS;GRUPO NIKATTO;Herramientas de Corte;corte;alta;118700
NIK-12820;DISCO DE CORTE PARA METAL TIPO 42 4-1/2X1/8X7/8 PULG;DISCOS ABRASIVOS;DISCOS ABRASIVOS;GRUPO NIKATTO;Herramientas de Corte;corte;alta;22000
NIK-12830;"DISCO ABRASIVO DESBASTE TIPO 27 4-1/2 "" X 1/4"" X 7/8 "" (115 X 6 X 22.2 MM)";DISCOS ABRASIVOS;DISCOS ABRASIVOS;GRUPO NIKATTO;Herramientas de Corte;corte;alta;168700
NIK-12840;DISCO DE CORTE PARA METAL TIPO 42 7X1/8X7/8 PULG;DISCOS ABRASIVOS;DISCOS ABRASIVOS;GRUPO NIKATTO;Herramientas de Corte;corte;alta;137600
NIK-12850;"DISCO ABRASIVO DESBASTE TIPO 27 7 "" X 1/4 "" X 7/8 """;DISCOS ABRASIVOS;DISCOS ABRASIVOS;GRUPO NIKATTO;Herramientas de Corte;corte;alta;99200
NIK-12862;"DISCO FINO CORTE METAL & ACERO INOX T41 4-1/2"" X 0.045 ""X 7/8""";DISCOS ABRASIVOS;DISCOS ABRASIVOS;GRUPO NIKATTO;Herramientas de Corte;corte;alta;86800
NIK-12865;"DISCO FINO CORTE METAL & ACERO INOX. TIPO 41 7"" X 1/16 "" X 7/8""";DISCOS ABRASIVOS;DISCOS ABRASIVOS;GRUPO NIKATTO;Herramientas de Corte;corte;alta;13800
NIK-12867;"DISCO FINO CORTE METAL & ACERO INOX T41 9"" X .5/64 ""X 7/8""";DISCOS ABRASIVOS;DISCOS ABRASIVOS;GRUPO NIKATTO;Herramientas de Corte;corte;alta;65600
NIK-16308;"DISCO FLAP 4-1/2""X7/8"" G60";DISCOS ABRASIVOS;DISCOS ABRASIVOS;GRUPO NIKATTO;Herramientas de Corte;corte;alta;29100
NIK-16309;"DISCO FLAP 4-1/2""X7/8"" G80";DISCOS ABRASIVOS;DISCOS ABRASIVOS;GRUPO NIKATTO;Herramientas de Corte;corte;alta;174200
PROWE-12640;"DISCO DE TRONZADORA PARA CORTE DE METAL DE 14"" EJE DE 1"" ESPESOR 3/32""";DISCOS ABRASIVOS;DISCOS ABRASIVOS;GRUPO NIKATTO;Herramientas de Corte;corte;alta;147800
PROWE-12850;"DISCO ABRASIVO DESBASTE TIPO 27 7 "" X 1/4 "" X 7/8 """;DISCOS ABRASIVOS;DISCOS ABRASIVOS;GRUPO NIKATTO;Herramientas de Corte;corte;alta;26300
PROWE-12865;"DISCO FINO CORTE METAL & ACERO INOX. TIPO 41 7"" X 1/16 "" X 7/8""";DISCOS ABRASIVOS;DISCOS ABRASIVOS;GRUPO NIKATTO;Herramientas de Corte;corte;alta;120200
DI-14;"DISCO DIAMANTADO SEGMENTADO 14"" (350MM) X 24D X 1""";DISCOS DIAMANTADOS;DISCOS DIAMANTADOS;GRUPO DRAGON TOOLS;Herramientas de Corte;corte;alta;26600
DI-16;"DISCO DIAMANTADO PARA CONCRETO 16"" (405MM)";DISCOS DIAMANTADOS;DISCOS DIAMANTADOS;GRUPO DRAGON TOOLS;Herramientas de Corte;corte;alta;112600
DI-18;"DISCO DIAMANTADO PARA CONCRETO 18"" (455MM)";DISCOS DIAMANTADOS;DISCOS DIAMANTADOS;GRUPO DRAGON TOOLS;Herramientas de Corte;corte;alta;8200
DI-4;"DISCO DIAMANTADO SEGMENTADO PARA CONCRETO 4""-1/2"" (115MM)";DISCOS DIAMANTADOS;DISCOS DIAMANTADOS;GRUPO DRAGON TOOLS;Herramientas de Corte;corte;alta;57700
DI-7;"DISCO DIAMANTADO SEGMENTADO 7"" (178MM) X 14D X 5/8""";DISCOS DIAMANTADOS;DISCOS DIAMANTADOS;GRUPO DRAGON TOOLS;Herramientas de Corte;corte;alta;110800
DI-7T;"DISCO DIAMANTADO TURBO 7""(178MM) X 14D X 5/8"" HYSSA";DISCOS DIAMANTADOS;DISCOS DIAMANTADOS;GRUPO DRAGON TOOLS;Herramientas de Corte;corte;alta;106600
DI-9;"DISCO DIAMANTADO SEGMENTADO 9"" (230MM) X 16D X 7/8""";DISCOS DIAMANTADOS;DISCOS DIAMANTADOS;GRUPO DRAGON TOOLS;Herramientas de Corte;corte;alta;120900
DI-CON-4;"DISCO DIAMANTADO TIPO CONTINUO PARA CONCRETO 4""-1/2"" (115MM)";DISCOS DIAMANTADOS;DISCOS DIAMANTADOS;GRUPO DRAGON TOOLS;Herramientas de Corte;corte;alta;46600
DI-TUR-4;"DISCO DIAMANTADO TIPO TURBO PARA CONCRETO 4""-1/2"" (115MM)";DISCOS DIAMANTADOS;DISCOS DIAMANTADOS;GRUPO DRAGON TOOLS;Herramientas de Corte;corte;alta;75800
DI-TUR-9;"DISCO DIAMANTADO TIPO TURBO PARA CONCRETO 9"" (230MM) X 22.23MM";DISCOS DIAMANTADOS;DISCOS DIAMANTADOS;GRUPO DRAGON TOOLS;Herramientas de Corte;corte;alta;27600
DI-MAD 1060;"DISCO CORTE MADERA 60 DIENTES 10""X1""";DISCOS DE MADERA;DISCOS PARA MADERA;GRUPO DRAGON TOOLS;Herramientas de Corte;corte;alta;101000
DI-MAD 424;DISCO CORTE MADERA 24 DIENTES 4-1/2 X 7/8 X 5/8;DISCOS DE MADERA;DISCOS PARA MADERA;GRUPO DRAGON TOOLS;Herramientas de Corte;corte;alta;162000
DI-MAD 440;DISCO CORTE MADERA 40 DIENTES 4-1/2 X 7/8 X 5/8;DISCOS DE MADERA;DISCOS PARA MADERA;GRUPO DRAGON TOOLS;Herramientas de Corte;corte;alta;46800
DI-MAD 724;"DISCO CORTE MADERA 24 DIENTES 7-1/4X1""X5/8 CON ADAPTADOR DE 3/4 Y 7/8";DISCOS DE MADERA;DISCOS PARA MADERA;GRUPO DRAGON TOOLS;Herramientas de Corte;corte;alta;167200
DI-MAD 740;"DISCO CORTE MADERA 40 DIENTES 7-1/4X1""X5/8 CON ADAPTADOR DE 3/4 Y 7/8";DISCOS DE MADERA;DISCOS PARA MADERA;GRUPO DRAGON TOOLS;Herramientas de Corte;corte;alta;167600
DI-MAD 760;"DISCO CORTE MADERA 60 DIENTES 7-1/4X1""X5/8 CON ADAPTADOR DE 3/4 Y 7/8";DISCOS DE MADERA;DISCOS PARA MADERA;GRUPO DRAGON TOOLS;Herramientas de Corte;corte;alta;156200
DI-MAD 780;"DISCO CORTE MADERA 80 DIENTES 7-1/4X1""X5/8 CON ADAPTADOR DE 3/4 Y 7/8";DISCOS DE MADERA;DISCOS PARA MADERA;GRUPO DRAGON TOOLS;Herramientas de Corte;corte;alta;158900
DI-MAD 824;"DISCO CORTE MADERA 24 DIENTES 8-1/4X1""X5/8 CON ADAPTADOR DE 3/4 Y 7/8";DISCOS DE MADERA;DISCOS PARA MADERA;GRUPO DRAGON TOOLS;Herramientas de Corte;corte;alta;126300
DI-MAD 840;"DISCO CORTE MADERA 40 DIENTES 8-1/4X1""X5/8 CON ADAPTADOR DE 3/4 Y 7/8";DISCOS DE MADERA;DISCOS PARA MADERA;GRUPO DRAGON TOOLS;Herramientas de Corte;corte;alta;28700
DI-W10X24;"DISCO TUNGSTENO MADERA 10X24X5/8""";DISCOS DE MADERA;DISCOS PARA MADERA;GRUPO DRAGON TOOLS;Herramientas de Corte;corte;alta;57200
DI-W10X80;"DISCO TUNGSTENO MADERA 10X80X5/8""";DISCOS DE MADERA;DISCOS PARA MADERA;GRUPO DRAGON TOOLS;Herramientas de Corte;corte;alta;162400
DI-W7X40;"DISCO TUNGSTENO MADERA 7.1/4X40X5/8""";DISCOS DE MADERA;DISCOS PARA MADERA;GRUPO DRAGON TOOLS;Herramientas de Corte;corte;alta;51400
DI-W8X40;"DISCO TUNGSTENO MADERA 8.1/4X40X5/8""";DISCOS DE MADERA;DISCOS PARA MADERA;GRUPO DRAGON TOOLS;Herramientas de Corte;corte;alta;31600
GEN-PW1500;GENERADOR DE GASOLINA, MOTOR 2.8HP, POTENCIA NOMINAL 1.1 KW, 110-60HZ,12V,DC TANQUE COMBUSTIBLE: 6 LITROS;GENERADORES;GENERADORES;GRUPO PROWELD;Herramientas Eléctricas;electrica;alta;1774100
GEN-PW2200E2;GENERADOR DE GASOLINA-SOLDADOR, MOTOR 15.0HP, ARRANQUE ELECTRICO CON BATERIA 18AH, CORRIENTE MAXIMA 220A, CAPACIDAD DE ENTRADA 5.0KW, CORRIENTE SOLDADURA 50-220A, 110/220V-60HZ,1X12V, DC;GENERADORES;GENERADORES;GRUPO PROWELD;Herramientas de Soldadura;soldadura;alta;1652700
GEN-PW2500;GENERADOR DE GASOLINA, MOTOR 5.5HP, POTENCIA NOMINAL 2.4 KW, 110/220V-60HZ,12V,DC TANQUE COMBUSTIBLE: 15 LITROS;GENERADORES;GENERADORES;GRUPO PROWELD;Herramientas Eléctricas;electrica;alta;1606000
GEN-PW5500E2;GENERADOR DE GASOLINA, MOTOR 13.0HP, POTENCIA NOMINAL 5.0 KW, 110/220V-60HZ,12V,DC TANQUE COMBUSTIBLE: 25 LITROS;GENERADORES;GENERADORES;GRUPO PROWELD;Herramientas Eléctricas;electrica;alta;2301900
GEN-PW7500E2;GENERADOR DE GASOLINA, MOTOR 15.0HP, POTENCIA NOMINAL 6.6 KW, 110/220V-60HZ,12V,DC TANQUE COMBUSTIBLE: 25 LITROS;GENERADORES;GENERADORES;GRUPO PROWELD;Herramientas Eléctricas;electrica;alta;1767200
GEN-PW9500E2;GENERADOR DE GASOLINA, MOTOR 17.0HP, POTENCIA NOMINAL 8.5 KW, 110/220V-60HZ,12V,DC TANQUE COMBUSTIBLE: 25 LITROS;GENERADORES;GENERADORES;GRUPO PROWELD;Herramientas Eléctricas;electrica;alta;1974000
NIK-950G;GENERADOR PORTABLE DE GASOLINA, POTENCIA NOMINAL 900 KW, 110-60HZ,12V;GENERADORES;GENERADORES;GRUPO NIKATTO;Herramientas Eléctricas;electrica;alta;2676200
GR-VIPER579015;CORTA TUBO PVC DE 1.5/8;GRAINGER;PROM. ALIADOS NACIONALES;GRUPO GRAINGER;Herramientas de Corte;corte:corta*;alta;166000
COMPR-ACPRO20020;COMPRESOR DE AIRE CON MOTOR DE 2,0 HP, VOLTAJE DE ALIMENTACIÓN: 110 VOLTIOS/60 HZ/1HP, TANQUE HORIZONTAL DE 20 LITROS, CAUDAL MAXIMO 6,0 CFM, PRESION MAXIMA 125 PSI;HERRAMIENTAS DE AIRE;COMPRESORES;GRUPO NIKATTO;Herramientas de Aire;aire;alta;1793200
COMPR-ACPRO20080;COMPRESOR DE AIRE CON MOTOR DE 2,0 HP, VOLTAJE DE ALIMENTACIÓN: 110 VOLTIOS/60 HZ/1HP, TANQUE VERTICAL DE 80 LITROS, CAUDAL MAXIMO 7,0 CFM, PRESION MAXIMA 125 PSI;HERRAMIENTAS DE AIRE;COMPRESORES;GRUPO NIKATTO;Herramientas de Aire;aire;alta;1122900
NIK-00472;PISTOLA DE BAJA PRESIÓN 750CC CONEX 1/4 NPT;HERRAMIENTAS DE AIRE;PISTOLAS PARA PINTAR;GRUPO NIKATTO;Herramientas de Aire;aire;alta;1107600
NIK-00475;PISTOLA DE ALTA PRESIÓN 1000 CC CONEX 1/4 NPT;HERRAMIENTAS DE AIRE;PISTOLAS PARA PINTAR;GRUPO NIKATTO;Herramientas de Aire;aire;alta;1746900
NIK-00480;PISTOLA DE GRAVEDAD AERÓGRAFO CUERPO ALUMINIO 400CC;HERRAMIENTAS DE AIRE;PISTOLAS PARA PINTAR;GRUPO NIKATTO;Herramientas de Aire;aire;alta;923500
NIK-00481;PISTOLA DE GRAVEDAD AERÓGRAFO VASO PLÁSTICO 600CC;HERRAMIENTAS DE AIRE;PISTOLAS PARA PINTAR;GRUPO NIKATTO;Herramientas de Aire;aire;alta;1907900
NIK-00490;PISTOLA PARA PETROLIZAR PRESIÓN 1/4 NPT 50 A 90 PSI CAJA X 2 UNIDADES;HERRAMIENTAS DE AIRE;PISTOLAS PARA PINTAR;GRUPO NIKATTO;Herramientas de Aire;aire;alta;404200
NIK-AC1004;COMPRESOR DE AIRE CON MOTOR DE 1,0 HP, VOLTAJE DE ALIMENTACIÓN: 110 VOLTIOS/60 HZ/1HP, TANQUE HORIZONTAL DE 40 LITROS, CAUDAL MAXIMO 5,3 CFM, PRESION MAXIMA 115 PSI;HERRAMIENTAS DE AIRE;COMPRESORES;GRUPO NIKATTO;Herramientas de Aire;aire;alta;2055000
NIK-AC1501;COMPRESOR HORIZONTAL 10L, 1.5 HP, 115 PSI, 4.1 CFM, 110 VOLTIOS;HERRAMIENTAS DE AIRE;COMPRESORES;GRUPO NIKATTO;Herramientas de Aire;aire;alta;2382200
NIK-AC1914;REPUESTO - JUEGO DE ACOPLE Y CONECTORES RAPIDOS EN ACERO 5PZ;HERRAMIENTAS DE AIRE;REPUESTOS;GRUPO NIKATTO;Herramientas Eléctricas;electrica;alta;1457200
NIK-AC1915;REPUESTO - JUEGO DE ACOPLE Y CONECTORES EN ACERO 4PZ;HERRAMIENTAS DE AIRE;REPUESTOS;GRUPO NIKATTO;Herramientas Eléctricas;electrica;alta;3307200
NIK-AC1916;REPUESTO - CONECTOR RAPIDO DE ACERO CROMADO HEMBRA ROSCA1/4;HERRAMIENTAS DE AIRE;REPUESTOS;GRUPO NIKATTO;Herramientas Eléctricas;electrica;alta;864700
NIK-AC1917;REPUESTO - CONECTOR RAPIDO DE ACERO CROMADO HEMBRA MACHO;HERRAMIENTAS DE AIRE;REPUESTOS;GRUPO NIKATTO;Herramientas Eléctricas;electrica;alta;909500
NIK-AC1935;REPUESTO - JUEGO DE ACOPLES Y CONECTORES RAPIDOS LATON 4PZ;HERRAMIENTAS DE AIRE;REPUESTOS;GRUPO NIKATTO;Herramientas Eléctricas;electrica;alta;242200
NIK-AC1981;REPUESTO - JUEGO DE ACOPLES Y CONECTORES RAPIDOS LATON 5PZ;HERRAMIENTAS DE AIRE;REPUESTOS;GRUPO NIKATTO;Herramientas Eléctricas;electrica;alta;1713100
NIK-AC2002;COMPRESOR HORIZONTAL 20L, 2.0 HP, 115 PSI, 6.0 CFM, 110 VOLTIOS;HERRAMIENTAS DE AIRE;COMPRESORES;GRUPO NIKATTO;Herramientas de Aire;aire;alta;2395400
NIK-AC2007;COMPRESOR HORIZONTAL INDUSTRIAL 70L, 2.0 HP, 125PSI, 6.7 CFM, 110 VOLTIOS;HERRAMIENTAS DE AIRE;COMPRESORES;GRUPO NIKATTO;Herramientas de Aire;aire;alta;308200
NIK-AC2540;COMPRESOR HORIZONTAL 40L, 2.5 HP, 115 PSI, 7.3 CFM, 110;HERRAMIENTAS DE AIRE;COMPRESORES;GRUPO NIKATTO;Herramientas de Aire;aire;alta;538100
NIK-AC3012;COMPRESOR VERTICAL 120L, 3.0 HP, 125 PSI, 11.3 CFM, 110 VOLTIOS;HERRAMIENTAS DE AIRE;COMPRESORES;GRUPO NIKATTO;Herramientas de Aire;aire;alta;1683000
NIK-AC3520S;COMPRESOR SILENCIOSO LIBRE DE ACEITE 24L, 1.0 HP, 115PSI, 4.2 CFM, 110 VOLTIOS;HERRAMIENTAS DE AIRE;COMPRESORES;GRUPO NIKATTO;Herramientas de Aire;aire;alta;842200
NIK-AC4510S;COMPRESOR SILENCIOSO LIBRE DE ACEITE 6L, 0.75HP, 115PSI, 3.2 CFM, 110 VOLTIOS;HERRAMIENTAS DE AIRE;COMPRESORES;GRUPO NIKATTO;Herramientas de Aire;aire;alta;926100
PROWE-472;PISTOLA DE BAJA PRESIÓN 750CC CONEX 1/4 NPT;HERRAMIENTAS DE AIRE;PISTOLAS PARA PINTAR;GRUPO NIKATTO;Herramientas de Aire;aire;alta;913900
PROWE-475;PISTOLA DE ALTA PRESIÓN 1000 CC CONEX 1/4 NPT;HERRAMIENTAS DE AIRE;PISTOLAS PARA PINTAR;GRUPO NIKATTO;Herramientas de Aire;aire;alta;1081000
PROWE-480;PISTOLA DE GRAVEDAD AERÓGRAFO CUERPO ALUMINIO 400CC;HERRAMIENTAS DE AIRE;PISTOLAS PARA PINTAR;GRUPO NIKATTO;Herramientas de Aire;aire;alta;1636400
PROWE-481;PISTOLA DE GRAVEDAD AERÓGRAFO VASO PLÁSTICO 600CC;HERRAMIENTAS DE AIRE;PISTOLAS PARA PINTAR;GRUPO NIKATTO;Herramientas de Aire;aire;alta;609000
PROWE-490;PISTOLA PARA PETROLIZAR PRESIÓN 50 A 90 PSI;HERRAMIENTAS DE AIRE;PISTOLAS PARA PINTAR;GRUPO NIKATTO;Herramientas de Aire;aire;alta;1628800
MEC-20.421;ACEITERA 125CC 20.421 HDM-125CC;HERRAMIENTA AUTOMOTRIZ;ACEITERA;GRUPO NIKATTO;Herramienta Automotriz;automotriz;alta;185600
MEC-20.425;ACEITERA 500CC 20.425 HDM-500CC;HERRAMIENTA AUTOMOTRIZ;ACEITERA;GRUPO NIKATTO;Herramienta Automotriz;automotriz;alta;65700
MEC-BOMBA;BOMBA ROTATORIA DE ACEITE 20.410;HERRAMIENTA AUTOMOTRIZ;BOMBA PARA TANQUE;GRUPO NIKATTO;Herramienta Automotriz;automotriz;alta;196400
MEC-BOQUILLA;BOQUILLA HIDRAULICA P/ENGRASADORA 20.409C;HERRAMIENTA AUTOMOTRIZ;ENGRASADORAS;GRUPO NIKATTO;Herramienta Automotriz;automotriz;alta;730300
MEC-ENGRASADORA;ENGRASADORA CON PALANCA TUBO 20.409;HERRAMIENTA AUTOMOTRIZ;ENGRASADORAS;GRUPO NIKATTO;Herramienta Automotriz;automotriz;alta;570800
NIK-EN001;ENGRASADORA CON PALANCA TUBO 20.409;HERRAMIENTA AUTOMOTRIZ;ENGRASADORAS;GRUPO NIKATTO;Herramienta Automotriz;automotriz;alta;582200
ALAMBRE-NIK-CCA1135;"CABLE ALMA DE ACERO ALQUITRANADO (IWRC ) 6X19 X 1/4"" ROLLO DE 500 MTS";HERRAMIENTAS DE CARGA;CABLE DE ACERO;GRUPO NIKATTO;Herramientas de Carga;carga;alta;195500
ALAMBRE-NIK-CCA1138;"CABLE ALMA DE ACERO ALQUITRANADO 6X19 (IWRC) X 3/8"" ROLLO DE 250 MTS";HERRAMIENTAS DE CARGA;CABLE DE ACERO;GRUPO NIKATTO;Herramientas de Carga;carga;alta;358000
ALAMBRE-NIK-CCA1139;"CABLE ALMA DE ACERO ALQUITRANADO 6X19 (IWRC) X 3/8"" ROLLO DE 500 MTS";HERRAMIENTAS DE CARGA;CABLE DE ACERO;GRUPO NIKATTO;Herramientas de Carga;carga;alta;787800
ALAMBRE-NIK-CCA1140;"CABLE ALMA DE ACERO ALQUITRANADO 6X19 (IWRC)X 3/8"" ROLLO DE 1.000 MTS";HERRAMIENTAS DE CARGA;CABLE DE ACERO;GRUPO NIKATTO;Herramientas de Carga;carga;alta;542700
ALAMBRE-NIK-CCA1150;"CABLE ALMA DE ACERO ALQUITRANADO 6X19 (IWRC) X 1/2"" ROLLO DE 250 MTS";HERRAMIENTAS DE CARGA;CABLE DE ACERO;GRUPO NIKATTO;Herramientas de Carga;carga;alta;977900
ALAMBRE-NIK-CCA1151;"CABLE ALMA DE ACERO ALQUITRANADO 6X19(IWRC) X 1/2"" ROLLO DE 500 MTS";HERRAMIENTAS DE CARGA;CABLE DE ACERO;GRUPO NIKATTO;Herramientas de Carga;carga;alta;1523600
ALAMBRE-NIK-CCA1152;"CABLE ALMA DE ACERO ALQUITRANADO 6X19(IWRC) X 1/2"" ROLLO DE 1.000 MTS";HERRAMIENTAS DE CARGA;CABLE DE ACERO;GRUPO NIKATTO;Herramientas de Carga;carga;alta;1605900
ALAMBRE-NIK-CCA1160;"CABLE ALMA DE ACERO ALQUITRANADO 6X19(IWRC) X 5/8"" ROLLO DE 250 MTS";HERRAMIENTAS DE CARGA;CABLE DE ACERO;GRUPO NIKATTO;Herramientas de Carga;carga;alta;1164400
ALAMBRE-NIK-CCA1161;"CABLE ALMA DE ACERO ALQUITRANADO 6X19(IWRC) X 5/8"" ROLLO DE 500 MTS";HERRAMIENTAS DE CARGA;CABLE DE ACERO;GRUPO NIKATTO;Herramientas de Carga;carga;alta;769000
ALAMBRE-NIK-CCA1162;"CABLE ALMA DE ACERO ALQUITRANADO 6X19(IWRC) X 5/8"" ROLLO DE 1.000 MTS";HERRAMIENTAS DE CARGA;CABLE DE ACERO;GRUPO NIKATTO;Herramientas de Carga;carga;alta;1277500
ALAMBRE-NIK-CGC3619;"CABLE ACERO GALVANIZADO EN CALIENTE (IWRC)6X19 X 1/4"" ROLLO DE 500 MTS";HERRAMIENTAS DE CARGA;CABLE DE ACERO;GRUPO NIKATTO;Herramientas de Carga;carga;alta;1504900
ALAMBRE-NIK-CGC4619;"CABLE ACERO GALVANIZADO EN CALIENTE(IWRC) 6X19 X 5/16"" ROLLO DE 500 MTS";HERRAMIENTAS DE CARGA;CABLE DE ACERO;GRUPO NIKATTO;Herramientas de Carga;carga;alta;1505200
ALAMBRE-NIK-SGX171;"CABLE ACERO SUPER GX 1X7 X 1/16"" ROLLO DE 1.000 MTS";HERRAMIENTAS DE CARGA;CABLE DE ACERO;GRUPO NIKATTO;Herramientas de Carga;carga;alta;1945300
HC-1/16;"CABLE ALMA DE FIBRA GALV 6X7 1.5MM 1/16"" 500MTS";HERRAMIENTAS DE CARGA;CABLE DE ACERO;GRUPO NIKATTO;Herramientas de Carga;carga;alta;494100
HC-1/2;"CABLE ALMA DE FIBRA GALV 6X7 13.MM 1/2"" 500MTS";HERRAMIENTAS DE CARGA;CABLE DE ACERO;GRUPO NIKATTO;Herramientas de Carga;carga;alta;848300
HC-1/4;"CABLE ALMA DE FIBRA GALV 6X7 6.0MM 1/4"" 500MTS";HERRAMIENTAS DE CARGA;CABLE DE ACERO;GRUPO NIKATTO;Herramientas de Carga;carga;alta;144600
HC-1/4 6X19 X 500M;"CABLE ACERO GALV 6X19 6.0MM 1/4"" 500MTS";HERRAMIENTAS DE CARGA;CABLE DE ACERO;GRUPO NIKATTO;Herramientas de Carga;carga;alta;66800
HC-1/4(1000);"CABLE ALMA DE FIBRA GALV 6X7 6.0MM 1/4"" 1000MTS";HERRAMIENTAS DE CARGA;CABLE DE ACERO;GRUPO NIKATTO;Herramientas de Carga;carga;alta;1877900
HC-1/8;"CABLE ALMA DE FIBRA GALV 6X7 3.0MM 1/8"" 500MTS";HERRAMIENTAS DE CARGA;CABLE DE ACERO;GRUPO NIKATTO;Herramientas de Carga;carga;alta;1678800
HC-1200 LB;MALACATE DE MANIVELA CON CABLE 1200 LBS;HERRAMIENTAS DE CARGA;MALACATE;GRUPO NIKATTO;Herramientas de Carga;carga;alta;1962800
HC-3/16;"CABLE ALMA DE FIBRA GALV 6X7 5.0MM 3/16"" 500MTS";HERRAMIENTAS DE CARGA;CABLE DE ACERO;GRUPO NIKATTO;Herramientas de Carga;carga;alta;1347300
HC-3/8 6X19 X 500M;"CABLE ACERO GALV 6X19 9.5.MM 3/8"" 500MTS";HERRAMIENTAS DE CARGA;CABLE DE ACERO;GRUPO NIKATTO;Herramientas de Carga;carga;alta;837600
HC-5/16;"CABLE ALMA DE FIBRA GALV 6X7 8.0MM 5/16"" 500MTS";HERRAMIENTAS DE CARGA;CABLE DE ACERO;GRUPO NIKATTO;Herramientas de Carga;carga;alta;638200
HC-5/16 6X19 X 500M;"CABLE ACERO GALV 6X19 8.0MM 5/16"" 500MTS";HERRAMIENTAS DE CARGA;CABLE DE ACERO;GRUPO NIKATTO;Herramientas de Carga;carga;alta;573200
HC-600 LB;MALACATE DE MANIVELA CON CABLE 600 LBS;HERRAMIENTAS DE CARGA;MALACATE;GRUPO NIKATTO;Herramientas de Carga;carga;alta;1141100
HC-F1/16 X 3/32;"CABLE ALMA DE FIBRA FORR PVC 1.5-2MM 1/16-3/32"" 500MTS";HERRAMIENTAS DE CARGA;CABLE FORRADO;GRUPO NIKATTO;Herramientas de Carga;carga;alta;1547600
HC-F1/4;"CABLE ALMA DE FIBRA FORR PVC 6.0-8MM 1/4-5/16"" 200MTS";HERRAMIENTAS DE CARGA;CABLE FORRADO;GRUPO NIKATTO;Herramientas de Carga;carga;alta;648000
HC-F1/4 X 5/16;"CABLE ALMA DE FIBRA FORR PVC 6.0-8MM 1/4-5/16"" 500MTS";HERRAMIENTAS DE CARGA;CABLE FORRADO;GRUPO NIKATTO;Herramientas de Carga;carga;alta;660400
HC-F1/8;"CABLE ALAM DE FIBRA FORR PVC 3.0-6MM 1/8-1/4"" 500MTS";HERRAMIENTAS DE CARGA;CABLE FORRADO;GRUPO NIKATTO;Herramientas de Carga;sublinea:CABLE FORRADO;media;1015200
HC-F1/8 X 3/16;"CABLE ALMA DE FIBRA FORR PVC 3MM-4MM 1/8""X3/16"" 500MTS";HERRAMIENTAS DE CARGA;CABLE FORRADO;GRUPO NIKATTO;Herramientas de Carga;carga;alta;867400
HC-F3/16;"CABLE ALMA DE FIBRA FORR PVC 4.0-6MM 3/16-1/4"" 500MTS";HERRAMIENTAS DE CARGA;CABLE FORRADO;GRUPO NIKATTO;Herramientas de Carga;carga;alta;547700
HC-F3/32 X 1/8;"CABLE ALMA DE FIBRA FORR PVC 2MM-3MM 3/32""X1/8"" 500MTS";HERRAMIENTAS DE CARGA;CABLE FORRADO;GRUPO NIKATTO;Herramientas de Carga;carga;alta;1114100
HC-F5/64G;"CABLE FORR PVC 2.0MM 5/64"" X 1/4"" 200MTS";HERRAMIENTAS DE CARGA;CABLE FORRADO;GRUPO NIKATTO;Herramientas de Carga;sublinea:CABLE FORRADO;media;806000
HC-G0.50;GANCHO P/CARGA C/SEGURO 0.50 TON;HERRAMIENTAS DE CARGA;GANCHO PARA CARGA;GRUPO NIKATTO;Herramientas de Carga;carga;alta;1528300
HC-G0.75;GANCHO P/CARGA C/SEGURO 0.75 TON;HERRAMIENTAS DE CARGA;GANCHO PARA CARGA;GRUPO NIKATTO;Herramientas de Carga;carga;alta;1129300
HC-G01;GANCHO P/CARGA C/SEGURO 1TON;HERRAMIENTAS DE CARGA;GANCHO PARA CARGA;GRUPO NIKATTO;Herramientas de Carga;carga;alta;893400
HC-G02;GANCHO P/CARGA C/SEGURO 2TON;HERRAMIENTAS DE CARGA;GANCHO PARA CARGA;GRUPO NIKATTO;Herramientas de Carga;carga;alta;761200
HC-G03;GANCHO P/CARGA C/SEGURO 3TON;HERRAMIENTAS DE CARGA;GANCHO PARA CARGA;GRUPO NIKATTO;Herramientas de Carga;carga;alta;1323300
HC-G05;GANCHO P/CARGA C/SEGURO 5TON;HERRAMIENTAS DE CARGA;GANCHO PARA CARGA;GRUPO NIKATTO;Herramientas de Carga;carga;alta;1731100
HC-G1.5;GANCHO P/CARGA C/SEGURO 1.5TON;HERRAMIENTAS DE CARGA;GANCHO PARA CARGA;GRUPO NIKATTO;Herramientas de Carga;carga;alta;1915000
HC-G1/2;GANCHO P/CARGA C/SEGURO 1/2TON;HERRAMIENTAS DE CARGA;GANCHO PARA CARGA;GRUPO NIKATTO;Herramientas de Carga;carga;alta;525200
HC-G3/4;GANCHO P/CARGA C/SEGURO 3/4TON;HERRAMIENTAS DE CARGA;GANCHO PARA CARGA;GRUPO NIKATTO;Herramientas de Carga;carga;alta;1076700
HC-G3/8;"GANCHO CARGA DICROMADO 3/8""";HERRAMIENTAS DE CARGA;GANCHO PARA CARGA;GRUPO NIKATTO;Herramientas de Carga;carga;alta;1595500
HC-NIK-HPU-002;MALACATE / GARRUCHA 2 TON;HERRAMIENTAS DE CARGA;MALACATE;GRUPO NIKATTO;Herramientas de Carga;carga;alta;401100
HC-NIK-HPU-004;MALACATE / GARRUCHA 4 TON;HERRAMIENTAS DE CARGA;MALACATE;GRUPO NIKATTO;Herramientas de Carga;carga;alta;187000
HC-P1/2;"PERROS P/CABLE DE 13MM-1/2"" (12MM)";HERRAMIENTAS DE CARGA;PERROS;GRUPO NIKATTO;Herramientas de Carga;carga;alta;114000
HC-P1/4;"PERROS P/CABLE DE 6MM-1/4""";HERRAMIENTAS DE CARGA;PERROS;GRUPO NIKATTO;Herramientas de Carga;carga;alta;754200
HC-P1/8;"PERROS P/CABLE DE 3MM-1/8""";HERRAMIENTAS DE CARGA;PERROS;GRUPO NIKATTO;Herramientas de Carga;carga;alta;928000
HC-P3/16;"PERROS P/CABLE DE 5MM-3/16""";HERRAMIENTAS DE CARGA;PERROS;GRUPO NIKATTO;Herramientas de Carga;carga;alta;894100
HC-P3/8;"PERROS P/CABLE DE 10MM-3/8""";HERRAMIENTAS DE CARGA;PERROS;GRUPO NIKATTO;Herramientas de Carga;carga;alta;1468100
HC-P5/16;"PERROS P/CABLE DE 8MM-5/16""";HERRAMIENTAS DE CARGA;PERROS;GRUPO NIKATTO;Herramientas de Carga;carga;alta;287400
HC-P5/8;"PERROS P/CABLE DE 16MM-5/8""";HERRAMIENTAS DE CARGA;PERROS;GRUPO NIKATTO;Herramientas de Carga;carga;alta;460500
HC-PD1/2;"POLEITAS DOBLE ZINC 1/2""";HERRAMIENTAS DE CARGA;POLEAS;GRUPO NIKATTO;Herramientas de Carga;sublinea:POLEAS;media;259100
HC-PD1/4;"POLEITAS DOBLE ZINC 1.1/4""";HERRAMIENTAS DE CARGA;POLEAS;GRUPO NIKATTO;Herramientas de Carga;sublinea:POLEAS;media;990400
HC-POLIPASTO 5/16;"POLIPASTO CON RATCHET 5/16"" X 3/8""";HERRAMIENTAS DE CARGA;POLIPASTOS;GRUPO NIKATTO;Herramientas de Carga;carga;alta;1015000
HC-PS1/4;"POLEITAS SENCILLAS ZINC 1.1/4""";HERRAMIENTAS DE CARGA;POLEAS;GRUPO NIKATTO;Herramientas de Carga;sublinea:POLEAS;media;621100
HC-T1/4;"TENSOR HIERRO 6 X 100M - 1/4"" X 6MM";HERRAMIENTAS DE CARGA;TENSORES;GRUPO NIKATTO;Herramientas de Carga;carga;alta;343300
HC-T3/16;"TENSOR HIERRO 5 X 70M - 3/16"" X 5MM";HERRAMIENTAS DE CARGA;TENSORES;GRUPO NIKATTO;Herramientas de Carga;carga;alta;328200
HC-T3/4;"TENSOR HIERRO 20 X 300M - 3/4"" X 12";HERRAMIENTAS DE CARGA;TENSORES;GRUPO NIKATTO;Herramientas de Carga;carga;alta;756200
HC-T3/8;"TENSOR HIERRO 10 X 150M - 3/8"" X 10MM";HERRAMIENTAS DE CARGA;TENSORES;GRUPO NIKATTO;Herramientas de Carga;carga;alta;1623900
HC-T5/16;"TENSOR HIERRO 7.5 X 125M - 5/16"" X 8MM";HERRAMIENTAS DE CARGA;TENSORES;GRUPO NIKATTO;Herramientas de Carga;carga;alta;624700
NIK-CAG1619;"CABLE ALMA DE FIBRA GALV 6X19 6.0MM 1/4"" 500MTS";HERRAMIENTAS DE CARGA;CABLE DE ACERO;GRUPO NIKATTO;Herramientas de Carga;carga;alta;1628600
NIK-CAG2619;"CABLE ALMA DE FIBRA GALV 6X19 9.5MM 3/8"" 500MTS";HERRAMIENTAS DE CARGA;CABLE DE ACERO;GRUPO NIKATTO;Herramientas de Carga;carga;alta;1507700
NIK-CAG3160;"CABLE DE ACERO GALV 6X19 5.0MM 3/16"" 500MTS";HERRAMIENTAS DE CARGA;CABLE DE ACERO;GRUPO NIKATTO;Herramientas de Carga;carga;alta;626300
NIK-CAG4150;"CABLE DE ACERO GALV 6X19 8.0MM 5/16"" 500MTS";HERRAMIENTAS DE CARGA;CABLE DE ACERO;GRUPO NIKATTO;Herramientas de Carga;carga;alta;1840700
NIK-CAG6710;"CABLE ALMA DE FIBRA GALV 6X7 1.5MM 1/16"" 500MTS";HERRAMIENTAS DE CARGA;CABLE DE ACERO;GRUPO NIKATTO;Herramientas de Carga;carga;alta;1368500
NIK-CAG6720;"CABLE ALMA DE FIBRA GALV 6X7 6.0MM 1/4"" 500MTS";HERRAMIENTAS DE CARGA;CABLE DE ACERO;GRUPO NIKATTO;Herramientas de Carga;carga;alta;1711100
NIK-CAG6730;"CABLE ALMA DE FIBRA GALV 6X7 3.0MM 1/8"" 500MTS";HERRAMIENTAS DE CARGA;CABLE DE ACERO;GRUPO NIKATTO;Herramientas de Carga;carga;alta;637000
NIK-CAG6731;"CABLE ALMA DE FIBRA GALV 6X7 3.0MM 1/8"" 1.000MTS";HERRAMIENTAS DE CARGA;CABLE DE ACERO;GRUPO NIKATTO;Herramientas de Carga;carga;alta;1431700
NIK-CAG6740;"CABLE ALMA DE FIBRA GALV 6X7 5.0MM 3/16"" 500MTS";HERRAMIENTAS DE CARGA;CABLE DE ACERO;GRUPO NIKATTO;Herramientas de Carga;carga;alta;1044200
NIK-CAG6750;"CABLE ALMA DE FIBRA GALV 6X7 8.0MM 5/16"" 500MTS";HERRAMIENTAS DE CARGA;CABLE DE ACERO;GRUPO NIKATTO;Herramientas de Carga;carga;alta;72000
NIK-CCA1130;"CABLE ALMA DE ACERO 6X19 IWRC X 1/4"" ROLLO DE 250 MTS";HERRAMIENTAS DE CARGA;CABLE DE ACERO;GRUPO NIKATTO;Herramientas de Carga;carga;alta;261300
NIK-CCA1135;"CABLE ALMA DE ACERO ALQUITRANADO (IWRC ) 6X19 X 1/4"" ROLLO DE 500 MTS";HERRAMIENTAS DE CARGA;CABLE DE ACERO;GRUPO NIKATTO;Herramientas de Carga;carga;alta;1107300
NIK-CCA1137;"CABLE ALMA DE ACERO ALQUITRANADO (IWRC ) 6X19 X 1/4"" ROLLO DE 1.000 MTS";HERRAMIENTAS DE CARGA;CABLE DE ACERO;GRUPO NIKATTO;Herramientas de Carga;carga;alta;110100
NIK-CCA1138;"CABLE ALMA DE ACERO ALQUITRANADO 6X19 (IWRC) X 3/8"" ROLLO DE 250 MTS";HERRAMIENTAS DE CARGA;CABLE DE ACERO;GRUPO NIKATTO;Herramientas de Carga;carga;alta;876000
NIK-CCA1139;"CABLE ALMA DE ACERO ALQUITRANADO 6X19 (IWRC) X 3/8"" ROLLO DE 500 MTS";HERRAMIENTAS DE CARGA;CABLE DE ACERO;GRUPO NIKATTO;Herramientas de Carga;carga;alta;1290000
NIK-CCA1140;"CABLE ALMA DE ACERO ALQUITRANADO 6X19 (IWRC)X 3/8"" ROLLO DE 1.000 MTS";HERRAMIENTAS DE CARGA;CABLE DE ACERO;GRUPO NIKATTO;Herramientas de Carga;carga;alta;516100
NIK-CCA1150;"CABLE ALMA DE ACERO ALQUITRANADO 6X19 (IWRC) X 1/2"" ROLLO DE 250 MTS";HERRAMIENTAS DE CARGA;CABLE DE ACERO;GRUPO NIKATTO;Herramientas de Carga;carga;alta;1901400
NIK-CCA1151;"CABLE ALMA DE ACERO ALQUITRANADO 6X19(IWRC) X 1/2"" ROLLO DE 500 MTS";HERRAMIENTAS DE CARGA;CABLE DE ACERO;GRUPO NIKATTO;Herramientas de Carga;carga;alta;1072000
NIK-CCA1152;"CABLE ALMA DE ACERO ALQUITRANADO 6X19(IWRC) X 1/2"" ROLLO DE 1.000 MTS";HERRAMIENTAS DE CARGA;CABLE DE ACERO;GRUPO NIKATTO;Herramientas de Carga;carga;alta;59300
NIK-CCA1160;"CABLE ALMA DE ACERO ALQUITRANADO 6X19(IWRC) X 5/8"" ROLLO DE 250 MTS";HERRAMIENTAS DE CARGA;CABLE DE ACERO;GRUPO NIKATTO;Herramientas de Carga;carga;alta;898300
NIK-CCA1161;"CABLE ALMA DE ACERO ALQUITRANADO 6X19(IWRC) X 5/8"" ROLLO DE 500 MTS";HERRAMIENTAS DE CARGA;CABLE DE ACERO;GRUPO NIKATTO;Herramientas de Carga;carga;alta;1788000
NIK-CCA1162;"CABLE ALMA DE ACERO ALQUITRANADO 6X19(IWRC) X 5/8"" ROLLO DE 1.000 MTS";HERRAMIENTAS DE CARGA;CABLE DE ACERO;GRUPO NIKATTO;Herramientas de Carga;carga;alta;512000
NIK-CGC2619;"CABLE ALMA DE ACERO GALVANIZADO EN CALIENTE (IWRC)6X19 X 3/16"" ROLLO DE 500 MTS";HERRAMIENTAS DE CARGA;CABLE DE ACERO;GRUPO NIKATTO;Herramientas de Carga;carga;alta;780100
NIK-CGC3619;"CABLE ALMA DE ACERO GALVANIZADO EN CALIENTE (IWRC)6X19 X 1/4"" ROLLO DE 500 MTS";HERRAMIENTAS DE CARGA;CABLE DE ACERO;GRUPO NIKATTO;Herramientas de Carga;carga;alta;1841600
NIK-CGC4619;"CABLE ALMA DE ACERO GALVANIZADO EN CALIENTE(IWRC) 6X19 X 5/16"" ROLLO DE 500 MTS";HERRAMIENTAS DE CARGA;CABLE DE ACERO;GRUPO NIKATTO;Herramientas de Carga;carga;alta;1400500
NIK-CGC5619;"CABLE ALMA DE ACERO GALVANIZADO EN CALIENTE(IWRC) 6X19 X 3/8"" ROLLO DE 500 MTS";HERRAMIENTAS DE CARGA;CABLE DE ACERO;GRUPO NIKATTO;Herramientas de Carga;carga;alta;1175000
NIK-CGC66192;"CABLE ALMA DE ACERO GALVANIZADO EN CALIENTE(IWRC) 6X19 X 1/2"" ROLLO DE 250 MTS";HERRAMIENTAS DE CARGA;CABLE DE ACERO;GRUPO NIKATTO;Herramientas de Carga;carga;alta;1707700
NIK-CGC66195;"CABLE ALMA DE ACERO GALVANIZADO EN CALIENTE(IWRC) 6X19 X 1/2"" ROLLO DE 500 MTS";HERRAMIENTAS DE CARGA;CABLE DE ACERO;GRUPO NIKATTO;Herramientas de Carga;carga;alta;586800
NIK-CGC66196;"CABLE ALMA DE ACERO GALVANIZADO EN CALIENTE(IWRC) 6X19 X 1/2"" ROLLO DE 1.000 MTS";HERRAMIENTAS DE CARGA;CABLE DE ACERO;GRUPO NIKATTO;Herramientas de Carga;carga;alta;531100
NIK-CGC76191;"CABLE ALMA DE ACERO GALVANIZADO EN CALIENTE(IWRC) 6X19 X 5/8"" ROLLO DE 1000 MTS";HERRAMIENTAS DE CARGA;CABLE DE ACERO;GRUPO NIKATTO;Herramientas de Carga;carga;alta;389800
NIK-CGC76192;"CABLE ALMA DE ACERO GALVANIZADO EN CALIENTE(IWRC) 6X19 X 5/8"" ROLLO DE 250 MTS";HERRAMIENTAS DE CARGA;CABLE DE ACERO;GRUPO NIKATTO;Herramientas de Carga;carga;alta;766200
NIK-CGC76195;"CABLE ALMA DE ACERO GALVANIZADO EN CALIENTE(IWRC) 6X19 X 5/8"" ROLLO DE 500 MTS";HERRAMIENTAS DE CARGA;CABLE DE ACERO;GRUPO NIKATTO;Herramientas de Carga;carga;alta;850000
NIK-CH1001;DIFERENCIAL DE CADENA 1 TON X 3MT;HERRAMIENTAS DE CARGA;DIFERENCIALES DE CADENA;GRUPO NIKATTO;Herramientas de Carga;carga;alta;1478400
NIK-CH1002;DIFERENCIAL DE CADENA 2 TON X 3MT;HERRAMIENTAS DE CARGA;DIFERENCIALES DE CADENA;GRUPO NIKATTO;Herramientas de Carga;carga;alta;1332000
NIK-CH1003;DIFERENCIAL DE CADENA 3 TON X 3MT;HERRAMIENTAS DE CARGA;DIFERENCIALES DE CADENA;GRUPO NIKATTO;Herramientas de Carga;carga;alta;1259200
NIK-CH1005;DIFERENCIAL DE CADENA 5 TON X 3MT;HERRAMIENTAS DE CARGA;DIFERENCIALES DE CADENA;GRUPO NIKATTO;Herramientas de Carga;carga;alta;1121700
NIK-CL100;"REATA CARGA T/RATCHET 1"" (25MM), 4MT, 800LBS";HERRAMIENTAS DE CARGA;REATAS;GRUPO NIKATTO;Herramientas de Carga;carga;alta;267600
NIK-CL200;"REATA CARGA T/RATCHET 2"" (50MM), 7.5MT, 4400LBS";HERRAMIENTAS DE CARGA;REATAS;GRUPO NIKATTO;Herramientas de Carga;carga;alta;1626400
NIK-CL300;"REATA CARGA T/RATCHET 3"" (75MM), 7.5MT, 5000LBS";HERRAMIENTAS DE CARGA;REATAS;GRUPO NIKATTO;Herramientas de Carga;carga;alta;622900
NIK-CL400;"REATA CARGA T/RATCHET 4"" (100MM), 7.5MT, 6600LBS";HERRAMIENTAS DE CARGA;REATAS;GRUPO NIKATTO;Herramientas de Carga;carga;alta;1377200
NIK-DI2001;DIFERENCIAL INDUSTRIAL 1 TON X 3MT;HERRAMIENTAS DE CARGA;DIFERENCIALES DE CADENA;GRUPO NIKATTO;Herramientas de Carga;carga;alta;497800
NIK-DI2002;DIFERENCIAL INDUSTRIAL 2 TON X 3MT;HERRAMIENTAS DE CARGA;DIFERENCIALES DE CADENA;GRUPO NIKATTO;Herramientas de Carga;carga;alta;1524200
NIK-DI2003;DIFERENCIAL INDUSTRIAL 3 TON X 3MT;HERRAMIENTAS DE CARGA;DIFERENCIALES DE CADENA;GRUPO NIKATTO;Herramientas de Carga;carga;alta;682700
NIK-DI2005;DIFERENCIAL INDUSTRIAL 5 TON X 3MT;HERRAMIENTAS DE CARGA;DIFERENCIALES DE CADENA;GRUPO NIKATTO;Herramientas de Carga;carga;alta;444500
NIK-LH0170;DIFERENCIAL DE PALANCA 1.5 TON X 1.5 MTS;HERRAMIENTAS DE CARGA;DIFERENCIALES DE PALANCA;GRUPO NIKATTO;Herramientas de Carga;carga;alta;1126800
NIK-LH0750;DIFERENCIAL DE PALANCA 0.75 TON X 1.5 MTS;HERRAMIENTAS DE CARGA;DIFERENCIALES DE PALANCA;GRUPO NIKATTO;Herramientas de Carga;carga;alta;43300
NIK-PTR-20;ESTIBADORA MANUAL 2000KG;HERRAMIENTAS DE CARGA;ESTIBADORAS;GRUPO NIKATTO;Herramientas de Carga;carga;alta;1638400
NIK-PTR-35;ESTIBADORA MANUAL 3500KG;HERRAMIENTAS DE CARGA;ESTIBADORAS;GRUPO NIKATTO;Herramientas de Carga;carga;alta;321900
NIK-RAT-158;"POLIPASTO CON RATCHET 1/2"" X 5/8""";HERRAMIENTAS DE CARGA;POLIPASTOS;GRUPO NIKATTO;Herramientas de Carga;carga;alta;1501500
NIK-RAT-312;"POLIPASTO CON RATCHET 3/8"" X 1/2""";HERRAMIENTAS DE CARGA;POLIPASTOS;GRUPO NIKATTO;Herramientas de Carga;carga;alta;1845500
NIK-RAT-538;"POLIPASTO CON RATCHET 5/16"" X 3/8""";HERRAMIENTAS DE CARGA;POLIPASTOS;GRUPO NIKATTO;Herramientas de Carga;carga;alta;290200
NIK-SGX171;"CABLE ACERO SUPER GX 1X7 X 1/16"" ROLLO DE 1.000 MTS";HERRAMIENTAS DE CARGA;CABLE DE ACERO;GRUPO NIKATTO;Herramientas de Carga;carga;alta;1479400
NIK-SGX178;"CABLE ACERO SUPER GX 1X7 X 1/8"" ROLLO DE 1.000 MTS";HERRAMIENTAS DE CARGA;CABLE DE ACERO;GRUPO NIKATTO;Herramientas de Carga;carga;alta;1556800
REA-XH11-4400LB;"REATA CARGA T/RATCHET 2"" (50MM), 7.5MT, 4400LBS - COLOR AMARILLO";HERRAMIENTAS DE CARGA;REATAS;GRUPO NIKATTO;Herramientas de Carga;carga;alta;349600
RU-2000;ESTIBADORA MANUAL 2000KG DB2000;HERRAMIENTAS DE CARGA;ESTIBADORAS;GRUPO NIKATTO;Herramientas de Carga;carga;alta;166000
HHM-COR TUB 3-28;"HANDYMAN CORTATUBO 3-28MM (1/8-1-1/8"")";HANDYMAN HERRAMIENTA MANUAL;CORTATUBO;GRUPO OTRAS LINEAS;Herramientas Industriales;industrial;alta;117500
HHM-CRP-06X20MT;HANDYMAN DECAMETRO 20MTS CRP-06;HANDYMAN HERRAMIENTA MANUAL;MEDICION Y MARCACION;GRUPO OTRAS LINEAS;Herramientas de Medición;medicion;alta;103300
HHM-PAL PLAS 7;"HANDYMAN PALUSTRE MANGO PLASTICO 7""";HANDYMAN HERRAMIENTA MANUAL;PALUSTRES;GRUPO OTRAS LINEAS;Herramientas Manuales;manual;alta;119500
BALD-MT116A-2;"CORTABALDOSA 400MM (16"") DIAM 30-80MM MT116A-2";HERRAMIENTA MANUAL;CORTABALDOSAS;GRUPO NIKATTO;Herramientas de Corte;corte:corta*;alta;155900
BALD-MW163;CUCHILLA REPUESTO CORTABALDOSAS 16 X 6 X 3 MW163;HERRAMIENTA MANUAL;CORTABALDOSAS;GRUPO NIKATTO;Herramientas de Corte;corte:corta*;alta;179100
BALD-MW222 (10.5);CUCHILLA REPUESTO CORTABALDOSAS 22 X 10.5 X 2MM MW222 (10.5);HERRAMIENTA MANUAL;CORTABALDOSAS;GRUPO NIKATTO;Herramientas de Corte;corte:corta*;alta;54300
BALD-MW222 (6);CUCHILLA REPUESTO CORTABALDOSAS 22 X 6 X 2MM MW222 (6);HERRAMIENTA MANUAL;CORTABALDOSAS;GRUPO NIKATTO;Herramientas de Corte;corte:corta*;alta;150300
HDM-100-02;"ALICATE ELECTRICISTA 8"" ( 200MM ) - 1000V VDE";HERRAMIENTA MANUAL;ALICATES;GRUPO NIKATTO;Herramientas Manuales;manual;alta;75200
HDM-100-03;"ALICATE CORTE DIAGONAL ALTO PODER 7""( 175 MM ) - 1000V VDE";HERRAMIENTA MANUAL;ALICATES;GRUPO NIKATTO;Herramientas Manuales;manual;alta;128600
HDM-100-04;"ALICATE CORTE DIAGONAL 6 - 1/4""( 150 MM ) - 1000V VDE";HERRAMIENTA MANUAL;ALICATES;GRUPO NIKATTO;Herramientas Manuales;manual;alta;207700
HDM-100-06;"ALICATE PUNTA LARGA 6-1/2""( 165 MM ) - 1000V VDE";HERRAMIENTA MANUAL;ALICATES;GRUPO NIKATTO;Herramientas Manuales;manual;alta;31100
HDM-100-07;"ALICATE PUNTA LARGA 8-1/4""( 210MM ) - 1000V VDE";HERRAMIENTA MANUAL;ALICATES;GRUPO NIKATTO;Herramientas Manuales;manual;alta;12100
HDM-100-11;JUEGO DE ALICATE 3 PIEZAS ESCTUCHE PLÁSTICO 1000V VDE;HERRAMIENTA MANUAL;ALICATES;GRUPO NIKATTO;Herramientas Manuales;manual;alta;192300
HDM-100-12;"ALICATE DE CORTE DIAGONAL ALTO PODER 6"" ( 152MM ) MANGO ERGONÓMICO ANTI-DESLIZANTE";HERRAMIENTA MANUAL;ALICATES;GRUPO NIKATTO;Herramientas Manuales;manual;alta;90600
HDM-100-13;ALICATE DE CORTE DIAGONAL DE ALTO PODER 8 PULG (203 MM) MANGO ERGONÓMICO ANTI-DESLIZANTE;HERRAMIENTA MANUAL;ALICATES;GRUPO NIKATTO;Herramientas Manuales;manual;alta;141000
HDM-100-14;"ALICATE ELECTRICISTA 7"" ( 178 MM ) MANGO ERGONÓMICO ANTI-DESLIZANTE";HERRAMIENTA MANUAL;ALICATES;GRUPO NIKATTO;Herramientas Manuales;manual;alta;197700
HDM-100-15;"ALICATE ELECTRICISTA 8"" ( 203 MM ) MANGO ERGONÓMICO ANTI-DESLIZANTE";HERRAMIENTA MANUAL;ALICATES;GRUPO NIKATTO;Herramientas Manuales;manual;alta;124300
HDM-100-16;"ALICATE ELECTRICISTA ALTO PODER 9"" ( 228MM ) MANGO ERGONÓMICO ANTI-DESLIZANTE";HERRAMIENTA MANUAL;ALICATES;GRUPO NIKATTO;Herramientas Manuales;manual;alta;249500
HDM-100-17;"ALICATE PUNTA LARGA / PELA CABLE 6"" ( 152MM )MANGO ERGONÓMICO ANTI-DESLIZANTE";HERRAMIENTA MANUAL;ALICATES;GRUPO NIKATTO;Herramientas Manuales;manual;alta;173000
HDM-100-18;"ALICATE PUNTA LARGA 8"" ( 203MM )MANGO ERGONÓMICO ANTI-DESLIZANTE";HERRAMIENTA MANUAL;ALICATES;GRUPO NIKATTO;Herramientas Manuales;manual;alta;142200
HDM-100-19;"ALICATE CORTE FRONTAL 6"" ( 152MM )MANGO ERGONÓMICO ANTI-DESLIZANTE";HERRAMIENTA MANUAL;ALICATES;GRUPO NIKATTO;Herramientas Manuales;manual;alta;139500
HDM-100-25;"ALICATE PUNTA LARGA CORTANTE 5""( 127MM ) MANGO PVC NEGRO";HERRAMIENTA MANUAL;ALICATES;GRUPO NIKATTO;Herramientas Manuales;manual;alta;28300
HDM-100-26;"ALICATE PUNTA LARGA CORTANTE 6""( 152MM ) MANGO PVC NEGRO";HERRAMIENTA MANUAL;ALICATES;GRUPO NIKATTO;Herramientas Manuales;manual;alta;202200
HDM-100-27;"ALICATE PUNTA LARGA CORTANTE 8""( 203MM ) MANGO PVC NEGRO";HERRAMIENTA MANUAL;ALICATES;GRUPO NIKATTO;Herramientas Manuales;manual;alta;151900
HDM-100-28;"ALICATE DE CORTE DIGIONAL 5""( 127MM ) MANGO PVC NEGRO";HERRAMIENTA MANUAL;ALICATES;GRUPO NIKATTO;Herramientas Manuales;manual;alta;209100
HDM-100-30;"ALICATE DE CORTE DIGIONAL 7""( 178MM ) MANGO PVC NEGRO";HERRAMIENTA MANUAL;ALICATES;GRUPO NIKATTO;Herramientas Manuales;manual;alta;81000
HDM-100-31;"ALICATE DE ELECTRCISTA 7""( 178MM ) MANGO PVC NEGRO";HERRAMIENTA MANUAL;ALICATES;GRUPO NIKATTO;Herramientas Manuales;manual;alta;84600
HDM-100-32;"ALICATE DE ELECTRCISTA 8""( 203MM ) MANGO PVC NEGRO";HERRAMIENTA MANUAL;ALICATES;GRUPO NIKATTO;Herramientas Manuales;manual;alta;194700
HDM-100-33;JGO ALICATES 2 PZ (ELECTRICISTA-PUNTA) HANDYMAN;HERRAMIENTA MANUAL;ALICATES;GRUPO NIKATTO;Herramientas Manuales;manual;alta;237900
HDM-100-34;"ALICATE ARTICULADO DE EXTENSIÓN 10""( 2544MM ) MANGO PVC NEGRO";HERRAMIENTA MANUAL;ALICATES;GRUPO NIKATTO;Herramientas Mecánicas;mecanica;alta;333800
HDM-100-35;"ALICATE ARTICULADO DE EXTENSIÓN 12""( 304MM ) MANGO PVC NEGRO";HERRAMIENTA MANUAL;ALICATES;GRUPO NIKATTO;Herramientas Mecánicas;mecanica;alta;253900
HDM-100-36;"ALICATE DE HACENDADO 10""( 254MM ) MANGO PVC NEGRO";HERRAMIENTA MANUAL;ALICATES;GRUPO NIKATTO;Herramientas Manuales;manual;alta;193100
HDM-100-37;"ALICATE PARA ANILLOS DE RETENCIÓN 7"" EXT .RECTO MANGO PVC NEGRO";HERRAMIENTA MANUAL;ALICATES;GRUPO NIKATTO;Herramientas Manuales;manual;alta;195000
HDM-100-38;"ALICATE PARA ANILLOS DE RETENCIÓN 7"" INT .RECTO MANGO PVC NEGRO";HERRAMIENTA MANUAL;ALICATES;GRUPO NIKATTO;Herramientas Manuales;manual;alta;166400
HDM-100-39;"ALICATE PARA ANILLOS DE RETENCIÓN 7"" EXT.CURVO MANGO PVC NEGRO";HERRAMIENTA MANUAL;ALICATES;GRUPO NIKATTO;Herramientas Manuales;manual;alta;88300
HDM-100-40;"ALICATE PARA ANILLOS DE RETENCIÓN 7"" INT.CURVO MANGO PVC NEGRO";HERRAMIENTA MANUAL;ALICATES;GRUPO NIKATTO;Herramientas Manuales;manual;alta;102400
HDM-100-41;"JGO ALICATE P/ ANILLOS 7"" INT/EXT 2 PZ HANDYMAN";HERRAMIENTA MANUAL;ALICATES;GRUPO NIKATTO;Herramientas Manuales;manual;alta;37400
HDM-10-044;"ALICATE DE PRESIÓN CURVO 7"" ( 178MM ) FABRICADO CRV";HERRAMIENTA MANUAL;ALICATES;GRUPO NIKATTO;Herramientas Manuales;manual;alta;141300
HDM-10-045;"ALICATE DE PRESIÓN CURVO 10"" ( 254MM ) FABRICADO CRV";HERRAMIENTA MANUAL;ALICATES;GRUPO NIKATTO;Herramientas Manuales;manual;alta;134900
HDM-10-047;"ALICATE DE PRESIÓN RECTO 10"" ( 254MM ) FABRICADO CRV";HERRAMIENTA MANUAL;ALICATES;GRUPO NIKATTO;Herramientas Manuales;manual;alta;230000
HDM-10-048;"ALICATE DE PRESIÓN TIPO SOLDADOR 9"" ( 228MM ) FABRICADO CRV";HERRAMIENTA MANUAL;ALICATES;GRUPO NIKATTO;Herramientas de Soldadura;soldadura;alta;174300
HDM-10-049;"ALICATE DE PRESIÓN TIPO HOJALATERO 8"" ( 203MM ) FABRICADO CRV";HERRAMIENTA MANUAL;ALICATES;GRUPO NIKATTO;Herramientas Manuales;manual;alta;20100
HDM-10-050;"ALICATE DE PRESIÓN TIPO C 11"" ( 279MM ) FABRICADO CRV";HERRAMIENTA MANUAL;ALICATES;GRUPO NIKATTO;Herramientas Manuales;manual;alta;75600
HDM-10-LASER40;MEDIDOR DE DISTANCIA LASER 40 METROS, PRECISION 2 MM;HERRAMIENTA MANUAL;MEDIDORES LASER;GRUPO NIKATTO;Herramientas Manuales;linea:HERRAMIENTA MANUAL;baja;133700
HDM-10-LASER50;MEDIDOR DE DISTANCIA LASER 80 METROS, PRECISION 2 MM;HERRAMIENTA MANUAL;MEDIDORES LASER;GRUPO NIKATTO;Herramientas Manuales;linea:HERRAMIENTA MANUAL;baja;76900
HDM-11-002;TIJERA DE AVIACIÓN IZQUIERDO MANGO BI-MATERIAL;HERRAMIENTA MANUAL;TIJERA DE AVIACION;GRUPO NIKATTO;Herramientas de Corte;corte;alta;69200
HDM-11-003;TIJERA DE AVIACIÓN RECTO MANGO BI-MATERIAL;HERRAMIENTA MANUAL;TIJERA DE AVIACION;GRUPO NIKATTO;Herramientas de Corte;corte;alta;38200
HDM-11-004;TIJERA DE AVIACIÓN DERECHO MANGO BI-MATERIAL;HERRAMIENTA MANUAL;TIJERA DE AVIACION;GRUPO NIKATTO;Herramientas de Corte;corte;alta;109300
HDM-11-006;"TIJERA PARA HOJALATERO MANGO PVC 10 "" 254 MM";HERRAMIENTA MANUAL;TIJERA DE HOJALATERO;GRUPO NIKATTO;Herramientas de Corte;corte;alta;91100
HDM-11-008;"TIJERA PARA HOJALATERO MANGO PVC 12 "" 305 MM";HERRAMIENTA MANUAL;TIJERA DE HOJALATERO;GRUPO NIKATTO;Herramientas de Corte;corte;alta;80000
HDM-120-02;"NIVEL DE ALUMINIO 12""";HERRAMIENTA MANUAL;NIVELES;GRUPO NIKATTO;Herramientas de Medición;medicion;alta;282500
HDM-120-03;"NIVEL DE ALUMINIO 18""";HERRAMIENTA MANUAL;NIVELES;GRUPO NIKATTO;Herramientas de Medición;medicion;alta;316900
HDM-120-04;"NIVEL DE ALUMINIO 24""";HERRAMIENTA MANUAL;NIVELES;GRUPO NIKATTO;Herramientas de Medición;medicion;alta;25000
HDM-120-05;"NIVEL DE ALUMINIO 36""";HERRAMIENTA MANUAL;NIVELES;GRUPO NIKATTO;Herramientas de Medición;medicion;alta;232700
HDM-120-06;"NIVEL DE ALUMINIO 48""";HERRAMIENTA MANUAL;NIVELES;GRUPO NIKATTO;Herramientas de Medición;medicion;alta;201800
HDM-120-07;"NIVEL DE RESINA ESTRUCTURAL 12""";HERRAMIENTA MANUAL;NIVELES;GRUPO NIKATTO;Herramientas de Medición;medicion;alta;207700
HDM-120-08;"NIVEL DE RESINA ESTRUCTURAL 18""";HERRAMIENTA MANUAL;NIVELES;GRUPO NIKATTO;Herramientas de Medición;medicion;alta;217600
HDM-120-09;"NIVEL DE RESINA ESTRUCTURAL 24""";HERRAMIENTA MANUAL;NIVELES;GRUPO NIKATTO;Herramientas de Medición;medicion;alta;42700
HDM-120-10;"NIVEL TORPEDO 9""";HERRAMIENTA MANUAL;NIVELES;GRUPO NIKATTO;Herramientas de Medición;medicion;alta;155700
HDM-120-12;"NIVEL TORPEDO MAGNETICO 9""";HERRAMIENTA MANUAL;NIVELES;GRUPO NIKATTO;Herramientas de Medición;medicion;alta;238900
HDM-140-01;"ESPATULA 2"" MANGO PLASTICO";HERRAMIENTA MANUAL;ESPATULAS;GRUPO NIKATTO;Herramientas Manuales;manual;alta;229400
HDM-140-02;"ESPATULA 3"" MANGO PLASTICO";HERRAMIENTA MANUAL;ESPATULAS;GRUPO NIKATTO;Herramientas Manuales;manual;alta;231700
HDM-140-03;"ESPATULA 4"" MANGO PLASTICO";HERRAMIENTA MANUAL;ESPATULAS;GRUPO NIKATTO;Herramientas Manuales;manual;alta;197800
HDM-140-04;"ESPATULA 5"" MANGO PLASTICO";HERRAMIENTA MANUAL;ESPATULAS;GRUPO NIKATTO;Herramientas Manuales;manual;alta;230200
HDM-1400N;BISTURI 18MM AUTOBLOQUEO, GUIA METALICA - INCLUYE CUCHILLAS SK5;HERRAMIENTA MANUAL;BISTURI;GRUPO NIKATTO;Herramientas de Seguridad;seguridad:loto;alta;152900
HDM-15-002;"CORTA PERNOS MUELA EN ACERO 12"" 304 MM";HERRAMIENTA MANUAL;CORTAPERNOS;GRUPO NIKATTO;Herramientas de Corte;corte:corta*;alta;84400
HDM-15-003;"CORTA PERNOS MUELA EN ACERO 14"" 355 MM";HERRAMIENTA MANUAL;CORTAPERNOS;GRUPO NIKATTO;Herramientas de Corte;corte:corta*;alta;160500
HDM-15-004;"CORTA PERNOS MUELA EN ACERO 18"" 457 MM";HERRAMIENTA MANUAL;CORTAPERNOS;GRUPO NIKATTO;Herramientas de Corte;corte:corta*;alta;64500
HDM-15-005;"CORTA PERNOS MUELA EN ACERO 24"" 610 MM";HERRAMIENTA MANUAL;CORTAPERNOS;GRUPO NIKATTO;Herramientas de Corte;corte:corta*;alta;118300
HDM-15-006;"CORTA PERNOS MUELA EN ACERO 30"" 763 MM";HERRAMIENTA MANUAL;CORTAPERNOS;GRUPO NIKATTO;Herramientas de Corte;corte:corta*;alta;28500
HDM-15-007;"CORTA PERNOS MUELA EN ACERO 36"" 914 MM";HERRAMIENTA MANUAL;CORTAPERNOS;GRUPO NIKATTO;Herramientas de Corte;corte:corta*;alta;78000
HDM-170-00;MARTILLO DE UÑA CABEZA CÓNICA 13 ONZ 25MM;HERRAMIENTA MANUAL;MARTILLOS;GRUPO NIKATTO;Herramientas Manuales;manual;alta;23500
HDM-170-01;MARTILLO DE UÑA CABEZA CÓNICA 27 ONZ 27MM;HERRAMIENTA MANUAL;MARTILLOS;GRUPO NIKATTO;Herramientas Manuales;manual;alta;55400
HDM-170-02;MARTILLO DE UÑA CABEZA CÓNICA 29 ONZ 29MM;HERRAMIENTA MANUAL;MARTILLOS;GRUPO NIKATTO;Herramientas Manuales;manual;alta;179400
HDM-170-06;MARTILLO DE BOLA MANGO MADERA 16 ONZ 1 LBS;HERRAMIENTA MANUAL;MARTILLOS;GRUPO NIKATTO;Herramientas Manuales;manual;alta;222400
HDM-170-07;MARTILLO DE BOLA MANGO MADERA 24 ONZ 1.1/2 LBS;HERRAMIENTA MANUAL;MARTILLOS;GRUPO NIKATTO;Herramientas Manuales;manual;alta;220400
HDM-170-08;MARTILLO DE BOLA MANGO MADERA 32 ONZ 2 LBS;HERRAMIENTA MANUAL;MARTILLOS;GRUPO NIKATTO;Herramientas Manuales;manual;alta;185600
HDM-170-09;MARTILLO DE BOLA MANGO MADERA 40 ONZ 2.1/2 LBS;HERRAMIENTA MANUAL;MARTILLOS;GRUPO NIKATTO;Herramientas Manuales;manual;alta;90500
HDM-170-10;MARTILLO DE BOLA MANGO MADERA 48 ONZ 3 LBS;HERRAMIENTA MANUAL;MARTILLOS;GRUPO NIKATTO;Herramientas Manuales;manual;alta;81500
HDM-170-15;MARTILLO DE UÑA FIBRA DE VIDRIO 16 ONZ 27 MM;HERRAMIENTA MANUAL;MARTILLOS;GRUPO NIKATTO;Herramientas Manuales;manual;alta;118800
HDM-170-16;MARTILLO DE UÑA FIBRA DE VIDRIO 20 ONZ 29 MM;HERRAMIENTA MANUAL;MARTILLOS;GRUPO NIKATTO;Herramientas Manuales;manual;alta;76900
HDM-170-21;ALMADANA CON CABO DE MADERA 1 KGS;HERRAMIENTA MANUAL;MARTILLOS;GRUPO NIKATTO;Herramientas Manuales;sublinea:MARTILLOS;media;57200
HDM-170-22;ALMADANA CON CABO DE MADERA 2 KGS;HERRAMIENTA MANUAL;MARTILLOS;GRUPO NIKATTO;Herramientas Manuales;sublinea:MARTILLOS;media;117700
HDM-18-001;JGO DE LLAVES HEXAGONALES MÉTRICAS 8 PZAS 1.5MM A 6MM;HERRAMIENTA MANUAL;LLAVES HEXAGONALES;GRUPO NIKATTO;Herramientas Mecánicas;mecanica;alta;177300
HDM-18-002;"JGO DE LLAVES HEXAGONALES SAE 8 PZAS 1/16"" A 1/4""";HERRAMIENTA MANUAL;LLAVES HEXAGONALES;GRUPO NIKATTO;Herramientas Mecánicas;mecanica;alta;270200
HDM-18-003;JGO DE LLAVES HEXAGONALES MÉTRICAS 10 PZAS 1.5MM A 10MM;HERRAMIENTA MANUAL;LLAVES HEXAGONALES;GRUPO NIKATTO;Herramientas Mecánicas;mecanica;alta;166700
HDM-18-004;"JGO DE LLAVES HEXAGONALES SAE 10 PZAS 1/16"" A 3/8""";HERRAMIENTA MANUAL;LLAVES HEXAGONALES;GRUPO NIKATTO;Herramientas Mecánicas;mecanica;alta;57900
HDM-18-005;"JGO DE LLAVES HEXAGONALES SAE & MÉTRICO 20 PZAS 1/16"" A 3/8"" - 1.5MM A 10MM";HERRAMIENTA MANUAL;LLAVES HEXAGONALES;GRUPO NIKATTO;Herramientas Mecánicas;mecanica;alta;338400
HDM-18-006;JGO DE LLAVES HEXAGONALES LARGAS PUNTA REDONDA MÉTRICAS 9 PZAS 1.5 A 10MM;HERRAMIENTA MANUAL;LLAVES HEXAGONALES;GRUPO NIKATTO;Herramientas Mecánicas;mecanica;alta;385500
HDM-18-007;"JGO DE LLAVES HEXAGONALES LARGAS PUNTA REDONDA SAE 9 PZAS 1/16"" A 3/8""";HERRAMIENTA MANUAL;LLAVES HEXAGONALES;GRUPO NIKATTO;Herramientas Mecánicas;mecanica;alta;222100
HDM-18-008;JGO DE LLAVES HEXAGONALES LARGAS PUNTA REDONDA SAE & MÉTRICAS 20 PZAS;HERRAMIENTA MANUAL;LLAVES HEXAGONALES;GRUPO NIKATTO;Herramientas Mecánicas;mecanica;alta;105200
HDM-18-009;JGO DE LLAVES HEXAGONALES MÉTRICAS 8 PZAS 1.5 A 8MM TIPO LLAVERO;HERRAMIENTA MANUAL;LLAVES HEXAGONALES;GRUPO NIKATTO;Herramientas Mecánicas;mecanica;alta;58900
HDM-18-011;JGO DE LLAVES HEXAGONALES TORX 8 PZAS DE T9 A T40 TIPO LLAVERO;HERRAMIENTA MANUAL;LLAVES HEXAGONALES;GRUPO NIKATTO;Herramientas Mecánicas;mecanica;alta;422800
HDM-18T-10;REPUESTOS/CUCHILLAS - BISTURI 18MM REF. HDM-62N;HERRAMIENTA MANUAL;BISTURI;GRUPO NIKATTO;Herramientas Eléctricas;electrica;alta;2411100
HDM-190-02;PISTOLA DE ADHESIVO 40 W;HERRAMIENTA MANUAL;PISTOLAS DE ADHESIVOS;GRUPO NIKATTO;Herramientas Industriales;industrial;alta;147400
HDM-190-03;MINI PISTOLA DE ADHESIVO 20 W;HERRAMIENTA MANUAL;PISTOLAS DE ADHESIVOS;GRUPO NIKATTO;Herramientas Industriales;industrial;alta;50200
HDM-190-04;"REMACHADORA PARA TRABAJO PESADO - 4 BOQUILLAS (1/8"", 3/32"", 5/32"", 3/16"")";HERRAMIENTA MANUAL;REMACHADORAS;GRUPO NIKATTO;Herramientas Manuales;manual;alta;147500
HDM-190-05;"REMACHADORA CON CABEZA GIRATORIA - 4 BOQUILLAS (1/8"", 3/32"", 5/32"", 3/16"")";HERRAMIENTA MANUAL;REMACHADORAS;GRUPO NIKATTO;Herramientas Manuales;manual;alta;111100
HDM-190-06;"REMACHADORA PARA TRABAJO MEDIANO - 3 BOQUILLAS (1/8"", 5/32"", 3/16"")";HERRAMIENTA MANUAL;REMACHADORAS;GRUPO NIKATTO;Herramientas Manuales;manual;alta;64800
HDM-190-10;ENGRAPADORA DE USO LIGERO TIPO J21;HERRAMIENTA MANUAL;ENGRAPADORAS;GRUPO NIKATTO;Herramientas Manuales;linea:HERRAMIENTA MANUAL;baja;121900
HDM-190-11;ENGRAPADORA DE USO PESADO TIPO T50;HERRAMIENTA MANUAL;ENGRAPADORAS;GRUPO NIKATTO;Herramientas Manuales;linea:HERRAMIENTA MANUAL;baja;63500
HDM-21000;"MARCO DE SEGUETA DE ALTA TENSIÓN 12"" (305MM)";HERRAMIENTA MANUAL;MARCO DE SEGUETA;GRUPO NIKATTO;Herramientas de Corte;corte;alta;11000
HDM-21006;"MARCO DE SEGUETA AJUSTABLE 8"", 10"", 12""";HERRAMIENTA MANUAL;MARCO DE SEGUETA;GRUPO NIKATTO;Herramientas de Corte;corte;alta;81800
HDM-220-01;DESTORNILLADOR AISLADO 1000V PHILLIPS #0 X 75MM;HERRAMIENTA MANUAL;DESTORNILLADORES;GRUPO NIKATTO;Herramientas Manuales;manual;alta;63300
HDM-220-02;DESTORNILLADOR AISLADO 1000V PHILLIPS #1 X 80MM;HERRAMIENTA MANUAL;DESTORNILLADORES;GRUPO NIKATTO;Herramientas Manuales;manual;alta;163700
HDM-220-03;DESTORNILLADOR AISLADO 1000V PHILLIPS #2 X 100MM;HERRAMIENTA MANUAL;DESTORNILLADORES;GRUPO NIKATTO;Herramientas Manuales;manual;alta;128100
HDM-220-04;DESTORNILLADOR AISLADO 1000V PHILLIPS #3 X 150MM;HERRAMIENTA MANUAL;DESTORNILLADORES;GRUPO NIKATTO;Herramientas Manuales;manual;alta;152900
HDM-220-07;DESTORNILLADOR AISLADO 1000V STANDARD 5.5MM X 125MM;HERRAMIENTA MANUAL;DESTORNILLADORES;GRUPO NIKATTO;Herramientas Manuales;manual;alta;171700
HDM-220-08;DESTORNILLADOR AISLADO 1000V STANDARD 6.5MM X 150MM;HERRAMIENTA MANUAL;DESTORNILLADORES;GRUPO NIKATTO;Herramientas Manuales;manual;alta;13600
HDM-220-09;JGO DESTORN AISLADO 1000V 8PZ COMBINADO (3,4,5.5,6.5,#0,#1,#2,TEST PENCIL);HERRAMIENTA MANUAL;DESTORNILLADORES;GRUPO NIKATTO;Herramientas Manuales;sublinea:DESTORNILLADORES;media;11700
HDM-221-01;"DESTORNILLADOR PRO PUNTA ESTANDAR 4"" X 1/4""";HERRAMIENTA MANUAL;DESTORNILLADORES;GRUPO NIKATTO;Herramientas Manuales;manual;alta;126500
HDM-221-02;"DESTORNILLADOR PRO PUNTA ESTANDAR 6"" X 1/4""";HERRAMIENTA MANUAL;DESTORNILLADORES;GRUPO NIKATTO;Herramientas Manuales;manual;alta;237600
HDM-221-03;"DESTORNILLADOR PRO PUNTA ESTANDAR 6"" X 5/16""";HERRAMIENTA MANUAL;DESTORNILLADORES;GRUPO NIKATTO;Herramientas Manuales;manual;alta;103600
HDM-221-04;"DESTORNILLADOR PRO PUNTA ESTANDAR 8"" X 3/8""";HERRAMIENTA MANUAL;DESTORNILLADORES;GRUPO NIKATTO;Herramientas Manuales;manual;alta;110400
HDM-221-05;"DESTORNILLADOR PRO PUNTA ESTANDAR 12"" X 3/8""";HERRAMIENTA MANUAL;DESTORNILLADORES;GRUPO NIKATTO;Herramientas Manuales;manual;alta;217400
HDM-221-10;"DESTORNILLADOR PRO PUNTA GABINETE 3"" X 3/16""";HERRAMIENTA MANUAL;DESTORNILLADORES;GRUPO NIKATTO;Herramientas Manuales;manual;alta;49000
HDM-221-11;"DESTORNILLADOR PRO PUNTA GABINETE 4"" X 3/16""";HERRAMIENTA MANUAL;DESTORNILLADORES;GRUPO NIKATTO;Herramientas Manuales;manual;alta;216000
HDM-221-12;"DESTORNILLADOR PRO PUNTA GABINETE 6"" X 3/16""";HERRAMIENTA MANUAL;DESTORNILLADORES;GRUPO NIKATTO;Herramientas Manuales;manual;alta;20600
HDM-221-20;"DESTORNILLADOR PRO PUNTA GABINETE EXTRA LIVIANO 2"" X 1/8""";HERRAMIENTA MANUAL;DESTORNILLADORES;GRUPO NIKATTO;Herramientas Manuales;manual;alta;83900
HDM-221-21;"DESTORNILLADOR PRO PUNTA GABINETE EXTRA LIVIANO 3"" X 1/8""";HERRAMIENTA MANUAL;DESTORNILLADORES;GRUPO NIKATTO;Herramientas Manuales;manual;alta;222200
HDM-221-22;"DESTORNILLADOR PRO PUNTA GABINETE EXTRA LIVIANO 4"" X 1/8""";HERRAMIENTA MANUAL;DESTORNILLADORES;GRUPO NIKATTO;Herramientas Manuales;manual;alta;51800
HDM-222-01;"DESTORNILLADOR PRO PUNTA PHILLIPS #0 - 2-3/4""";HERRAMIENTA MANUAL;DESTORNILLADORES;GRUPO NIKATTO;Herramientas Manuales;manual;alta;34400
HDM-222-02;"DESTORNILLADOR PRO PUNTA PHILLIPS #0 - 4""";HERRAMIENTA MANUAL;DESTORNILLADORES;GRUPO NIKATTO;Herramientas Manuales;manual;alta;162000
HDM-222-03;"DESTORNILLADOR PRO PUNTA PHILLIPS #1 - 1-1/2""";HERRAMIENTA MANUAL;DESTORNILLADORES;GRUPO NIKATTO;Herramientas Manuales;manual;alta;90000
HDM-222-04;"DESTORNILLADOR PRO PUNTA PHILLIPS #1 - 3""";HERRAMIENTA MANUAL;DESTORNILLADORES;GRUPO NIKATTO;Herramientas Manuales;manual;alta;106500
HDM-222-05;"DESTORNILLADOR PRO PUNTA PHILLIPS #1 - 4""";HERRAMIENTA MANUAL;DESTORNILLADORES;GRUPO NIKATTO;Herramientas Manuales;manual;alta;65800
HDM-222-06;"DESTORNILLADOR PRO PUNTA PHILLIPS #1 - 6""";HERRAMIENTA MANUAL;DESTORNILLADORES;GRUPO NIKATTO;Herramientas Manuales;manual;alta;211400
HDM-222-08;"DESTORNILLADOR PRO PUNTA PHILLIPS #2 - 1-1/2""";HERRAMIENTA MANUAL;DESTORNILLADORES;GRUPO NIKATTO;Herramientas Manuales;manual;alta;243100
HDM-222-09;"DESTORNILLADOR PRO PUNTA PHILLIPS #2 - 4""";HERRAMIENTA MANUAL;DESTORNILLADORES;GRUPO NIKATTO;Herramientas Manuales;manual;alta;199700
HDM-222-10;"DESTORNILLADOR PRO PUNTA PHILLIPS #2 - 6""";HERRAMIENTA MANUAL;DESTORNILLADORES;GRUPO NIKATTO;Herramientas Manuales;manual;alta;48300
HDM-222-11;"DESTORNILLADOR PRO PUNTA PHILLIPS #2 - 8""";HERRAMIENTA MANUAL;DESTORNILLADORES;GRUPO NIKATTO;Herramientas Manuales;manual;alta;42300
HDM-222-12;"DESTORNILLADOR PRO PUNTA PHILLIPS #2 - 10""";HERRAMIENTA MANUAL;DESTORNILLADORES;GRUPO NIKATTO;Herramientas Manuales;manual;alta;173000
HDM-222-13;"DESTORNILLADOR PRO PUNTA PHILLIPS #3 - 6""";HERRAMIENTA MANUAL;DESTORNILLADORES;GRUPO NIKATTO;Herramientas Manuales;manual;alta;57400
HDM-223-01;"JGO DESTORN PRO 4PZ COMBINADO (1/4X4"",3/16X4"",#1X4"",#2X4"")";HERRAMIENTA MANUAL;DESTORNILLADORES;GRUPO NIKATTO;Herramientas Manuales;sublinea:DESTORNILLADORES;media;41000
HDM-223-02;"JGO DESTORN PRO 6PZ COMBINADO (1/4X4"",1/4X6"", 3/16X4"", 3/16X6"",#1X4"",#2X4"")";HERRAMIENTA MANUAL;DESTORNILLADORES;GRUPO NIKATTO;Herramientas Manuales;sublinea:DESTORNILLADORES;media;182300
HDM-223-03;"JGO DESTORN PRO 10PZ COMB(1/4X1-1/2"",1/4X4"",1/4X6"",3/16X3"",3/16X4"",3/16X6"",#1X4"",#2X1-1/2"",#2X4"",#3X6"")";HERRAMIENTA MANUAL;DESTORNILLADORES;GRUPO NIKATTO;Herramientas Manuales;sublinea:DESTORNILLADORES;media;233600
HDM-223-04;JGO DESTORN PRO PUNTA TORX 4PZ COMBINADO (T15, T20, T25, T30);HERRAMIENTA MANUAL;DESTORNILLADORES;GRUPO NIKATTO;Herramientas Manuales;sublinea:DESTORNILLADORES;media;51400
HDM-3G;CINTA METRICA DE 3 METROS / ANCHO HOJA 16MM;HERRAMIENTA MANUAL;FLEXOMETROS;GRUPO NIKATTO;Herramientas de Medición;medicion;alta;251400
HDM-5G;CINTA METRICA DE 5 METROS / ANCHO HOJA 19MM;HERRAMIENTA MANUAL;FLEXOMETROS;GRUPO NIKATTO;Herramientas de Medición;medicion;alta;53300
HDM-62N;BISTURI 18MM CON MECANISMO DE TRABA;HERRAMIENTA MANUAL;BISTURI;GRUPO NIKATTO;Herramientas de Corte;corte;alta;88800
HDM-63N;BISTURI 9MM CON MECANISMO DE TRABA;HERRAMIENTA MANUAL;BISTURI;GRUPO NIKATTO;Herramientas de Corte;corte;alta;55700
HDM-65N;BISTURI 9MM + 18MM CON MECANISMO DE TRABA;HERRAMIENTA MANUAL;BISTURI;GRUPO NIKATTO;Herramientas de Corte;corte;alta;99800
HDM-700N;BISTURI 9MM AUTOBLOQUEO, GUIA METALICA - INCLUYE CUCHILLAS SK5;HERRAMIENTA MANUAL;BISTURI;GRUPO NIKATTO;Herramientas de Seguridad;seguridad:loto;alta;43000
HDM-75N;BISTURI METALICO TRAPEZOIDAL - RETRACTIL;HERRAMIENTA MANUAL;BISTURI;GRUPO NIKATTO;Herramientas de Corte;corte;alta;179000
HDM-75T-10;REPUESTOS/CUCHILLAS SK5 - BISTURI REF. HDM-75N;HERRAMIENTA MANUAL;BISTURI;GRUPO NIKATTO;Herramientas Eléctricas;electrica;alta;1065100
HDM-8G;CINTA METRICA DE 8 METROS / ANCHO HOJA 25MM;HERRAMIENTA MANUAL;FLEXOMETROS;GRUPO NIKATTO;Herramientas de Medición;medicion;alta;39100
HDM-9T-10;REPUESTOS/CUCHILLAS - BISTURI 9MM REF. HDM-63N;HERRAMIENTA MANUAL;BISTURI;GRUPO NIKATTO;Herramientas Eléctricas;electrica;alta;1268400
HDM-EC24;"ESCUADRA DE CARPINTERO DE ACERO 24""";HERRAMIENTA MANUAL;ESCUADRAS;GRUPO NIKATTO;Herramientas de Medición;medicion;alta;159500
HDM-EMP10;"ESCUADRA ECONOMICA 10""";HERRAMIENTA MANUAL;ESCUADRAS;GRUPO NIKATTO;Herramientas de Medición;medicion;alta;253000
HDM-EMP12;"ESCUADRA ECONOMICA 12""";HERRAMIENTA MANUAL;ESCUADRAS;GRUPO NIKATTO;Herramientas de Medición;medicion;alta;153200
HDM-EMP8;"ESCUADRA ECONOMICA 8""";HERRAMIENTA MANUAL;ESCUADRAS;GRUPO NIKATTO;Herramientas de Medición;medicion;alta;146900
HDM-EPR10;"ESCUADRA PROFESIONAL 10""";HERRAMIENTA MANUAL;ESCUADRAS;GRUPO NIKATTO;Herramientas de Medición;medicion;alta;82900
HDM-EPR12;"ESCUADRA PROFESIONAL 12""";HERRAMIENTA MANUAL;ESCUADRAS;GRUPO NIKATTO;Herramientas de Medición;medicion;alta;177500
HDM-EPR8;"ESCUADRA PROFESIONAL 8""";HERRAMIENTA MANUAL;ESCUADRAS;GRUPO NIKATTO;Herramientas de Medición;medicion;alta;115600
HHM-PAL PLAS 5;"HANDYMAN PALUSTRE MANGO PLASTICO 5""";HERRAMIENTA MANUAL;PALUSTRES;GRUPO NIKATTO;Herramientas Manuales;manual;alta;118100
HHM-PAL PLAS 6;"HANDYMAN PALUSTRE MANGO PLASTICO 6""";HERRAMIENTA MANUAL;PALUSTRES;GRUPO NIKATTO;Herramientas Manuales;manual;alta;236700
NIK-100-02;"ALICATE ELECTRICISTA 8"" ( 200MM ) - 1000V VDE";HERRAMIENTA MANUAL;ALICATES;GRUPO NIKATTO;Herramientas Manuales;manual;alta;249500
NIK-100-04;"ALICATE CORTE DIAGONAL 6 - 1/4""( 150 MM ) - 1000V VDE";HERRAMIENTA MANUAL;ALICATES;GRUPO NIKATTO;Herramientas Manuales;manual;alta;116500
NIK-100-07;"ALICATE PUNTA LARGA 8-1/4""( 210MM ) - 1000V VDE";HERRAMIENTA MANUAL;ALICATES;GRUPO NIKATTO;Herramientas Manuales;manual;alta;78500
NIK-100-11;JUEGO DE ALICATE 3 PIEZAS ESCTUCHE PLÁSTICO 1000V VDE;HERRAMIENTA MANUAL;ALICATES;GRUPO NIKATTO;Herramientas Manuales;manual;alta;235300
NIK-100-12;"ALICATE DE CORTE DIAGONAL ALTO PODER 6"" ( 152MM ) MANGO ERGONÓMICO ANTI-DESLIZANTE";HERRAMIENTA MANUAL;ALICATES;GRUPO NIKATTO;Herramientas Manuales;manual;alta;158800
NIK-100-13;ALICATE DE CORTE DIAGONAL DE ALTO PODER 8 PULG (203 MM) MANGO ERGONÓMICO ANTI-DESLIZANTE;HERRAMIENTA MANUAL;ALICATES;GRUPO NIKATTO;Herramientas Manuales;manual;alta;153100
NIK-100-14;"ALICATE ELECTRICISTA 7"" ( 178 MM ) MANGO ERGONÓMICO ANTI-DESLIZANTE";HERRAMIENTA MANUAL;ALICATES;GRUPO NIKATTO;Herramientas Manuales;manual;alta;220000
NIK-100-15;"ALICATE ELECTRICISTA 8"" ( 203 MM ) MANGO ERGONÓMICO ANTI-DESLIZANTE";HERRAMIENTA MANUAL;ALICATES;GRUPO NIKATTO;Herramientas Manuales;manual;alta;221400
NIK-100-16;"ALICATE ELECTRICISTA ALTO PODER 9"" ( 228MM ) MANGO ERGONÓMICO ANTI-DESLIZANTE";HERRAMIENTA MANUAL;ALICATES;GRUPO NIKATTO;Herramientas Manuales;manual;alta;90800
NIK-100-17;"ALICATE PUNTA LARGA / PELA CABLE 6"" ( 152MM )MANGO ERGONÓMICO ANTI-DESLIZANTE";HERRAMIENTA MANUAL;ALICATES;GRUPO NIKATTO;Herramientas Manuales;manual;alta;244000
NIK-100-18;"ALICATE PUNTA LARGA 8"" ( 203MM )MANGO ERGONÓMICO ANTI-DESLIZANTE";HERRAMIENTA MANUAL;ALICATES;GRUPO NIKATTO;Herramientas Manuales;manual;alta;85000
NIK-100-19;"ALICATE CORTE FRONTAL 6"" ( 152MM )MANGO ERGONÓMICO ANTI-DESLIZANTE";HERRAMIENTA MANUAL;ALICATES;GRUPO NIKATTO;Herramientas Manuales;manual;alta;203500
NIK-100-25;"ALICATE PUNTA LARGA CORTANTE 5""( 127MM ) MANGO PVC NEGRO";HERRAMIENTA MANUAL;ALICATES;GRUPO NIKATTO;Herramientas Manuales;manual;alta;189900
NIK-100-26;"ALICATE PUNTA LARGA CORTANTE 6""( 152MM ) MANGO PVC NEGRO";HERRAMIENTA MANUAL;ALICATES;GRUPO NIKATTO;Herramientas Manuales;manual;alta;17000
NIK-100-27;"ALICATE PUNTA LARGA CORTANTE 8""( 203MM ) MANGO PVC NEGRO";HERRAMIENTA MANUAL;ALICATES;GRUPO NIKATTO;Herramientas Manuales;manual;alta;154600
NIK-100-28;"ALICATE DE CORTE DIGIONAL 5""( 127MM ) MANGO PVC NEGRO";HERRAMIENTA MANUAL;ALICATES;GRUPO NIKATTO;Herramientas Manuales;manual;alta;85700
NIK-100-30;"ALICATE DE CORTE DIGIONAL 7""( 178MM ) MANGO PVC NEGRO";HERRAMIENTA MANUAL;ALICATES;GRUPO NIKATTO;Herramientas Manuales;manual;alta;22600
NIK-100-31;"ALICATE DE ELECTRCISTA 7""( 178MM ) MANGO PVC NEGRO";HERRAMIENTA MANUAL;ALICATES;GRUPO NIKATTO;Herramientas Manuales;manual;alta;44600
NIK-100-32;"ALICATE DE ELECTRCISTA 8""( 203MM ) MANGO PVC NEGRO";HERRAMIENTA MANUAL;ALICATES;GRUPO NIKATTO;Herramientas Manuales;manual;alta;203100
NIK-100-35;"ALICATE ARTICULADO DE EXTENSIÓN 12""( 304MM ) MANGO PVC NEGRO";HERRAMIENTA MANUAL;ALICATES;GRUPO NIKATTO;Herramientas Mecánicas;mecanica;alta;360800
NIK-100-36;"ALICATE DE HACENDADO 10""( 254MM ) MANGO PVC NEGRO";HERRAMIENTA MANUAL;ALICATES;GRUPO NIKATTO;Herramientas Manuales;manual;alta;210300
NIK-100-37;"ALICATE PARA ANILLOS DE RETENCIÓN 7"" EXT .RECTO MANGO PVC NEGRO";HERRAMIENTA MANUAL;ALICATES;GRUPO NIKATTO;Herramientas Manuales;manual;alta;95900
NIK-100-38;"ALICATE PARA ANILLOS DE RETENCIÓN 7"" INT .RECTO MANGO PVC NEGRO";HERRAMIENTA MANUAL;ALICATES;GRUPO NIKATTO;Herramientas Manuales;manual;alta;138700
NIK-100-39;"ALICATE PARA ANILLOS DE RETENCIÓN 7"" EXT.CURVO MANGO PVC NEGRO";HERRAMIENTA MANUAL;ALICATES;GRUPO NIKATTO;Herramientas Manuales;manual;alta;127800
NIK-100-40;"ALICATE PARA ANILLOS DE RETENCIÓN 7"" INT.CURVO MANGO PVC NEGRO";HERRAMIENTA MANUAL;ALICATES;GRUPO NIKATTO;Herramientas Manuales;manual;alta;94900
NIK-10-046;"ALICATE DE PRESIÓN RECTO 7"" ( 178MM ) FABRICADO CRV";HERRAMIENTA MANUAL;ALICATES;GRUPO NIKATTO;Herramientas Manuales;manual;alta;233600
NIK-10-047;"ALICATE DE PRESIÓN RECTO 10"" ( 254MM ) FABRICADO CRV";HERRAMIENTA MANUAL;ALICATES;GRUPO NIKATTO;Herramientas Manuales;manual;alta;60000
NIK-11-002;TIJERA DE AVIACIÓN IZQUIERDO MANGO BI-MATERIAL;HERRAMIENTA MANUAL;TIJERA DE AVIACION;GRUPO NIKATTO;Herramientas de Corte;corte;alta;140000
NIK-11-003;TIJERA DE AVIACIÓN RECTO MANGO BI-MATERIAL;HERRAMIENTA MANUAL;TIJERA DE AVIACION;GRUPO NIKATTO;Herramientas de Corte;corte;alta;89600
NIK-11-004;TIJERA DE AVIACIÓN DERECHO MANGO BI-MATERIAL;HERRAMIENTA MANUAL;TIJERA DE AVIACION;GRUPO NIKATTO;Herramientas de Corte;corte;alta;74100
NIK-15150;CUCHILLA REPUESTO CORTABALDOSA NIK-MT324;HERRAMIENTA MANUAL;CORTABALDOSAS;GRUPO NIKATTO;Herramientas de Corte;corte:corta*;alta;8300
NIK-171-40;MARTILLO DE GOMA 16 ONZAS;HERRAMIENTA MANUAL;MARTILLOS;GRUPO NIKATTO;Herramientas Manuales;manual;alta;56900
NIK-171-41;MARTILLO DE GOMA 32 ONZAS;HERRAMIENTA MANUAL;MARTILLOS;GRUPO NIKATTO;Herramientas Manuales;manual;alta;217900
NIK-18-001;JGO DE LLAVES HEXAGONALES MÉTRICAS 8 PZAS 1.5MM A 6MM;HERRAMIENTA MANUAL;LLAVES HEXAGONALES;GRUPO NIKATTO;Herramientas Mecánicas;mecanica;alta;413800
NIK-18-002;"JGO DE LLAVES HEXAGONALES SAE 8 PZAS 1/16"" A 1/4""";HERRAMIENTA MANUAL;LLAVES HEXAGONALES;GRUPO NIKATTO;Herramientas Mecánicas;mecanica;alta;436200
NIK-18-003;JGO DE LLAVES HEXAGONALES MÉTRICAS 10 PZAS 1.5MM A 10MM;HERRAMIENTA MANUAL;LLAVES HEXAGONALES;GRUPO NIKATTO;Herramientas Mecánicas;mecanica;alta;227100
NIK-18-004;"JGO DE LLAVES HEXAGONALES SAE 10 PZAS 1/16"" A 3/8""";HERRAMIENTA MANUAL;LLAVES HEXAGONALES;GRUPO NIKATTO;Herramientas Mecánicas;mecanica;alta;145900
NIK-18-005;"JGO DE LLAVES HEXAGONALES SAE & MÉTRICO 20 PZAS 1/16"" A 3/8"" - 1.5MM A 10MM";HERRAMIENTA MANUAL;LLAVES HEXAGONALES;GRUPO NIKATTO;Herramientas Mecánicas;mecanica;alta;439100
NIK-18-006;JGO DE LLAVES HEXAGONALES LARGAS PUNTA REDONDA MÉTRICAS 9 PZAS 1.5 A 10MM;HERRAMIENTA MANUAL;LLAVES HEXAGONALES;GRUPO NIKATTO;Herramientas Mecánicas;mecanica;alta;387500
NIK-18-007;"JGO DE LLAVES HEXAGONALES LARGAS PUNTA REDONDA SAE 9 PZAS 1/16"" A 3/8""";HERRAMIENTA MANUAL;LLAVES HEXAGONALES;GRUPO NIKATTO;Herramientas Mecánicas;mecanica;alta;229400
NIK-18-009;JGO DE LLAVES HEXAGONALES MÉTRICAS 8 PZAS 1.5 A 8MM TIPO LLAVERO;HERRAMIENTA MANUAL;LLAVES HEXAGONALES;GRUPO NIKATTO;Herramientas Mecánicas;mecanica;alta;173100
NIK-18-011;JGO DE LLAVES HEXAGONALES TORX 8 PZAS DE T9 A T40 TIPO LLAVERO;HERRAMIENTA MANUAL;LLAVES HEXAGONALES;GRUPO NIKATTO;Herramientas Mecánicas;mecanica;alta;62800
NIK-190-04;"REMACHADORA PARA TRABAJO PESADO - 4 BOQUILLAS (1/8"", 3/32"", 5/32"", 3/16"")";HERRAMIENTA MANUAL;REMACHADORAS;GRUPO NIKATTO;Herramientas Manuales;manual;alta;238400
NIK-190-05;"REMACHADORA CON CABEZA GIRATORIA - 4 BOQUILLAS (1/8"", 3/32"", 5/32"", 3/16"")";HERRAMIENTA MANUAL;REMACHADORAS;GRUPO NIKATTO;Herramientas Manuales;manual;alta;79900
NIK-190-06;"REMACHADORA PARA TRABAJO MEDIANO - 3 BOQUILLAS (1/8"", 5/32"", 3/16"")";HERRAMIENTA MANUAL;REMACHADORAS;GRUPO NIKATTO;Herramientas Manuales;manual;alta;234600
NIK-190-10;ENGRAPADORA DE USO LIGERO TIPO J21;HERRAMIENTA MANUAL;ENGRAPADORAS;GRUPO NIKATTO;Herramientas Manuales;linea:HERRAMIENTA MANUAL;baja;57700
NIK-190-11;ENGRAPADORA DE USO PESADO TIPO T50;HERRAMIENTA MANUAL;ENGRAPADORAS;GRUPO NIKATTO;Herramientas Manuales;linea:HERRAMIENTA MANUAL;baja;60000
NIK-223-02;"JGO DESTORN PRO 6PZ COMBINADO (1/4X4"",1/4X6"", 3/16X4"", 3/16X6"",#1X4"",#2X4"")";HERRAMIENTA MANUAL;DESTORNILLADORES;GRUPO NIKATTO;Herramientas Manuales;sublinea:DESTORNILLADORES;media;19500
NIK-EC24;"ESCUADRA DE CARPINTERO DE ACERO 24""";HERRAMIENTA MANUAL;ESCUADRAS;GRUPO NIKATTO;Herramientas de Medición;medicion;alta;280200
NIK-ECO-11;CINTA METRICA DE 3 METROS - 10 PIES;HERRAMIENTA MANUAL;FLEXOMETROS;GRUPO NIKATTO;Herramientas de Medición;medicion;alta;131600
NIK-ECO-11-1;CINTA METRICA ECONOMICA DE 3 METROS - 10 PIES;HERRAMIENTA MANUAL;FLEXOMETROS;GRUPO NIKATTO;Herramientas de Medición;medicion;alta;344800
NIK-ECO-15;CINTA METRICA DE 5 METROS - 16 PIES;HERRAMIENTA MANUAL;FLEXOMETROS;GRUPO NIKATTO;Herramientas de Medición;medicion;alta;221200
NIK-ECO-15-1;CINTA METRICA ECONOMICA DE 5 METROS - 16 PIES;HERRAMIENTA MANUAL;FLEXOMETROS;GRUPO NIKATTO;Herramientas de Medición;medicion;alta;179200
NIK-ECO-28;CINTA METRICA DE 8 METROS - 26 PIES;HERRAMIENTA MANUAL;FLEXOMETROS;GRUPO NIKATTO;Herramientas de Medición;medicion;alta;220600
NIK-ECO-28-1;CINTA METRICA ECONOMICA DE 8 METROS - 26 PIES;HERRAMIENTA MANUAL;FLEXOMETROS;GRUPO NIKATTO;Herramientas de Medición;medicion;alta;207400
NIK-EMP10;"ESCUADRA ECONOMICA 10""";HERRAMIENTA MANUAL;ESCUADRAS;GRUPO NIKATTO;Herramientas de Medición;medicion;alta;44600
NIK-EMP12;"ESCUADRA ECONOMICA 12""";HERRAMIENTA MANUAL;ESCUADRAS;GRUPO NIKATTO;Herramientas de Medición;medicion;alta;172300
NIK-EMP8;"ESCUADRA ECONOMICA 8""";HERRAMIENTA MANUAL;ESCUADRAS;GRUPO NIKATTO;Herramientas de Medición;medicion;alta;270900
NIK-EPR12;"ESCUADRA PROFESIONAL 12""";HERRAMIENTA MANUAL;ESCUADRAS;GRUPO NIKATTO;Herramientas de Medición;medicion;alta;150500
NIK-EPR8;"ESCUADRA PROFESIONAL 8""";HERRAMIENTA MANUAL;ESCUADRAS;GRUPO NIKATTO;Herramientas de Medición;medicion;alta;234900
NIK-JN222;CUCHILLA REPUESTO CORTABALDOSA NIK-MT648;HERRAMIENTA MANUAL;CORTABALDOSAS;GRUPO NIKATTO;Herramientas de Corte;corte:corta*;alta;92600
NIK-MT532;"CORTABALDOSA (32"")";HERRAMIENTA MANUAL;CORTABALDOSAS;GRUPO NIKATTO;Herramientas de Corte;corte:corta*;alta;128900
NIK-MT626EE;"CORTABALDOSA 660MM (26"")";HERRAMIENTA MANUAL;CORTABALDOSAS;GRUPO NIKATTO;Herramientas de Corte;corte:corta*;alta;11500
NIK-MT636FB;"CORTABALDOSA 900MM (36"")";HERRAMIENTA MANUAL;CORTABALDOSAS;GRUPO NIKATTO;Herramientas de Corte;corte:corta*;alta;152200
NIK-MT648;"CORTABALDOSA (48"")";HERRAMIENTA MANUAL;CORTABALDOSAS;GRUPO NIKATTO;Herramientas de Corte;corte:corta*;alta;49700
NIK-MWJ22;CUCHILLA REPUESTO CORTABALDOSA NIK-MT532;HERRAMIENTA MANUAL;CORTABALDOSAS;GRUPO NIKATTO;Herramientas de Corte;corte:corta*;alta;90100
NIK-PRO-14-1;CINTA METRICA PROFESIONAL DE 3 METROS - 10 PIES;HERRAMIENTA MANUAL;FLEXOMETROS;GRUPO NIKATTO;Herramientas de Medición;medicion;alta;169500
NIK-PRO-15-1;CINTA METRICA PROFESIONAL DE 5 METROS - 16 PIES;HERRAMIENTA MANUAL;FLEXOMETROS;GRUPO NIKATTO;Herramientas de Medición;medicion;alta;321000
NIK-PRO-17-1;CINTA METRICA PROFESIONAL DE 8 METROS - 26 PIES;HERRAMIENTA MANUAL;FLEXOMETROS;GRUPO NIKATTO;Herramientas de Medición;medicion;alta;50600
HDM-200-01;"LLAVE AJUSTABLE CROMADA 6""";HERRAMIENTA MECANICA;LLAVE AJUSTABLE;GRUPO NIKATTO;Herramientas Mecánicas;mecanica;alta;87000
HDM-200-02;"LLAVE AJUSTABLE CROMADA 8""";HERRAMIENTA MECANICA;LLAVE AJUSTABLE;GRUPO NIKATTO;Herramientas Mecánicas;mecanica;alta;260100
HDM-200-03;"LLAVE AJUSTABLE CROMADA 10""";HERRAMIENTA MECANICA;LLAVE AJUSTABLE;GRUPO NIKATTO;Herramientas Mecánicas;mecanica;alta;288000
HDM-200-04;"LLAVE AJUSTABLE CROMADA 12""";HERRAMIENTA MECANICA;LLAVE AJUSTABLE;GRUPO NIKATTO;Herramientas Mecánicas;mecanica;alta;216200
HDM-200-05;"LLAVE AJUSTABLE CROMADA 15""";HERRAMIENTA MECANICA;LLAVE AJUSTABLE;GRUPO NIKATTO;Herramientas Mecánicas;mecanica;alta;174800
HDM-200-06;"LLAVE AJUSTABLE NEGRA FOSFATADA 10""";HERRAMIENTA MECANICA;LLAVE AJUSTABLE;GRUPO NIKATTO;Herramientas Mecánicas;mecanica;alta;367800
HDM-200-07;"LLAVE AJUSTABLE NEGRA FOSFATADA 12""";HERRAMIENTA MECANICA;LLAVE AJUSTABLE;GRUPO NIKATTO;Herramientas Mecánicas;mecanica;alta;276600
HDM-200-07-02;"LLAVE DE TUBO CUERPO DE HIERRO 8"" 203 MM";HERRAMIENTA MECANICA;LLAVES DE TUBO;GRUPO NIKATTO;Herramientas Mecánicas;mecanica;alta;116300
HDM-200-08;"LLAVE DE TUBO CUERPO DE HIERRO 10"" 254MM";HERRAMIENTA MECANICA;LLAVES DE TUBO;GRUPO NIKATTO;Herramientas Mecánicas;mecanica;alta;341600
HDM-200-09;"LLAVE DE TUBO CUERPO DE HIERRO 12"" 304 MM";HERRAMIENTA MECANICA;LLAVES DE TUBO;GRUPO NIKATTO;Herramientas Mecánicas;mecanica;alta;237500
HDM-200-10;"LLAVE DE TUBO CUERPO DE HIERRO 14"" 355 MM";HERRAMIENTA MECANICA;LLAVES DE TUBO;GRUPO NIKATTO;Herramientas Mecánicas;mecanica;alta;182600
HDM-200-11;"LLAVE DE TUBO CUERPO DE HIERRO 18"" 457 MM";HERRAMIENTA MECANICA;LLAVES DE TUBO;GRUPO NIKATTO;Herramientas Mecánicas;mecanica;alta;225800
HDM-200-12;"LLAVE DE TUBO CUERPO DE HIERRO 24"" 609 MM";HERRAMIENTA MECANICA;LLAVES DE TUBO;GRUPO NIKATTO;Herramientas Mecánicas;mecanica;alta;184900
HDM-200-13;"LLAVE DE TUBO CUERPO DE HIERRO 36"" 914 MM";HERRAMIENTA MECANICA;LLAVES DE TUBO;GRUPO NIKATTO;Herramientas Mecánicas;mecanica;alta;394300
HDM-223-15;PUNTAS DESTORN PHILLIPS #2-2 PULG (50MM);HERRAMIENTA MECANICA;PUNTAS;GRUPO NIKATTO;Herramientas Mecánicas;linea:HERRAMIENTA MECANICA;baja;343200
HDM-223-16;JGO PUNTAS DESTORN PHILLIPS #2-2 PULG (50MM) - CAJA PLASTICA X 10 UNIDADES;HERRAMIENTA MECANICA;PUNTAS;GRUPO NIKATTO;Herramientas Mecánicas;linea:HERRAMIENTA MECANICA;baja;285000
HDM-76-005;"DADO ESTÁNDAR MÉTRICO DE 6PT MANDO DE 1/4"" DE 7MM";HERRAMIENTA MECANICA;DADOS;GRUPO NIKATTO;Herramientas Mecánicas;mecanica;alta;29900
HDM-76-006;"DADO ESTÁNDAR MÉTRICO DE 6PT MANDO DE 1/4"" DE 8MM";HERRAMIENTA MECANICA;DADOS;GRUPO NIKATTO;Herramientas Mecánicas;mecanica;alta;263200
HDM-76-008;"DADO ESTÁNDAR MÉTRICO DE 6PT MANDO DE 1/4"" DE 10 MM";HERRAMIENTA MECANICA;DADOS;GRUPO NIKATTO;Herramientas Mecánicas;mecanica;alta;314100
HDM-76-009;"DADO ESTÁNDAR MÉTRICO DE 6PT MANDO DE 1/4"" DE 11MM";HERRAMIENTA MECANICA;DADOS;GRUPO NIKATTO;Herramientas Mecánicas;mecanica;alta;147800
HDM-76-010;"DADO ESTÁNDAR MÉTRICO DE 6PT MANDO DE 1/4"" DE 12MM";HERRAMIENTA MECANICA;DADOS;GRUPO NIKATTO;Herramientas Mecánicas;mecanica;alta;319000
HDM-760100;"MACHO EN ACERO, DIMENSION:1/8""-27 NPT";HERRAMIENTA MECANICA;MACHOS;GRUPO NIKATTO;Herramientas de Aire;aire;alta;2213900
HDM-760110;"MACHO EN ACERO, DIMENSION:1/4""-18 NPT";HERRAMIENTA MECANICA;MACHOS;GRUPO NIKATTO;Herramientas de Aire;aire;alta;805600
HDM-760120;"MACHO EN ACERO, DIMENSION:3/8""-18 NPT";HERRAMIENTA MECANICA;MACHOS;GRUPO NIKATTO;Herramientas de Aire;aire;alta;2319800
HDM-760130;"MACHO EN ACERO, DIMENSION:1/2""-14 NPT";HERRAMIENTA MECANICA;MACHOS;GRUPO NIKATTO;Herramientas de Aire;aire;alta;995700
HDM-760140;"MACHO EN ACERO, DIMENSION:3/4""-14 NPT";HERRAMIENTA MECANICA;MACHOS;GRUPO NIKATTO;Herramientas de Aire;aire;alta;114900
HDM-76-015;"DADO LARGO MÉTRICO DE 6PT MANDO DE 1/4"" DE 6MM";HERRAMIENTA MECANICA;DADOS;GRUPO NIKATTO;Herramientas Mecánicas;mecanica;alta;246600
HDM-760150;"MACHO EN ACERO, DIMENSION:1""-11.5 NPT";HERRAMIENTA MECANICA;MACHOS;GRUPO NIKATTO;Herramientas de Aire;aire;alta;221500
HDM-76-016;"DADO LARGO MÉTRICO DE 6PT MANDO DE 1/4"" DE 7MM";HERRAMIENTA MECANICA;DADOS;GRUPO NIKATTO;Herramientas Mecánicas;mecanica;alta;264800
HDM-760160;JUEGO DE MACHO (3 PZS) M3-0,5;HERRAMIENTA MECANICA;MACHOS;GRUPO NIKATTO;Herramientas Mecánicas;mecanica;alta;426100
HDM-76-017;"DADO LARGO MÉTRICO DE 6PT MANDO DE 1/4"" DE 8MM";HERRAMIENTA MECANICA;DADOS;GRUPO NIKATTO;Herramientas Mecánicas;mecanica;alta;230400
HDM-760170;JUEGO DE MACHO (3 PZS) M4-0,75;HERRAMIENTA MECANICA;MACHOS;GRUPO NIKATTO;Herramientas Mecánicas;mecanica;alta;103900
HDM-760180;JUEGO DE MACHO (3 PZS) M5-0,8;HERRAMIENTA MECANICA;MACHOS;GRUPO NIKATTO;Herramientas Mecánicas;mecanica;alta;228300
HDM-76-019;"DADO LARGO MÉTRICO DE 6PT MANDO DE 1/4"" DE 10MM";HERRAMIENTA MECANICA;DADOS;GRUPO NIKATTO;Herramientas Mecánicas;mecanica;alta;261300
HDM-760190;JUEGO DE MACHO (3 PZS) M6-1,0;HERRAMIENTA MECANICA;MACHOS;GRUPO NIKATTO;Herramientas Mecánicas;mecanica;alta;340400
HDM-760200;JUEGO DE MACHO (3 PZS) M7-1,0;HERRAMIENTA MECANICA;MACHOS;GRUPO NIKATTO;Herramientas Mecánicas;mecanica;alta;113700
HDM-760210;JUEGO DE MACHO (3 PZS) M8-1,0;HERRAMIENTA MECANICA;MACHOS;GRUPO NIKATTO;Herramientas Mecánicas;mecanica;alta;74500
HDM-760220;JUEGO DE MACHO (3 PZS) M8-1,25;HERRAMIENTA MECANICA;MACHOS;GRUPO NIKATTO;Herramientas Mecánicas;mecanica;alta;360200
HDM-760230;JUEGO DE MACHO (3 PZS) M10-1,0;HERRAMIENTA MECANICA;MACHOS;GRUPO NIKATTO;Herramientas Mecánicas;mecanica;alta;343500
HDM-760240;JUEGO DE MACHO (3 PZS) M10-1,25;HERRAMIENTA MECANICA;MACHOS;GRUPO NIKATTO;Herramientas Mecánicas;mecanica;alta;268200
HDM-760250;JUEGO DE MACHO (3 PZS) M10-1,5;HERRAMIENTA MECANICA;MACHOS;GRUPO NIKATTO;Herramientas Mecánicas;mecanica;alta;212600
HDM-760260;JUEGO DE MACHO (3 PZS) M12-1,25;HERRAMIENTA MECANICA;MACHOS;GRUPO NIKATTO;Herramientas Mecánicas;mecanica;alta;68000
HDM-760270;JUEGO DE MACHO (3 PZS) M12-1,5;HERRAMIENTA MECANICA;MACHOS;GRUPO NIKATTO;Herramientas Mecánicas;mecanica;alta;412500
HDM-760280;JUEGO DE MACHO (3 PZS) M12-1,75;HERRAMIENTA MECANICA;MACHOS;GRUPO NIKATTO;Herramientas Mecánicas;mecanica;alta;224700
HDM-760290;JUEGO DE MACHO (3 PZS) M14-1,5;HERRAMIENTA MECANICA;MACHOS;GRUPO NIKATTO;Herramientas Mecánicas;mecanica;alta;40600
HDM-760300;JUEGO DE MACHO (3 PZS) M14-2,0;HERRAMIENTA MECANICA;MACHOS;GRUPO NIKATTO;Herramientas Mecánicas;mecanica;alta;327400
HDM-760310;JUEGO DE MACHO (3 PZS) M16-1,5;HERRAMIENTA MECANICA;MACHOS;GRUPO NIKATTO;Herramientas Mecánicas;mecanica;alta;445400
HDM-760320;JUEGO DE MACHO (3 PZS) M16-2,0;HERRAMIENTA MECANICA;MACHOS;GRUPO NIKATTO;Herramientas Mecánicas;mecanica;alta;87200
HDM-760330;JUEGO DE MACHO (3 PZS) M18-1,5;HERRAMIENTA MECANICA;MACHOS;GRUPO NIKATTO;Herramientas Mecánicas;mecanica;alta;285100
HDM-760340;JUEGO DE MACHO (3 PZS) M18-2,5;HERRAMIENTA MECANICA;MACHOS;GRUPO NIKATTO;Herramientas Mecánicas;mecanica;alta;410000
HDM-760350;JUEGO DE MACHO (3 PZS) M20-1,5;HERRAMIENTA MECANICA;MACHOS;GRUPO NIKATTO;Herramientas Mecánicas;mecanica;alta;259400
HDM-760360;JUEGO DE MACHO (3 PZS) M20-2,5;HERRAMIENTA MECANICA;MACHOS;GRUPO NIKATTO;Herramientas Mecánicas;mecanica;alta;238300
HDM-760370;JUEGO DE MACHO (3 PZS) M22-1,5;HERRAMIENTA MECANICA;MACHOS;GRUPO NIKATTO;Herramientas Mecánicas;mecanica;alta;124800
HDM-760380;JUEGO DE MACHO (3 PZS) M22-2,5;HERRAMIENTA MECANICA;MACHOS;GRUPO NIKATTO;Herramientas Mecánicas;mecanica;alta;202700
HDM-760390;JUEGO DE MACHO (3 PZS) M24-1,5;HERRAMIENTA MECANICA;MACHOS;GRUPO NIKATTO;Herramientas Mecánicas;mecanica;alta;64000
HDM-760400;JUEGO DE MACHO (3 PZS) M24-3,0;HERRAMIENTA MECANICA;MACHOS;GRUPO NIKATTO;Herramientas Mecánicas;mecanica;alta;256900
HDM-760420;"JUEGO DE MACHO (3 PZS) UNC 1/8"" (5-40)";HERRAMIENTA MECANICA;MACHOS;GRUPO NIKATTO;Herramientas Mecánicas;mecanica;alta;369300
HDM-760430;JUEGO DE MACHO (3 PZS) UNC 5/32 (8-32);HERRAMIENTA MECANICA;MACHOS;GRUPO NIKATTO;Herramientas Mecánicas;mecanica;alta;134600
HDM-760440;JUEGO DE MACHO (3 PZS) UNC 3/16 (10-24);HERRAMIENTA MECANICA;MACHOS;GRUPO NIKATTO;Herramientas Mecánicas;mecanica;alta;77900
HDM-760450;JUEGO DE MACHO (3 PZS) UNC 1/4-20;HERRAMIENTA MECANICA;MACHOS;GRUPO NIKATTO;Herramientas Mecánicas;mecanica;alta;74300
HDM-760460;JUEGO DE MACHO (3 PZS) UNC 5/16-18;HERRAMIENTA MECANICA;MACHOS;GRUPO NIKATTO;Herramientas Mecánicas;mecanica;alta;205000
HDM-760470;JUEGO DE MACHO (3 PZS) UNC 3/8-16;HERRAMIENTA MECANICA;MACHOS;GRUPO NIKATTO;Herramientas Mecánicas;mecanica;alta;434500
HDM-760480;JUEGO DE MACHO (3 PZS) UNC 7/16-14;HERRAMIENTA MECANICA;MACHOS;GRUPO NIKATTO;Herramientas Mecánicas;mecanica;alta;429900
HDM-760490;JUEGO DE MACHO (3 PZS) UNC 1/2-13;HERRAMIENTA MECANICA;MACHOS;GRUPO NIKATTO;Herramientas Mecánicas;mecanica;alta;44300
HDM-760500;JUEGO DE MACHO (3 PZS) UNC 9/16-12;HERRAMIENTA MECANICA;MACHOS;GRUPO NIKATTO;Herramientas Mecánicas;mecanica;alta;434400
HDM-760510;JUEGO DE MACHO (3 PZS) UNC 5/8-11;HERRAMIENTA MECANICA;MACHOS;GRUPO NIKATTO;Herramientas Mecánicas;mecanica;alta;16100
HDM-760520;JUEGO DE MACHO (3 PZS) UNC 3/4-10;HERRAMIENTA MECANICA;MACHOS;GRUPO NIKATTO;Herramientas Mecánicas;mecanica;alta;213200
HDM-760530;JUEGO DE MACHO (3 PZS) UNC 7/8-9;HERRAMIENTA MECANICA;MACHOS;GRUPO NIKATTO;Herramientas Mecánicas;mecanica;alta;161900
HDM-760540;"JUEGO DE MACHO (3 PZS) UNC 1""-8";HERRAMIENTA MECANICA;MACHOS;GRUPO NIKATTO;Herramientas Mecánicas;mecanica;alta;364700
HDM-760560;"JUEGO DE MACHO (3 PZS) UNF 3/16"" (10-32)";HERRAMIENTA MECANICA;MACHOS;GRUPO NIKATTO;Herramientas Mecánicas;mecanica;alta;34700
HDM-760570;JUEGO DE MACHO (3 PZS) UNF 1/4-28;HERRAMIENTA MECANICA;MACHOS;GRUPO NIKATTO;Herramientas Mecánicas;mecanica;alta;315300
HDM-760580;JUEGO DE MACHO (3 PZS) UNF 5/16-24;HERRAMIENTA MECANICA;MACHOS;GRUPO NIKATTO;Herramientas Mecánicas;mecanica;alta;156700
HDM-760590;JUEGO DE MACHO (3 PZS) UNF 3/8-24;HERRAMIENTA MECANICA;MACHOS;GRUPO NIKATTO;Herramientas Mecánicas;mecanica;alta;118400
HDM-760600;JUEGO DE MACHO (3 PZS) UNF 7/16-20;HERRAMIENTA MECANICA;MACHOS;GRUPO NIKATTO;Herramientas Mecánicas;mecanica;alta;12700
HDM-760610;JUEGO DE MACHO (3 PZS) UNF 1/2-20;HERRAMIENTA MECANICA;MACHOS;GRUPO NIKATTO;Herramientas Mecánicas;mecanica;alta;191400
HDM-760620;JUEGO DE MACHO (3 PZS) UNF 9/16-18;HERRAMIENTA MECANICA;MACHOS;GRUPO NIKATTO;Herramientas Mecánicas;mecanica;alta;88300
HDM-760630;JUEGO DE MACHO (3 PZS) UNF 5/8-18;HERRAMIENTA MECANICA;MACHOS;GRUPO NIKATTO;Herramientas Mecánicas;mecanica;alta;176700
HDM-760640;JUEGO DE MACHO (3 PZS) UNF 3/4-16;HERRAMIENTA MECANICA;MACHOS;GRUPO NIKATTO;Herramientas Mecánicas;mecanica;alta;371700
HDM-760650;JUEGO DE MACHO (3 PZS) UNF 7/8-14;HERRAMIENTA MECANICA;MACHOS;GRUPO NIKATTO;Herramientas Mecánicas;mecanica;alta;373300
HDM-760660;"JUEGO DE MACHO (3 PZS) UNF 1""-14";HERRAMIENTA MECANICA;MACHOS;GRUPO NIKATTO;Herramientas Mecánicas;mecanica;alta;362700
HDM-76-101;"DADO ESTÁNDAR SAE DE 6PT MANDO DE 3/8"" DE 1/4""";HERRAMIENTA MECANICA;DADOS;GRUPO NIKATTO;Herramientas Mecánicas;mecanica;alta;107000
HDM-76-102;"DADO ESTÁNDAR SAE DE 6PT MANDO DE 3/8"" DE 5/16""";HERRAMIENTA MECANICA;DADOS;GRUPO NIKATTO;Herramientas Mecánicas;mecanica;alta;162600
HDM-76-103;"DADO ESTÁNDAR SAE DE 6PT MANDO DE 3/8"" DE 3/8""";HERRAMIENTA MECANICA;DADOS;GRUPO NIKATTO;Herramientas Mecánicas;mecanica;alta;22400
HDM-76-104;"DADO ESTÁNDAR SAE DE 6PT MANDO DE 3/8"" DE 7/16""";HERRAMIENTA MECANICA;DADOS;GRUPO NIKATTO;Herramientas Mecánicas;mecanica;alta;363800
HDM-76-105;"DADO ESTÁNDAR SAE DE 6PT MANDO DE 3/8"" DE 1/2""";HERRAMIENTA MECANICA;DADOS;GRUPO NIKATTO;Herramientas Mecánicas;mecanica;alta;339000
HDM-76-106;"DADO ESTÁNDAR SAE DE 6PT MANDO DE 3/8"" DE 9/16""";HERRAMIENTA MECANICA;DADOS;GRUPO NIKATTO;Herramientas Mecánicas;mecanica;alta;57000
HDM-76-107;"DADO ESTÁNDAR SAE DE 6PT MANDO DE 3/8"" DE 5/8""";HERRAMIENTA MECANICA;DADOS;GRUPO NIKATTO;Herramientas Mecánicas;mecanica;alta;14700
HDM-76-109;"DADO ESTÁNDAR SAE DE 6PT MANDO DE 3/8"" DE 3/4""";HERRAMIENTA MECANICA;DADOS;GRUPO NIKATTO;Herramientas Mecánicas;mecanica;alta;347400
HDM-76-115;"DADO ESTÁNDAR MÉTRICO DE 6PT MANDO DE 3/8"" DE 6MM";HERRAMIENTA MECANICA;DADOS;GRUPO NIKATTO;Herramientas Mecánicas;mecanica;alta;416400
HDM-76-116;"DADO ESTÁNDAR MÉTRICO DE 6PT MANDO DE 3/8"" DE 7MM";HERRAMIENTA MECANICA;DADOS;GRUPO NIKATTO;Herramientas Mecánicas;mecanica;alta;417700
HDM-76-117;"DADO ESTÁNDAR MÉTRICO DE 6PT MANDO DE 3/8"" DE 8MM";HERRAMIENTA MECANICA;DADOS;GRUPO NIKATTO;Herramientas Mecánicas;mecanica;alta;281600
HDM-76-118;"DADO ESTÁNDAR MÉTRICO DE 6PT MANDO DE 3/8"" DE 9MM";HERRAMIENTA MECANICA;DADOS;GRUPO NIKATTO;Herramientas Mecánicas;mecanica;alta;208500
HDM-76-119;"DADO ESTÁNDAR MÉTRICO DE 6PT MANDO DE 3/8"" DE 10MM";HERRAMIENTA MECANICA;DADOS;GRUPO NIKATTO;Herramientas Mecánicas;mecanica;alta;255900
HDM-76-120;"DADO ESTÁNDAR MÉTRICO DE 6PT MANDO DE 3/8"" DE 11MM";HERRAMIENTA MECANICA;DADOS;GRUPO NIKATTO;Herramientas Mecánicas;mecanica;alta;257400
HDM-76-121;"DADO ESTÁNDAR MÉTRICO DE 6PT MANDO DE 3/8"" DE 12MM";HERRAMIENTA MECANICA;DADOS;GRUPO NIKATTO;Herramientas Mecánicas;mecanica;alta;262500
HDM-76-122;"DADO ESTÁNDAR MÉTRICO DE 6PT MANDO DE 3/8"" DE 13MM";HERRAMIENTA MECANICA;DADOS;GRUPO NIKATTO;Herramientas Mecánicas;mecanica;alta;14300
HDM-76-123;"DADO ESTÁNDAR MÉTRICO DE 6PT MANDO DE 3/8"" DE 14MM";HERRAMIENTA MECANICA;DADOS;GRUPO NIKATTO;Herramientas Mecánicas;mecanica;alta;105200
HDM-76-124;"DADO ESTÁNDAR MÉTRICO DE 6PT MANDO DE 3/8"" DE 15MM";HERRAMIENTA MECANICA;DADOS;GRUPO NIKATTO;Herramientas Mecánicas;mecanica;alta;431500
HDM-76-125;"DADO ESTÁNDAR MÉTRICO DE 6PT MANDO DE 3/8"" DE 16MM";HERRAMIENTA MECANICA;DADOS;GRUPO NIKATTO;Herramientas Mecánicas;mecanica;alta;26600
HDM-76-126;"DADO ESTÁNDAR MÉTRICO DE 6PT MANDO DE 3/8"" DE 17MM";HERRAMIENTA MECANICA;DADOS;GRUPO NIKATTO;Herramientas Mecánicas;mecanica;alta;367300
HDM-76-127;"DADO ESTÁNDAR MÉTRICO DE 6PT MANDO DE 3/8"" DE 18MM";HERRAMIENTA MECANICA;DADOS;GRUPO NIKATTO;Herramientas Mecánicas;mecanica;alta;205800
HDM-76-128;"DADO ESTÁNDAR MÉTRICO DE 6PT MANDO DE 3/8"" DE 19MM";HERRAMIENTA MECANICA;DADOS;GRUPO NIKATTO;Herramientas Mecánicas;mecanica;alta;243800
HDM-76-150;"DADO LARGO MÉTRICO DE 6PT MANDO DE 3/8"" DE 10MM";HERRAMIENTA MECANICA;DADOS;GRUPO NIKATTO;Herramientas Mecánicas;mecanica;alta;139800
HDM-76-152;"DADO LARGO MÉTRICO DE 6PT MANDO DE 3/8"" DE 12MM";HERRAMIENTA MECANICA;DADOS;GRUPO NIKATTO;Herramientas Mecánicas;mecanica;alta;96500
HDM-76-153;"DADO LARGO MÉTRICO DE 6PT MANDO DE 3/8"" DE 13MM";HERRAMIENTA MECANICA;DADOS;GRUPO NIKATTO;Herramientas Mecánicas;mecanica;alta;360500
HDM-76-154;"DADO LARGO MÉTRICO DE 6PT MANDO DE 3/8"" DE 14MM";HERRAMIENTA MECANICA;DADOS;GRUPO NIKATTO;Herramientas Mecánicas;mecanica;alta;79200
HDM-76-155;"DADO LARGO MÉTRICO DE 6PT MANDO DE 3/8"" DE 15MM";HERRAMIENTA MECANICA;DADOS;GRUPO NIKATTO;Herramientas Mecánicas;mecanica;alta;214200
HDM-76-157;"DADO LARGO MÉTRICO DE 6PT MANDO DE 3/8"" DE 17MM";HERRAMIENTA MECANICA;DADOS;GRUPO NIKATTO;Herramientas Mecánicas;mecanica;alta;56400
HDM-76-159;"DADO LARGO MÉTRICO DE 6PT MANDO DE 3/8"" DE 19MM";HERRAMIENTA MECANICA;DADOS;GRUPO NIKATTO;Herramientas Mecánicas;mecanica;alta;94400
HDM-76-185;"DADO CON PUNTA HEXAGONAL MÉTRICO MANDO 3/8"" 5MM";HERRAMIENTA MECANICA;DADOS;GRUPO NIKATTO;Herramientas Mecánicas;mecanica;alta;194700
HDM-76-186;"DADO CON PUNTA HEXAGONAL MÉTRICO MANDO 3/8"" 6MM";HERRAMIENTA MECANICA;DADOS;GRUPO NIKATTO;Herramientas Mecánicas;mecanica;alta;259500
HDM-76-194;"DADO CON PUNTA TORX MANDO 3/8"" T-25";HERRAMIENTA MECANICA;DADOS;GRUPO NIKATTO;Herramientas Mecánicas;mecanica;alta;165600
HDM-76-197;"DADO CON PUNTA TORX MANDO 3/8"" T-40";HERRAMIENTA MECANICA;DADOS;GRUPO NIKATTO;Herramientas Mecánicas;mecanica;alta;338700
HDM-76-201;"DADO ESTÁNDAR SAE DE 6PT MANDO DE 1/2"" DE 5/16""";HERRAMIENTA MECANICA;DADOS;GRUPO NIKATTO;Herramientas Mecánicas;mecanica;alta;208000
HDM-76-202;"DADO ESTÁNDAR SAE DE 6PT MANDO DE 1/2"" DE 3/8""";HERRAMIENTA MECANICA;DADOS;GRUPO NIKATTO;Herramientas Mecánicas;mecanica;alta;180300
HDM-76-203;"DADO ESTÁNDAR SAE DE 6PT MANDO DE 1/2"" DE 7/16""";HERRAMIENTA MECANICA;DADOS;GRUPO NIKATTO;Herramientas Mecánicas;mecanica;alta;66500
HDM-76-204;"DADO ESTÁNDAR SAE DE 6PT MANDO DE 1/2"" DE 1/2""";HERRAMIENTA MECANICA;DADOS;GRUPO NIKATTO;Herramientas Mecánicas;mecanica;alta;344700
HDM-76-205;"DADO ESTÁNDAR SAE DE 6PT MANDO DE 1/2"" DE 9/16""";HERRAMIENTA MECANICA;DADOS;GRUPO NIKATTO;Herramientas Mecánicas;mecanica;alta;316600
HDM-76-207;"DADO ESTÁNDAR SAE DE 6PT MANDO DE 1/2"" DE 5/8""";HERRAMIENTA MECANICA;DADOS;GRUPO NIKATTO;Herramientas Mecánicas;mecanica;alta;385200
HDM-76-208;"DADO ESTÁNDAR SAE DE 6PT MANDO DE 1/2"" DE 11/16""";HERRAMIENTA MECANICA;DADOS;GRUPO NIKATTO;Herramientas Mecánicas;mecanica;alta;416600
HDM-76-209;"DADO ESTÁNDAR SAE DE 6PT MANDO DE 1/2"" DE 3/4""";HERRAMIENTA MECANICA;DADOS;GRUPO NIKATTO;Herramientas Mecánicas;mecanica;alta;307700
HDM-76-210;"DADO ESTÁNDAR SAE DE 6PT MANDO DE 1/2"" DE 13/16""";HERRAMIENTA MECANICA;DADOS;GRUPO NIKATTO;Herramientas Mecánicas;mecanica;alta;282900
HDM-76-211;"DADO ESTÁNDAR SAE DE 6PT MANDO DE 1/2"" DE 7/8""";HERRAMIENTA MECANICA;DADOS;GRUPO NIKATTO;Herramientas Mecánicas;mecanica;alta;286900
HDM-76-212;"DADO ESTÁNDAR SAE DE 6PT MANDO DE 1/2"" DE 15/16""";HERRAMIENTA MECANICA;DADOS;GRUPO NIKATTO;Herramientas Mecánicas;mecanica;alta;292800
HDM-76-214;"DADO ESTÁNDAR SAE DE 6PT MANDO DE 1/2"" DE 1""";HERRAMIENTA MECANICA;DADOS;GRUPO NIKATTO;Herramientas Mecánicas;mecanica;alta;441600
HDM-76-215;"DADO ESTÁNDAR SAE DE 6PT MANDO DE 1/2"" DE 1-1/16""";HERRAMIENTA MECANICA;DADOS;GRUPO NIKATTO;Herramientas Mecánicas;mecanica;alta;15100
HDM-76-216;"DADO ESTÁNDAR SAE DE 6PT MANDO DE 1/2"" DE 1-1/8""";HERRAMIENTA MECANICA;DADOS;GRUPO NIKATTO;Herramientas Mecánicas;mecanica;alta;377700
HDM-76-218;"DADO ESTÁNDAR SAE DE 6PT MANDO DE 1/2"" DE 1-1/4""";HERRAMIENTA MECANICA;DADOS;GRUPO NIKATTO;Herramientas Mecánicas;mecanica;alta;209100
HDM-76-242;"DADO ESTÁNDAR SAE DE 12PT MANDO DE 1/2"" DE 3/8""";HERRAMIENTA MECANICA;DADOS;GRUPO NIKATTO;Herramientas Mecánicas;mecanica;alta;28000
HDM-76-243;"DADO ESTÁNDAR SAE DE 12PT MANDO DE 1/2"" DE 7/16""";HERRAMIENTA MECANICA;DADOS;GRUPO NIKATTO;Herramientas Mecánicas;mecanica;alta;164800
HDM-76-244;"DADO ESTÁNDAR SAE DE 12PT MANDO DE 1/2"" DE 1/2""";HERRAMIENTA MECANICA;DADOS;GRUPO NIKATTO;Herramientas Mecánicas;mecanica;alta;155300
HDM-76-245;"DADO ESTÁNDAR SAE DE 12PT MANDO DE 1/2"" DE 9/16""";HERRAMIENTA MECANICA;DADOS;GRUPO NIKATTO;Herramientas Mecánicas;mecanica;alta;21300
HDM-76-247;"DADO ESTÁNDAR SAE DE 12PT MANDO DE 1/2"" DE 11/16""";HERRAMIENTA MECANICA;DADOS;GRUPO NIKATTO;Herramientas Mecánicas;mecanica;alta;121900
HDM-76-248;"DADO ESTÁNDAR SAE DE 12PT MANDO DE 1/2"" DE 3/4""";HERRAMIENTA MECANICA;DADOS;GRUPO NIKATTO;Herramientas Mecánicas;mecanica;alta;173800
HDM-76-250;"DADO ESTÁNDAR SAE DE 12PT MANDO DE 1/2"" DE 13/16""";HERRAMIENTA MECANICA;DADOS;GRUPO NIKATTO;Herramientas Mecánicas;mecanica;alta;320700
HDM-76-251;"DADO ESTÁNDAR SAE DE 12PT MANDO DE 1/2"" DE 7/8""";HERRAMIENTA MECANICA;DADOS;GRUPO NIKATTO;Herramientas Mecánicas;mecanica;alta;312800
HDM-76-252;"DADO ESTÁNDAR SAE DE 12PT MANDO DE 1/2"" DE 15/16""";HERRAMIENTA MECANICA;DADOS;GRUPO NIKATTO;Herramientas Mecánicas;mecanica;alta;116000
HDM-76-254;"DADO ESTÁNDAR SAE DE 12PT MANDO DE 1/2"" DE 1-1/16""";HERRAMIENTA MECANICA;DADOS;GRUPO NIKATTO;Herramientas Mecánicas;mecanica;alta;124200
HDM-76-255;"DADO ESTÁNDAR SAE DE 12PT MANDO DE 1/2"" DE 1-1/8""";HERRAMIENTA MECANICA;DADOS;GRUPO NIKATTO;Herramientas Mecánicas;mecanica;alta;189100
HDM-76-300;"DADO ESTÁNDAR MÉTRICO DE 6PT MANDO DE 1/2"" DE 8MM";HERRAMIENTA MECANICA;DADOS;GRUPO NIKATTO;Herramientas Mecánicas;mecanica;alta;80300
HDM-76-301;"DADO ESTÁNDAR MÉTRICO DE 6PT MANDO DE 1/2"" DE 9MM";HERRAMIENTA MECANICA;DADOS;GRUPO NIKATTO;Herramientas Mecánicas;mecanica;alta;379700
HDM-76-302;"DADO ESTÁNDAR MÉTRICO DE 6PT MANDO DE 1/2"" DE 10MM";HERRAMIENTA MECANICA;DADOS;GRUPO NIKATTO;Herramientas Mecánicas;mecanica;alta;109500
HDM-76-303;"DADO ESTÁNDAR MÉTRICO DE 6PT MANDO DE 1/2"" DE 11MM";HERRAMIENTA MECANICA;DADOS;GRUPO NIKATTO;Herramientas Mecánicas;mecanica;alta;46000
HDM-76-304;"DADO ESTÁNDAR MÉTRICO DE 6PT MANDO DE 1/2"" DE 12MM";HERRAMIENTA MECANICA;DADOS;GRUPO NIKATTO;Herramientas Mecánicas;mecanica;alta;436000
HDM-76-305;"DADO ESTÁNDAR MÉTRICO DE 6PT MANDO DE 1/2"" DE 13MM";HERRAMIENTA MECANICA;DADOS;GRUPO NIKATTO;Herramientas Mecánicas;mecanica;alta;421600
HDM-76-306;"DADO ESTÁNDAR MÉTRICO DE 6PT MANDO DE 1/2"" DE 14MM";HERRAMIENTA MECANICA;DADOS;GRUPO NIKATTO;Herramientas Mecánicas;mecanica;alta;175800
HDM-76-307;"DADO ESTÁNDAR MÉTRICO DE 6PT MANDO DE 1/2"" DE 15MM";HERRAMIENTA MECANICA;DADOS;GRUPO NIKATTO;Herramientas Mecánicas;mecanica;alta;325200
HDM-76-308;"DADO ESTÁNDAR MÉTRICO DE 6PT MANDO DE 1/2"" DE 16MM";HERRAMIENTA MECANICA;DADOS;GRUPO NIKATTO;Herramientas Mecánicas;mecanica;alta;367500
HDM-76-309;"DADO ESTÁNDAR MÉTRICO DE 6PT MANDO DE 1/2"" DE 17MM";HERRAMIENTA MECANICA;DADOS;GRUPO NIKATTO;Herramientas Mecánicas;mecanica;alta;220200
HDM-76-310;"DADO ESTÁNDAR MÉTRICO DE 6PT MANDO DE 1/2"" DE 18MM";HERRAMIENTA MECANICA;DADOS;GRUPO NIKATTO;Herramientas Mecánicas;mecanica;alta;111100
HDM-76-311;"DADO ESTÁNDAR MÉTRICO DE 6PT MANDO DE 1/2"" DE 19MM";HERRAMIENTA MECANICA;DADOS;GRUPO NIKATTO;Herramientas Mecánicas;mecanica;alta;268900
HDM-76-312;"DADO ESTÁNDAR MÉTRICO DE 6PT MANDO DE 1/2"" DE 20MM";HERRAMIENTA MECANICA;DADOS;GRUPO NIKATTO;Herramientas Mecánicas;mecanica;alta;68200
HDM-76-313;"DADO ESTÁNDAR MÉTRICO DE 6PT MANDO DE 1/2"" DE 21MM";HERRAMIENTA MECANICA;DADOS;GRUPO NIKATTO;Herramientas Mecánicas;mecanica;alta;365100
HDM-76-314;"DADO ESTÁNDAR MÉTRICO DE 6PT MANDO DE 1/2"" DE 22MM";HERRAMIENTA MECANICA;DADOS;GRUPO NIKATTO;Herramientas Mecánicas;mecanica;alta;81900
HDM-76-315;"DADO ESTÁNDAR MÉTRICO DE 6PT MANDO DE 1/2"" DE 23MM";HERRAMIENTA MECANICA;DADOS;GRUPO NIKATTO;Herramientas Mecánicas;mecanica;alta;396700
HDM-76-316;"DADO ESTÁNDAR MÉTRICO DE 6PT MANDO DE 1/2"" DE 24MM";HERRAMIENTA MECANICA;DADOS;GRUPO NIKATTO;Herramientas Mecánicas;mecanica;alta;132400
HDM-76-317;"DADO ESTÁNDAR MÉTRICO DE 6PT MANDO DE 1/2"" DE 25MM";HERRAMIENTA MECANICA;DADOS;GRUPO NIKATTO;Herramientas Mecánicas;mecanica;alta;55000
HDM-76-318;"DADO ESTÁNDAR MÉTRICO DE 6PT MANDO DE 1/2"" DE 26MM";HERRAMIENTA MECANICA;DADOS;GRUPO NIKATTO;Herramientas Mecánicas;mecanica;alta;216800
HDM-76-319;"DADO ESTÁNDAR MÉTRICO DE 6PT MANDO DE 1/2"" DE 27MM";HERRAMIENTA MECANICA;DADOS;GRUPO NIKATTO;Herramientas Mecánicas;mecanica;alta;327900
HDM-76-320;"DADO ESTÁNDAR MÉTRICO DE 6PT MANDO DE 1/2"" DE 28MM";HERRAMIENTA MECANICA;DADOS;GRUPO NIKATTO;Herramientas Mecánicas;mecanica;alta;109800
HDM-76-321;"DADO ESTÁNDAR MÉTRICO DE 6PT MANDO DE 1/2"" DE 29MM";HERRAMIENTA MECANICA;DADOS;GRUPO NIKATTO;Herramientas Mecánicas;mecanica;alta;159700
HDM-76-322;"DADO ESTÁNDAR MÉTRICO DE 6PT MANDO DE 1/2"" DE 30MM";HERRAMIENTA MECANICA;DADOS;GRUPO NIKATTO;Herramientas Mecánicas;mecanica;alta;177100
HDM-76-324;"DADO ESTÁNDAR MÉTRICO DE 6PT MANDO DE 1/2"" DE 32MM";HERRAMIENTA MECANICA;DADOS;GRUPO NIKATTO;Herramientas Mecánicas;mecanica;alta;85100
HDM-76-400;"DADO ESTÁNDAR MÉTRICO DE 12PT MANDO DE 1/2"" DE 8MM";HERRAMIENTA MECANICA;DADOS;GRUPO NIKATTO;Herramientas Mecánicas;mecanica;alta;278300
HDM-76-401;"DADO ESTÁNDAR MÉTRICO DE 12PT MANDO DE 1/2"" DE 9MM";HERRAMIENTA MECANICA;DADOS;GRUPO NIKATTO;Herramientas Mecánicas;mecanica;alta;35000
HDM-76-402;"DADO ESTÁNDAR MÉTRICO DE 12PT MANDO DE 1/2"" DE 10MM";HERRAMIENTA MECANICA;DADOS;GRUPO NIKATTO;Herramientas Mecánicas;mecanica;alta;158300
HDM-76-403;"DADO ESTÁNDAR MÉTRICO DE 12PT MANDO DE 1/2"" DE 11MM";HERRAMIENTA MECANICA;DADOS;GRUPO NIKATTO;Herramientas Mecánicas;mecanica;alta;241100
HDM-76-404;"DADO ESTÁNDAR MÉTRICO DE 12PT MANDO DE 1/2"" DE 12MM";HERRAMIENTA MECANICA;DADOS;GRUPO NIKATTO;Herramientas Mecánicas;mecanica;alta;382600
HDM-76-405;"DADO ESTÁNDAR MÉTRICO DE 12PT MANDO DE 1/2"" DE 13MM";HERRAMIENTA MECANICA;DADOS;GRUPO NIKATTO;Herramientas Mecánicas;mecanica;alta;180500
HDM-76-406;"DADO ESTÁNDAR MÉTRICO DE 12PT MANDO DE 1/2"" DE 14MM";HERRAMIENTA MECANICA;DADOS;GRUPO NIKATTO;Herramientas Mecánicas;mecanica;alta;277800
HDM-76-407;"DADO ESTÁNDAR MÉTRICO DE 12PT MANDO DE 1/2"" DE 15MM";HERRAMIENTA MECANICA;DADOS;GRUPO NIKATTO;Herramientas Mecánicas;mecanica;alta;288000
HDM-76-408;"DADO ESTÁNDAR MÉTRICO DE 12PT MANDO DE 1/2"" DE 16MM";HERRAMIENTA MECANICA;DADOS;GRUPO NIKATTO;Herramientas Mecánicas;mecanica;alta;364500
HDM-76-409;"DADO ESTÁNDAR MÉTRICO DE 12PT MANDO DE 1/2"" DE 17MM";HERRAMIENTA MECANICA;DADOS;GRUPO NIKATTO;Herramientas Mecánicas;mecanica;alta;292300
HDM-76-410;"DADO ESTÁNDAR MÉTRICO DE 12PT MANDO DE 1/2"" DE 18MM";HERRAMIENTA MECANICA;DADOS;GRUPO NIKATTO;Herramientas Mecánicas;mecanica;alta;80400
HDM-76-411;"DADO ESTÁNDAR MÉTRICO DE 12PT MANDO DE 1/2"" DE 19MM";HERRAMIENTA MECANICA;DADOS;GRUPO NIKATTO;Herramientas Mecánicas;mecanica;alta;427200
HDM-76-413;"DADO ESTÁNDAR MÉTRICO DE 12PT MANDO DE 1/2"" DE 21MM";HERRAMIENTA MECANICA;DADOS;GRUPO NIKATTO;Herramientas Mecánicas;mecanica;alta;60200
HDM-76-414;"DADO ESTÁNDAR MÉTRICO DE 12PT MANDO DE 1/2"" DE 22MM";HERRAMIENTA MECANICA;DADOS;GRUPO NIKATTO;Herramientas Mecánicas;mecanica;alta;60300
HDM-76-415;"DADO ESTÁNDAR MÉTRICO DE 12PT MANDO DE 1/2"" DE 23MM";HERRAMIENTA MECANICA;DADOS;GRUPO NIKATTO;Herramientas Mecánicas;mecanica;alta;309600
HDM-76-416;"DADO ESTÁNDAR MÉTRICO DE 12PT MANDO DE 1/2"" DE 24MM";HERRAMIENTA MECANICA;DADOS;GRUPO NIKATTO;Herramientas Mecánicas;mecanica;alta;15700
HDM-76-422;"DADO ESTÁNDAR MÉTRICO DE 12PT MANDO DE 1/2"" DE 30MM";HERRAMIENTA MECANICA;DADOS;GRUPO NIKATTO;Herramientas Mecánicas;mecanica;alta;266200
HDM-76-450;"DADO LARGO SAE DE 12PT MANDO DE 1/2"" DE 1/2""";HERRAMIENTA MECANICA;DADOS;GRUPO NIKATTO;Herramientas Mecánicas;mecanica;alta;447600
HDM-76-451;"DADO LARGO SAE DE 12PT MANDO DE 1/2"" DE 9/16""";HERRAMIENTA MECANICA;DADOS;GRUPO NIKATTO;Herramientas Mecánicas;mecanica;alta;83500
HDM-76-452;"DADO LARGO SAE DE 12PT MANDO DE 1/2"" DE 5/8""";HERRAMIENTA MECANICA;DADOS;GRUPO NIKATTO;Herramientas Mecánicas;mecanica;alta;307900
HDM-76-453;"DADO LARGO SAE DE 12PT MANDO DE 1/2"" DE 11/16""";HERRAMIENTA MECANICA;DADOS;GRUPO NIKATTO;Herramientas Mecánicas;mecanica;alta;398600
HDM-76-454;"DADO LARGO SAE DE 12PT MANDO DE 1/2"" DE 3/4""";HERRAMIENTA MECANICA;DADOS;GRUPO NIKATTO;Herramientas Mecánicas;mecanica;alta;379400
HDM-76-456;"DADO LARGO SAE DE 12PT MANDO DE 1/2"" DE 7/8""";HERRAMIENTA MECANICA;DADOS;GRUPO NIKATTO;Herramientas Mecánicas;mecanica;alta;227700
HDM-76-460;"DADO LARGO MÉTRICO DE 12PT MANDO DE 1/2"" DE 10MM";HERRAMIENTA MECANICA;DADOS;GRUPO NIKATTO;Herramientas Mecánicas;mecanica;alta;418800
HDM-76-462;"DADO LARGO MÉTRICO DE 12PT MANDO DE 1/2"" DE 12MM";HERRAMIENTA MECANICA;DADOS;GRUPO NIKATTO;Herramientas Mecánicas;mecanica;alta;375000
HDM-76-463;"DADO LARGO MÉTRICO DE 12PT MANDO DE 1/2"" DE 13MM";HERRAMIENTA MECANICA;DADOS;GRUPO NIKATTO;Herramientas Mecánicas;mecanica;alta;211400
HDM-76-464;"DADO LARGO MÉTRICO DE 12PT MANDO DE 1/2"" DE 14MM";HERRAMIENTA MECANICA;DADOS;GRUPO NIKATTO;Herramientas Mecánicas;mecanica;alta;194800
HDM-76-466;"DADO LARGO MÉTRICO DE 12PT MANDO DE 1/2"" DE 16MM";HERRAMIENTA MECANICA;DADOS;GRUPO NIKATTO;Herramientas Mecánicas;mecanica;alta;429800
HDM-76-467;"DADO LARGO MÉTRICO DE 12PT MANDO DE 1/2"" DE 17MM";HERRAMIENTA MECANICA;DADOS;GRUPO NIKATTO;Herramientas Mecánicas;mecanica;alta;326500
HDM-76-468;"DADO LARGO MÉTRICO DE 12PT MANDO DE 1/2"" DE 18MM";HERRAMIENTA MECANICA;DADOS;GRUPO NIKATTO;Herramientas Mecánicas;mecanica;alta;319600
HDM-76-469;"DADO LARGO MÉTRICO DE 12PT MANDO DE 1/2"" DE 19MM";HERRAMIENTA MECANICA;DADOS;GRUPO NIKATTO;Herramientas Mecánicas;mecanica;alta;338800
HDM-76-480;"DADO PARA BUJÍAS 6 PT MANDO 1/2"" X 5/8""";HERRAMIENTA MECANICA;DADOS;GRUPO NIKATTO;Herramienta Automotriz;automotriz;alta;505700
HDM-76-481;"DADO PARA BUJÍAS 6 PT MANDO 1/2"" X 13/16""";HERRAMIENTA MECANICA;DADOS;GRUPO NIKATTO;Herramienta Automotriz;automotriz;alta;641900
HDM-76-490;"DADO TORX HEMBRA MANDO 1/2"" E-10";HERRAMIENTA MECANICA;DADOS;GRUPO NIKATTO;Herramientas Mecánicas;mecanica;alta;117600
HDM-76-491;"DADO TORX HEMBRA MANDO 1/2"" E-11";HERRAMIENTA MECANICA;DADOS;GRUPO NIKATTO;Herramientas Mecánicas;mecanica;alta;133600
HDM-76-492;"DADO TORX HEMBRA MANDO 1/2"" E-12";HERRAMIENTA MECANICA;DADOS;GRUPO NIKATTO;Herramientas Mecánicas;mecanica;alta;133300
HDM-76-493;"DADO TORX HEMBRA MANDO 1/2"" E-14";HERRAMIENTA MECANICA;DADOS;GRUPO NIKATTO;Herramientas Mecánicas;mecanica;alta;422500
HDM-76-494;"DADO TORX HEMBRA MANDO 1/2"" E-16";HERRAMIENTA MECANICA;DADOS;GRUPO NIKATTO;Herramientas Mecánicas;mecanica;alta;220900
HDM-76-495;"DADO TORX HEMBRA MANDO 1/2"" E-18";HERRAMIENTA MECANICA;DADOS;GRUPO NIKATTO;Herramientas Mecánicas;mecanica;alta;50500
HDM-76-496;"DADO TORX HEMBRA MANDO 1/2"" E-20";HERRAMIENTA MECANICA;DADOS;GRUPO NIKATTO;Herramientas Mecánicas;mecanica;alta;182500
HDM-76-500;"DADO DE PUNTA HEXAGONAL MÉTRICO MANDO 1/2"" 6MM";HERRAMIENTA MECANICA;DADOS;GRUPO NIKATTO;Herramientas Mecánicas;mecanica;alta;23800
HDM-76-501;"DADO DE PUNTA HEXAGONAL MÉTRICO MANDO 1/2"" 8MM";HERRAMIENTA MECANICA;DADOS;GRUPO NIKATTO;Herramientas Mecánicas;mecanica;alta;142300
HDM-76-502;"DADO DE PUNTA HEXAGONAL MÉTRICO MANDO 1/2"" 10MM";HERRAMIENTA MECANICA;DADOS;GRUPO NIKATTO;Herramientas Mecánicas;mecanica;alta;282700
HDM-76-503;"DADO DE PUNTA HEXAGONAL MÉTRICO MANDO 1/2"" 12MM";HERRAMIENTA MECANICA;DADOS;GRUPO NIKATTO;Herramientas Mecánicas;mecanica;alta;21700
HDM-76-504;"DADO DE PUNTA HEXAGONAL MÉTRICO MANDO 1/2"" 14MM";HERRAMIENTA MECANICA;DADOS;GRUPO NIKATTO;Herramientas Mecánicas;mecanica;alta;73800
HDM-76-505;"DADO DE PUNTA HEXAGONAL MÉTRICO MANDO 1/2"" 17MM";HERRAMIENTA MECANICA;DADOS;GRUPO NIKATTO;Herramientas Mecánicas;mecanica;alta;125000
HDM-76-506;"DADO DE PUNTA HEXAGONAL MÉTRICO MANDO 1/2"" 19MM";HERRAMIENTA MECANICA;DADOS;GRUPO NIKATTO;Herramientas Mecánicas;mecanica;alta;82900
HDM-76-510;"DADO DE PUNTA HEXAGONAL LARGO MÉTRICO MANDO 1/2"" 5MM";HERRAMIENTA MECANICA;DADOS;GRUPO NIKATTO;Herramientas Mecánicas;mecanica;alta;318700
HDM-76-511;"DADO DE PUNTA HEXAGONAL LARGO MÉTRICO MANDO 1/2"" 6MM";HERRAMIENTA MECANICA;DADOS;GRUPO NIKATTO;Herramientas Mecánicas;mecanica;alta;376900
HDM-76-512;"DADO DE PUNTA HEXAGONAL LARGO MÉTRICO MANDO 1/2"" 7MM";HERRAMIENTA MECANICA;DADOS;GRUPO NIKATTO;Herramientas Mecánicas;mecanica;alta;413400
HDM-76-513;"DADO DE PUNTA HEXAGONAL LARGO MÉTRICO MANDO 1/2"" 8MM";HERRAMIENTA MECANICA;DADOS;GRUPO NIKATTO;Herramientas Mecánicas;mecanica;alta;83700
HDM-76-514;"DADO DE PUNTA HEXAGONAL LARGO MÉTRICO MANDO 1/2"" 10MM";HERRAMIENTA MECANICA;DADOS;GRUPO NIKATTO;Herramientas Mecánicas;mecanica;alta;98600
HDM-76-515;"DADO DE PUNTA HEXAGONAL LARGO MÉTRICO MANDO 1/2"" 12MM";HERRAMIENTA MECANICA;DADOS;GRUPO NIKATTO;Herramientas Mecánicas;mecanica;alta;155900
HDM-76-520;"DADO DE PUNTA TORX MANDO 1/2"" T-20";HERRAMIENTA MECANICA;DADOS;GRUPO NIKATTO;Herramientas Mecánicas;mecanica;alta;417900
HDM-76-521;"DADO DE PUNTA TORX MANDO 1/2"" T-25";HERRAMIENTA MECANICA;DADOS;GRUPO NIKATTO;Herramientas Mecánicas;mecanica;alta;117100
HDM-76-522;"DADO DE PUNTA TORX MANDO 1/2"" T-27";HERRAMIENTA MECANICA;DADOS;GRUPO NIKATTO;Herramientas Mecánicas;mecanica;alta;283000
HDM-76-523;"DADO DE PUNTA TORX MANDO 1/2"" T-30";HERRAMIENTA MECANICA;DADOS;GRUPO NIKATTO;Herramientas Mecánicas;mecanica;alta;157700
HDM-76-524;"DADO DE PUNTA TORX MANDO 1/2"" T-40";HERRAMIENTA MECANICA;DADOS;GRUPO NIKATTO;Herramientas Mecánicas;mecanica;alta;97200
HDM-76-525;"DADO DE PUNTA TORX MANDO 1/2"" T-45";HERRAMIENTA MECANICA;DADOS;GRUPO NIKATTO;Herramientas Mecánicas;mecanica;alta;397600
HDM-76-526;"DADO DE PUNTA TORX MANDO 1/2"" T-50";HERRAMIENTA MECANICA;DADOS;GRUPO NIKATTO;Herramientas Mecánicas;mecanica;alta;61300
HDM-76-527;"DADO DE PUNTA TORX MANDO 1/2"" T-55";HERRAMIENTA MECANICA;DADOS;GRUPO NIKATTO;Herramientas Mecánicas;mecanica;alta;242600
HDM-76-528;"DADO DE PUNTA TORX MANDO 1/2"" T-60";HERRAMIENTA MECANICA;DADOS;GRUPO NIKATTO;Herramientas Mecánicas;mecanica;alta;80900
HDM-76-550;"DADO ESTÁNDAR SAE DE 12PT MANDO DE 3/4"" DE 15/16""";HERRAMIENTA MECANICA;DADOS;GRUPO NIKATTO;Herramientas Mecánicas;mecanica;alta;378600
HDM-76-551;"DADO ESTÁNDAR SAE DE 12PT MANDO DE 3/4"" DE 1-1/8""";HERRAMIENTA MECANICA;DADOS;GRUPO NIKATTO;Herramientas Mecánicas;mecanica;alta;423700
HDM-76-552;"DADO ESTÁNDAR SAE DE 12PT MANDO DE 3/4"" DE 1-5/16""";HERRAMIENTA MECANICA;DADOS;GRUPO NIKATTO;Herramientas Mecánicas;mecanica;alta;136000
HDM-76-600;"RATCHET ENCASTRE DE 1/4"" DE 6"" -150 MM";HERRAMIENTA MECANICA;RATCHETS;GRUPO NIKATTO;Herramientas Mecánicas;mecanica;alta;368700
HDM-76-601;"RATCHET ENCASTRE DE 3/8"" DE 8"" -203 MM";HERRAMIENTA MECANICA;RATCHETS;GRUPO NIKATTO;Herramientas Mecánicas;mecanica;alta;280300
HDM-76-602;"RATCHET ENCASTRE DE 1/2"" DE 10"" - 254 MM";HERRAMIENTA MECANICA;RATCHETS;GRUPO NIKATTO;Herramientas Mecánicas;mecanica;alta;313800
HDM-76-603;"RATCHET ENCASTRE DE 3/4"" DE 20"" - 500 MM";HERRAMIENTA MECANICA;RATCHETS;GRUPO NIKATTO;Herramientas Mecánicas;mecanica;alta;416700
HDM-76-610;"MANGO ARTICULADO ENCASTRE DE 1/4"" DE 6"" -150 MM";HERRAMIENTA MECANICA;MANGO ARTICULADO;GRUPO NIKATTO;Herramientas Manuales;manual;alta;140200
HDM-76-611;"MANGO ARTICULADO ENCASTRE DE 3/8"" DE 8"" - 200 MM";HERRAMIENTA MECANICA;MANGO ARTICULADO;GRUPO NIKATTO;Herramientas Manuales;manual;alta;12200
HDM-76-612;"MANGO ARTICULADO ENCASTRE DE 1/2"" DE 10"" - 254 MM";HERRAMIENTA MECANICA;MANGO ARTICULADO;GRUPO NIKATTO;Herramientas Manuales;manual;alta;86900
HDM-76-613;"MANGO ARTICULADO ENCASTRE DE 1/2"" DE 14-3/4"" - 375 MM";HERRAMIENTA MECANICA;MANGO ARTICULADO;GRUPO NIKATTO;Herramientas Manuales;manual;alta;57600
HDM-76-620;"MANGO DESLIZANTE EN "" T "" ENCASTRE DE 3/8"" DE 7""- 165 MM";HERRAMIENTA MECANICA;MANGO DESLIZANTE;GRUPO NIKATTO;Herramientas Manuales;manual;alta;129200
HDM-76-621;"MANGO DESLIZANTE EN "" T "" ENCASTRE DE 1/2"" DE 9-1/2""- 243 MM";HERRAMIENTA MECANICA;MANGO DESLIZANTE;GRUPO NIKATTO;Herramientas Manuales;manual;alta;218700
HDM-76-630;"EXTENSION ENCASTRE DE 1/4"" DE 3""- 75 MM";HERRAMIENTA MECANICA;EXTENSIONES;GRUPO NIKATTO;Herramientas Mecánicas;mecanica;alta;22200
HDM-76-631;"EXTENSION ENCASTRE DE 1/4"" DE 6""- 150 MM";HERRAMIENTA MECANICA;EXTENSIONES;GRUPO NIKATTO;Herramientas Mecánicas;mecanica;alta;36400
HDM-76-632;"EXTENSION ENCASTRE DE 3/8"" DE 3""- 75 MM";HERRAMIENTA MECANICA;EXTENSIONES;GRUPO NIKATTO;Herramientas Mecánicas;mecanica;alta;282300
HDM-76-633;"EXTENSION ENCASTRE DE 3/8"" DE 6""- 150 MM";HERRAMIENTA MECANICA;EXTENSIONES;GRUPO NIKATTO;Herramientas Mecánicas;mecanica;alta;248800
HDM-76-634;"EXTENSION ENCASTRE DE 1/2"" DE 3"" - 75 MM";HERRAMIENTA MECANICA;EXTENSIONES;GRUPO NIKATTO;Herramientas Mecánicas;mecanica;alta;368800
HDM-76-635;"EXTENSION ENCASTRE DE 1/2"" DE 5"" - 125 MM";HERRAMIENTA MECANICA;EXTENSIONES;GRUPO NIKATTO;Herramientas Mecánicas;mecanica;alta;284000
HDM-76-636;"EXTENSION ENCASTRE DE 1/2"" DE 10"" - 254 MM";HERRAMIENTA MECANICA;EXTENSIONES;GRUPO NIKATTO;Herramientas Mecánicas;mecanica;alta;354000
HDM-76-637;"EXTENSION ENCASTRE DE 3/4"" DE 8"" - 200 MM";HERRAMIENTA MECANICA;EXTENSIONES;GRUPO NIKATTO;Herramientas Mecánicas;mecanica;alta;51900
HDM-76-640;"JUNTA UNIVERSAL ENCASTRE 3/8"" DE 2"" - 50 MM";HERRAMIENTA MECANICA;ADAPTADORES;GRUPO NIKATTO;Herramientas Mecánicas;sublinea:ADAPTADORES;media;302900
HDM-76-641;"JUNTA UNIVERSAL ENCASTRE 1/2 "" DE 2-3/4"" - 68.5 MM";HERRAMIENTA MECANICA;DADOS;GRUPO NIKATTO;Herramientas Mecánicas;sublinea:DADOS;media;438300
HDM-76-650;"ADAPTADOR ENCASTRE 1/4"" F 1/4"" -M 3/8"" - 25 MM";HERRAMIENTA MECANICA;ADAPTADORES;GRUPO NIKATTO;Herramientas Mecánicas;mecanica;alta;51600
HDM-76-651;"ADAPTADOR ENCASTRE 3/8"" F 3/8"" -M 1/4"" - 25 MM";HERRAMIENTA MECANICA;ADAPTADORES;GRUPO NIKATTO;Herramientas Mecánicas;mecanica;alta;144300
HDM-76-652;"ADAPTADOR ENCASTRE 3/8"" F 3/8"" -M 1/2"" - 36 MM";HERRAMIENTA MECANICA;ADAPTADORES;GRUPO NIKATTO;Herramientas Mecánicas;mecanica;alta;88500
HDM-76-653;"ADAPTADOR ENCASTRE 1/2"" F 1/2"" -M 3/8"" - 34 MM";HERRAMIENTA MECANICA;ADAPTADORES;GRUPO NIKATTO;Herramientas Mecánicas;mecanica;alta;289800
HDM-76-654;"ADAPTADOR ENCASTRE 1/2"" F 1/2"" -M 3/4"" - 42 MM";HERRAMIENTA MECANICA;ADAPTADORES;GRUPO NIKATTO;Herramientas Mecánicas;mecanica;alta;309400
HDM-76-655;"ADAPTADOR ENCASTRE 3/4"" F 3/4"" -M 1/2"" - 48 MM";HERRAMIENTA MECANICA;ADAPTADORES;GRUPO NIKATTO;Herramientas Mecánicas;mecanica;alta;368900
HDM-76-660;CINCEL DE PUNTA SDS PLUS, DIMENSION: 5/8 X 10 PULG;HERRAMIENTA MECANICA;CINCELES;GRUPO NIKATTO;Herramientas Mecánicas;mecanica;alta;308400
HDM-76-661;CINCEL DE PUNTA SDS PLUS, DIMENSION: 5/8 X 16 PULG;HERRAMIENTA MECANICA;CINCELES;GRUPO NIKATTO;Herramientas Mecánicas;mecanica;alta;181100
HDM-76-663;CINCEL PLANO SDS PLUS, DIMENSION: 3/4 X 10 PULG;HERRAMIENTA MECANICA;CINCELES;GRUPO NIKATTO;Herramientas Mecánicas;mecanica;alta;83100
HDM-76-664;CINCEL PLANO SDS PLUS, DIMENSION: 3/4 X 16 PULG;HERRAMIENTA MECANICA;CINCELES;GRUPO NIKATTO;Herramientas Mecánicas;mecanica;alta;237200
HDM-76-665;CINCEL ANCHO SDS PLUS, DIMENSION: 40 MM X 10 PULG;HERRAMIENTA MECANICA;CINCELES;GRUPO NIKATTO;Herramientas Mecánicas;mecanica;alta;440300
HDM-76-710;"JUEGO DE DADOS 10 PIEZAS 1/4"" MÉTRICOS ESTUCHE PVC";HERRAMIENTA MECANICA;DADOS;GRUPO NIKATTO;Herramientas Mecánicas;mecanica;alta;219200
HDM-76-711;"JUEGO DE DADOS 11 PIEZAS 1/2"" MÉTRICOS INCLUUYE RATCHET";HERRAMIENTA MECANICA;DADOS;GRUPO NIKATTO;Herramientas Mecánicas;mecanica;alta;152400
HDM-76-714;"JUEGO DE DADOS 14 PIEZAS 1/4"" MÉTRICOS INCLUYE RATCHET";HERRAMIENTA MECANICA;DADOS;GRUPO NIKATTO;Herramientas Mecánicas;mecanica;alta;134900
HDM-76-715;"JUEGO DE DADOS 15 PIEZAS 1/2"" SAE INCLUYE CAJA PLASTICA";HERRAMIENTA MECANICA;DADOS;GRUPO NIKATTO;Herramientas Mecánicas;mecanica;alta;140400
HDM-76-716;"JUEGO DE DADOS 16 PIEZAS 1/2"" MÉTRICOS INCLUYE CAJA PLASTICA";HERRAMIENTA MECANICA;DADOS;GRUPO NIKATTO;Herramientas Mecánicas;mecanica;alta;18200
HDM-76-722;"JUEGO DE DADOS 22 PIEZAS 3/8"" MÉTRICOS";HERRAMIENTA MECANICA;DADOS;GRUPO NIKATTO;Herramientas Mecánicas;mecanica;alta;441000
HDM-76-732;"JUEGO DE DADOS 32 PIEZAS 1/2"" MÉTRICOS INCLUYE CAJA PLASTICA";HERRAMIENTA MECANICA;DADOS;GRUPO NIKATTO;Herramientas Mecánicas;mecanica;alta;51300
HDM-77-701;SIERRA COPA PARA METAL BI-METAL, DIMENSION: 9/16 PULG;HERRAMIENTA MECANICA;SIERRA COPA;GRUPO NIKATTO;Herramientas de Corte;corte;alta;173100
HDM-77-702;SIERRA COPA PARA METAL BI-METAL, DIMENSION: 5/8 PULG;HERRAMIENTA MECANICA;SIERRA COPA;GRUPO NIKATTO;Herramientas de Corte;corte;alta;46200
HDM-77-703;SIERRA COPA PARA METAL BI-METAL, DIMENSION: 3/4 PULG;HERRAMIENTA MECANICA;SIERRA COPA;GRUPO NIKATTO;Herramientas de Corte;corte;alta;136500
HDM-77-704;SIERRA COPA PARA METAL BI-METAL, DIMENSION: 7/8 PULG;HERRAMIENTA MECANICA;SIERRA COPA;GRUPO NIKATTO;Herramientas de Corte;corte;alta;100000
HDM-77-705;SIERRA COPA PARA METAL BI-METAL, DIMENSION: 1 PULG;HERRAMIENTA MECANICA;SIERRA COPA;GRUPO NIKATTO;Herramientas de Corte;corte;alta;20800
HDM-77-706;SIERRA COPA PARA METAL BI-METAL, DIMENSION: 1-1/16 PULG;HERRAMIENTA MECANICA;SIERRA COPA;GRUPO NIKATTO;Herramientas de Corte;corte;alta;137300
HDM-77-707;SIERRA COPA PARA METAL BI-METAL, DIMENSION: 1-1/8 PULG;HERRAMIENTA MECANICA;SIERRA COPA;GRUPO NIKATTO;Herramientas de Corte;corte;alta;29700
HDM-77-708;SIERRA COPA PARA METAL BI-METAL, DIMENSION: 1-3/16 PULG;HERRAMIENTA MECANICA;SIERRA COPA;GRUPO NIKATTO;Herramientas de Corte;corte;alta;179200
HDM-77-709;SIERRA COPA PARA METAL BI-METAL, DIMENSION: 1-1/4 PULG;HERRAMIENTA MECANICA;SIERRA COPA;GRUPO NIKATTO;Herramientas de Corte;corte;alta;117200
HDM-77-710;SIERRA COPA PARA METAL BI-METAL, DIMENSION: 1-5/16 PULG;HERRAMIENTA MECANICA;SIERRA COPA;GRUPO NIKATTO;Herramientas de Corte;corte;alta;81700
HDM-77-711;SIERRA COPA PARA METAL BI-METAL, DIMENSION: 1-3/8 PULG;HERRAMIENTA MECANICA;SIERRA COPA;GRUPO NIKATTO;Herramientas de Corte;corte;alta;136200
HDM-77-712;SIERRA COPA PARA METAL BI-METAL, DIMENSION: 1-7/16 PULG;HERRAMIENTA MECANICA;SIERRA COPA;GRUPO NIKATTO;Herramientas de Corte;corte;alta;76800
HDM-77-713;SIERRA COPA PARA METAL BI-METAL, DIMENSION: 1-1/2 PULG;HERRAMIENTA MECANICA;SIERRA COPA;GRUPO NIKATTO;Herramientas de Corte;corte;alta;130900
HDM-77-714;SIERRA COPA PARA METAL BI-METAL, DIMENSION: 1-5/8 PULG;HERRAMIENTA MECANICA;SIERRA COPA;GRUPO NIKATTO;Herramientas de Corte;corte;alta;28500
HDM-77-715;SIERRA COPA PARA METAL BI-METAL, DIMENSION: 1-3/4 PULG;HERRAMIENTA MECANICA;SIERRA COPA;GRUPO NIKATTO;Herramientas de Corte;corte;alta;37400
HDM-77-716;SIERRA COPA PARA METAL BI-METAL, DIMENSION: 1-13/16 PULG;HERRAMIENTA MECANICA;SIERRA COPA;GRUPO NIKATTO;Herramientas de Corte;corte;alta;169100
HDM-77-717;SIERRA COPA PARA METAL BI-METAL, DIMENSION: 1-7/8 PULG;HERRAMIENTA MECANICA;SIERRA COPA;GRUPO NIKATTO;Herramientas de Corte;corte;alta;23600
HDM-77-718;SIERRA COPA PARA METAL BI-METAL, DIMENSION: 2 PULG;HERRAMIENTA MECANICA;SIERRA COPA;GRUPO NIKATTO;Herramientas de Corte;corte;alta;139300
HDM-77-719;SIERRA COPA PARA METAL BI-METAL, DIMENSION: 2-1/8 PULG;HERRAMIENTA MECANICA;SIERRA COPA;GRUPO NIKATTO;Herramientas de Corte;corte;alta;67300
HDM-77-720;SIERRA COPA PARA METAL BI-METAL, DIMENSION: 2-1/4 PULG;HERRAMIENTA MECANICA;SIERRA COPA;GRUPO NIKATTO;Herramientas de Corte;corte;alta;43500
HDM-77-721;SIERRA COPA PARA METAL BI-METAL, DIMENSION: 2-3/8 PULG;HERRAMIENTA MECANICA;SIERRA COPA;GRUPO NIKATTO;Herramientas de Corte;corte;alta;128200
HDM-77-722;SIERRA COPA PARA METAL BI-METAL, DIMENSION: 2-1/2 PULG;HERRAMIENTA MECANICA;SIERRA COPA;GRUPO NIKATTO;Herramientas de Corte;corte;alta;70800
HDM-77-723;SIERRA COPA PARA METAL BI-METAL, DIMENSION: 2-3/4 PULG;HERRAMIENTA MECANICA;SIERRA COPA;GRUPO NIKATTO;Herramientas de Corte;corte;alta;29800
HDM-77-724;SIERRA COPA PARA METAL BI-METAL, DIMENSION: 2-7/8 PULG;HERRAMIENTA MECANICA;SIERRA COPA;GRUPO NIKATTO;Herramientas de Corte;corte;alta;138000
HDM-77-725;SIERRA COPA PARA METAL BI-METAL, DIMENSION: 3 PULG;HERRAMIENTA MECANICA;SIERRA COPA;GRUPO NIKATTO;Herramientas de Corte;corte;alta;139400
HDM-77-726;SIERRA COPA PARA METAL BI-METAL, DIMENSION: 3-1/2 PULG;HERRAMIENTA MECANICA;SIERRA COPA;GRUPO NIKATTO;Herramientas de Corte;corte;alta;31300
HDM-77-727;SIERRA COPA PARA METAL BI-METAL, DIMENSION: 4 PULG;HERRAMIENTA MECANICA;SIERRA COPA;GRUPO NIKATTO;Herramientas de Corte;corte;alta;65600
HDM-77-728;SIERRA COPA PARA METAL BI-METAL, DIMENSION: 4-1/2 PULG;HERRAMIENTA MECANICA;SIERRA COPA;GRUPO NIKATTO;Herramientas de Corte;corte;alta;112000
HDM-77-729;SIERRA COPA PARA METAL BI-METAL, DIMENSION: 5 PULG;HERRAMIENTA MECANICA;SIERRA COPA;GRUPO NIKATTO;Herramientas de Corte;corte;alta;13000
HDM-77-730;SIERRA COPA PARA METAL BI-METAL, DIMENSION: 5-1/2 PULG;HERRAMIENTA MECANICA;SIERRA COPA;GRUPO NIKATTO;Herramientas de Corte;corte;alta;49000
HDM-77-731;SIERRA COPA PARA METAL BI-METAL, DIMENSION: 6 PULG;HERRAMIENTA MECANICA;SIERRA COPA;GRUPO NIKATTO;Herramientas de Corte;corte;alta;104600
HDM-77-750;MANDRIL PARA SIERRA COPA DE VASTAGO REDONDO, DIMENSION: 1/4 PULG;HERRAMIENTA MECANICA;MANDRILES;GRUPO NIKATTO;Herramientas de Corte;corte;alta;168700
HDM-77-751;MANDRIL PARA SIERRA COPA DE VASTAGO HEXAGONAL, DIMENSION: 3/8 PULG;HERRAMIENTA MECANICA;MANDRILES;GRUPO NIKATTO;Herramientas de Corte;corte;alta;137200
HDM-85-903;JGO 8 LLAVES COMBINADAS METRICAS DE 8 A 19 MM (8,10,11,12,13,14,17,19MM);HERRAMIENTA MECANICA;LLAVE COMBINADA;GRUPO NIKATTO;Herramientas Mecánicas;mecanica;alta;218700
HDM-85-905;JGO 9 LLAVES COMBINADAS METRICAS DE 8 A 17 MM (8,9,10,11,12,13,14,15,17MM);HERRAMIENTA MECANICA;LLAVE COMBINADA;GRUPO NIKATTO;Herramientas Mecánicas;mecanica;alta;259200
HDM-85-906;JGO 11 LLAVES COMBINADAS PULGADAS DE 3/8 A 1 PULG (3/8,7/16,1/2,9/16,5/8,11/16,3/4,13/16,7/8,15/16,1 PULG);HERRAMIENTA MECANICA;LLAVE COMBINADA;GRUPO NIKATTO;Herramientas Mecánicas;mecanica;alta;169900
HDM-85-907;JGO 14 LLAVES COMBINADAS PULGADAS DE 3/8 A 1-1/4 PULG (3/8,7/16,1/2,9/16,5/8,11/16,3/4,13/16,7/8,15/16,1,1-1/16,1-1/8,1-1/4 PULG);HERRAMIENTA MECANICA;LLAVE COMBINADA;GRUPO NIKATTO;Herramientas Mecánicas;mecanica;alta;283200
HDM-85-909;JGO 14 LLAVES COMBINADAS METRICAS DE 7 A 24MM (7,8,9,10,11,12,13,14,15,17,19,21,22,24MM);HERRAMIENTA MECANICA;LLAVE COMBINADA;GRUPO NIKATTO;Herramientas Mecánicas;mecanica;alta;314900
HDM-96-651;"LLAVE COMBINADA PULGADAS DIMENSION 1/4"" FABRICADO EN CROMO VANADIO";HERRAMIENTA MECANICA;LLAVE COMBINADA;GRUPO NIKATTO;Herramientas Mecánicas;mecanica;alta;318400
HDM-96-652;"LLAVE COMBINADA PULGADAS DIMENSION 5/16"" FABRICADO EN CROMO VANADIO";HERRAMIENTA MECANICA;LLAVE COMBINADA;GRUPO NIKATTO;Herramientas Mecánicas;mecanica;alta;344000
HDM-96-653;"LLAVE COMBINADA PULGADAS DIMENSION 3/8"" FABRICADO EN CROMO VANADIO";HERRAMIENTA MECANICA;LLAVE COMBINADA;GRUPO NIKATTO;Herramientas Mecánicas;mecanica;alta;442600
HDM-96-654;"LLAVE COMBINADA PULGADAS DIMENSION 7/16"" FABRICADO EN CROMO VANADIO";HERRAMIENTA MECANICA;LLAVE COMBINADA;GRUPO NIKATTO;Herramientas Mecánicas;mecanica;alta;173500
HDM-96-655;"LLAVE COMBINADA PULGADAS DIMENSION 1/2"" FABRICADO EN CROMO VANADIO";HERRAMIENTA MECANICA;LLAVE COMBINADA;GRUPO NIKATTO;Herramientas Mecánicas;mecanica;alta;429500
HDM-96-656;"LLAVE COMBINADA PULGADAS DIMENSION 9/16"" FABRICADO EN CROMO VANADIO";HERRAMIENTA MECANICA;LLAVE COMBINADA;GRUPO NIKATTO;Herramientas Mecánicas;mecanica;alta;96900
HDM-96-657;"LLAVE COMBINADA PULGADAS DIMENSION 5/8"" FABRICADO EN CROMO VANADIO";HERRAMIENTA MECANICA;LLAVE COMBINADA;GRUPO NIKATTO;Herramientas Mecánicas;mecanica;alta;52600
HDM-96-658;"LLAVE COMBINADA PULGADAS DIMENSION 11/16"" FABRICADO EN CROMO VANADIO";HERRAMIENTA MECANICA;LLAVE COMBINADA;GRUPO NIKATTO;Herramientas Mecánicas;mecanica;alta;35600
HDM-96-659;"LLAVE COMBINADA PULGADAS DIMENSION 3/4"" FABRICADO EN CROMO VANADIO";HERRAMIENTA MECANICA;LLAVE COMBINADA;GRUPO NIKATTO;Herramientas Mecánicas;mecanica;alta;345100
HDM-96-660;"LLAVE COMBINADA PULGADAS DIMENSION 13/16"" FABRICADO EN CROMO VANADIO";HERRAMIENTA MECANICA;LLAVE COMBINADA;GRUPO NIKATTO;Herramientas Mecánicas;mecanica;alta;205700
HDM-96-661;"LLAVE COMBINADA PULGADAS DIMENSION 7/8"" FABRICADO EN CROMO VANADIO";HERRAMIENTA MECANICA;LLAVE COMBINADA;GRUPO NIKATTO;Herramientas Mecánicas;mecanica;alta;361100
HDM-96-662;"LLAVE COMBINADA PULGADAS DIMENSION 15/16"" FABRICADO EN CROMO VANADIO";HERRAMIENTA MECANICA;LLAVE COMBINADA;GRUPO NIKATTO;Herramientas Mecánicas;mecanica;alta;20700
HDM-96-663;"LLAVE COMBINADA PULGADAS DIMENSION 1"" FABRICADO EN CROMO VANADIO";HERRAMIENTA MECANICA;LLAVE COMBINADA;GRUPO NIKATTO;Herramientas Mecánicas;mecanica;alta;93500
HDM-96-751;LLAVE COMBINADA METRICA DIMENSION 6 MM FABRICADO EN CROMO VANADIO;HERRAMIENTA MECANICA;LLAVE COMBINADA;GRUPO NIKATTO;Herramientas Mecánicas;mecanica;alta;227200
HDM-96-752;LLAVE COMBINADA METRICA DIMENSION 7 MM FABRICADO EN CROMO VANADIO;HERRAMIENTA MECANICA;LLAVE COMBINADA;GRUPO NIKATTO;Herramientas Mecánicas;mecanica;alta;336100
HDM-96-753;LLAVE COMBINADA METRICA DIMENSION 8 MM FABRICADO EN CROMO VANADIO;HERRAMIENTA MECANICA;LLAVE COMBINADA;GRUPO NIKATTO;Herramientas Mecánicas;mecanica;alta;119500
HDM-96-754;LLAVE COMBINADA METRICA DIMENSION 9 MM FABRICADO EN CROMO VANADIO;HERRAMIENTA MECANICA;LLAVE COMBINADA;GRUPO NIKATTO;Herramientas Mecánicas;mecanica;alta;353500
HDM-96-755;LLAVE COMBINADA METRICA DIMENSION 10 MM FABRICADO EN CROMO VANADIO;HERRAMIENTA MECANICA;LLAVE COMBINADA;GRUPO NIKATTO;Herramientas Mecánicas;mecanica;alta;396100
HDM-96-756;LLAVE COMBINADA METRICA DIMENSION 11 MM FABRICADO EN CROMO VANADIO;HERRAMIENTA MECANICA;LLAVE COMBINADA;GRUPO NIKATTO;Herramientas Mecánicas;mecanica;alta;415500
HDM-96-757;LLAVE COMBINADA METRICA DIMENSION 12 MM FABRICADO EN CROMO VANADIO;HERRAMIENTA MECANICA;LLAVE COMBINADA;GRUPO NIKATTO;Herramientas Mecánicas;mecanica;alta;442300
HDM-96-758;LLAVE COMBINADA METRICA DIMENSION 13 MM FABRICADO EN CROMO VANADIO;HERRAMIENTA MECANICA;LLAVE COMBINADA;GRUPO NIKATTO;Herramientas Mecánicas;mecanica;alta;103700
HDM-96-759;LLAVE COMBINADA METRICA DIMENSION 14 MM FABRICADO EN CROMO VANADIO;HERRAMIENTA MECANICA;LLAVE COMBINADA;GRUPO NIKATTO;Herramientas Mecánicas;mecanica;alta;145200
HDM-96-760;LLAVE COMBINADA METRICA DIMENSION 15 MM FABRICADO EN CROMO VANADIO;HERRAMIENTA MECANICA;LLAVE COMBINADA;GRUPO NIKATTO;Herramientas Mecánicas;mecanica;alta;239900
HDM-96-761;LLAVE COMBINADA METRICA DIMENSION 16 MM FABRICADO EN CROMO VANADIO;HERRAMIENTA MECANICA;LLAVE COMBINADA;GRUPO NIKATTO;Herramientas Mecánicas;mecanica;alta;343500
HDM-96-762;LLAVE COMBINADA METRICA DIMENSION 17 MM FABRICADO EN CROMO VANADIO;HERRAMIENTA MECANICA;LLAVE COMBINADA;GRUPO NIKATTO;Herramientas Mecánicas;mecanica;alta;305400
HDM-96-763;LLAVE COMBINADA METRICA DIMENSION 18 MM FABRICADO EN CROMO VANADIO;HERRAMIENTA MECANICA;LLAVE COMBINADA;GRUPO NIKATTO;Herramientas Mecánicas;mecanica;alta;156900
HDM-96-764;LLAVE COMBINADA METRICA DIMENSION 19 MM FABRICADO EN CROMO VANADIO;HERRAMIENTA MECANICA;LLAVE COMBINADA;GRUPO NIKATTO;Herramientas Mecánicas;mecanica;alta;107600
HDM-96-765;LLAVE COMBINADA METRICA DIMENSION 20 MM FABRICADO EN CROMO VANADIO;HERRAMIENTA MECANICA;LLAVE COMBINADA;GRUPO NIKATTO;Herramientas Mecánicas;mecanica;alta;178200
HDM-96-766;LLAVE COMBINADA METRICA DIMENSION 21 MM FABRICADO EN CROMO VANADIO;HERRAMIENTA MECANICA;LLAVE COMBINADA;GRUPO NIKATTO;Herramientas Mecánicas;mecanica;alta;217100
HDM-96-767;LLAVE COMBINADA METRICA DIMENSION 22 MM FABRICADO EN CROMO VANADIO;HERRAMIENTA MECANICA;LLAVE COMBINADA;GRUPO NIKATTO;Herramientas Mecánicas;mecanica;alta;167100
HDM-96-768;LLAVE COMBINADA METRICA DIMENSION 23 MM FABRICADO EN CROMO VANADIO;HERRAMIENTA MECANICA;LLAVE COMBINADA;GRUPO NIKATTO;Herramientas Mecánicas;mecanica;alta;294400
HDM-96-769;LLAVE COMBINADA METRICA DIMENSION 24 MM FABRICADO EN CROMO VANADIO;HERRAMIENTA MECANICA;LLAVE COMBINADA;GRUPO NIKATTO;Herramientas Mecánicas;mecanica;alta;194100
MAND-100-01;MANDRIL TIPO PESADO 1.0 -13MM DRAGON TOOLS JT33;HERRAMIENTA MECANICA;MANDRILES;GRUPO NIKATTO;Herramientas Mecánicas;mecanica;alta;101800
MAND-100-07;MANDRIL TIPO LIVIANO 1/2--20 UNF DRAGON TOOLS;HERRAMIENTA MECANICA;MANDRILES;GRUPO NIKATTO;Herramientas Mecánicas;mecanica;alta;248200
MAND-100-09;MANDRIL TIPO LIVIANO 3/8-24UNF DRAGON TOOLS;HERRAMIENTA MECANICA;MANDRILES;GRUPO NIKATTO;Herramientas Mecánicas;mecanica;alta;191900
MAND-100-10;MANDRIL PARA MOTOTOOL 0.3- 4MM DRAGON TOOLS JT0;HERRAMIENTA MECANICA;MANDRILES;GRUPO NIKATTO;Herramientas Mecánicas;mecanica;alta;203700
MAND-100-20;"ADAPTADOR TIPO A PARA MANDRIL 1/2"" X 1/2"" DRAGON TOOLS";HERRAMIENTA MECANICA;ADAPTADORES;GRUPO NIKATTO;Herramientas Mecánicas;mecanica;alta;30500
MAND-100-21;"LLAVE PARA MANDRIL 3/8"" - 10MM DRAGON TOOLS";HERRAMIENTA MECANICA;MANDRILES;GRUPO NIKATTO;Herramientas Mecánicas;mecanica;alta;137300
MAND-100-22;"LLAVE PARA MANDRIL 1/2"" - 13MM DRAGON TOOLS";HERRAMIENTA MECANICA;MANDRILES;GRUPO NIKATTO;Herramientas Mecánicas;mecanica;alta;62900
MEC-CABEZAL MANGUERA;CABEZAL DE MANGUERA PARA ENGRASADORA 20.409HH;HERRAMIENTA MECANICA;HTA MECANICA;GRUPO NIKATTO;Herramienta Automotriz;automotriz;alta;66900
NIK-200-01;"LLAVE AJUSTABLE CROMADA 6""";HERRAMIENTA MECANICA;LLAVE AJUSTABLE;GRUPO NIKATTO;Herramientas Mecánicas;mecanica;alta;386600
NIK-200-02;"LLAVE AJUSTABLE CROMADA 8""";HERRAMIENTA MECANICA;LLAVE AJUSTABLE;GRUPO NIKATTO;Herramientas Mecánicas;mecanica;alta;127500
NIK-200-03;"LLAVE AJUSTABLE CROMADA 10""";HERRAMIENTA MECANICA;LLAVE AJUSTABLE;GRUPO NIKATTO;Herramientas Mecánicas;mecanica;alta;277900
NIK-200-04;"LLAVE AJUSTABLE CROMADA 12""";HERRAMIENTA MECANICA;LLAVE AJUSTABLE;GRUPO NIKATTO;Herramientas Mecánicas;mecanica;alta;390700
NIK-200-05;"LLAVE AJUSTABLE CROMADA 15""";HERRAMIENTA MECANICA;LLAVE AJUSTABLE;GRUPO NIKATTO;Herramientas Mecánicas;mecanica;alta;404600
NIK-200-06;"LLAVE AJUSTABLE NEGRA FOSFATADA 10""";HERRAMIENTA MECANICA;LLAVE AJUSTABLE;GRUPO NIKATTO;Herramientas Mecánicas;mecanica;alta;93100
NIK-200-07;"LLAVE DE TUBO CUERPO DE HIERRO 8"" 203 MM";HERRAMIENTA MECANICA;LLAVES DE TUBO;GRUPO NIKATTO;Herramientas Mecánicas;mecanica;alta;255200
NIK-200-08;"LLAVE DE TUBO CUERPO DE HIERRO 10"" 254MM";HERRAMIENTA MECANICA;LLAVES DE TUBO;GRUPO NIKATTO;Herramientas Mecánicas;mecanica;alta;416900
NIK-200-09;"LLAVE DE TUBO CUERPO DE HIERRO 12"" 304 MM";HERRAMIENTA MECANICA;LLAVES DE TUBO;GRUPO NIKATTO;Herramientas Mecánicas;mecanica;alta;344700
NIK-200-10;"LLAVE DE TUBO CUERPO DE HIERRO 14"" 355 MM";HERRAMIENTA MECANICA;LLAVES DE TUBO;GRUPO NIKATTO;Herramientas Mecánicas;mecanica;alta;56500
NIK-200-11;"LLAVE DE TUBO CUERPO DE HIERRO 18"" 457 MM";HERRAMIENTA MECANICA;LLAVES DE TUBO;GRUPO NIKATTO;Herramientas Mecánicas;mecanica;alta;56700
NIK-200-12;"LLAVE DE TUBO CUERPO DE HIERRO 24"" 609 MM";HERRAMIENTA MECANICA;LLAVES DE TUBO;GRUPO NIKATTO;Herramientas Mecánicas;mecanica;alta;36800
NIK-200-13;"LLAVE DE TUBO CUERPO DE HIERRO 36"" 914 MM";HERRAMIENTA MECANICA;LLAVES DE TUBO;GRUPO NIKATTO;Herramientas Mecánicas;mecanica;alta;396800
NIK-76-010;"DADO ESTÁNDAR MÉTRICO DE 6PT MANDO DE 1/4"" DE 12MM";HERRAMIENTA MECANICA;DADOS;GRUPO NIKATTO;Herramientas Mecánicas;mecanica;alta;141200
NIK-760100;"MACHO EN ACERO, DIMENSION:1/8""-27 NPT";HERRAMIENTA MECANICA;MACHOS;GRUPO NIKATTO;Herramientas de Aire;aire;alta;1492600
NIK-76-011;"DADO ESTÁNDAR MÉTRICO DE 6PT MANDO DE 1/4"" DE 13MM";HERRAMIENTA MECANICA;DADOS;GRUPO NIKATTO;Herramientas Mecánicas;mecanica;alta;355700
NIK-760110;"MACHO EN ACERO, DIMENSION:1/4""-18 NPT";HERRAMIENTA MECANICA;MACHOS;GRUPO NIKATTO;Herramientas de Aire;aire;alta;1133000
NIK-760120;"MACHO EN ACERO, DIMENSION:3/8""-18 NPT";HERRAMIENTA MECANICA;MACHOS;GRUPO NIKATTO;Herramientas de Aire;aire;alta;2273400
NIK-760130;"MACHO EN ACERO, DIMENSION:1/2""-14 NPT";HERRAMIENTA MECANICA;MACHOS;GRUPO NIKATTO;Herramientas de Aire;aire;alta;136900
NIK-760140;"MACHO EN ACERO, DIMENSION:3/4""-14 NPT";HERRAMIENTA MECANICA;MACHOS;GRUPO NIKATTO;Herramientas de Aire;aire;alta;1719400
NIK-76-016;"DADO LARGO MÉTRICO DE 6PT MANDO DE 1/4"" DE 7MM";HERRAMIENTA MECANICA;DADOS;GRUPO NIKATTO;Herramientas Mecánicas;mecanica;alta;219500
NIK-760160;JUEGO DE MACHO (3 PZS) M3-0,5;HERRAMIENTA MECANICA;MACHOS;GRUPO NIKATTO;Herramientas Mecánicas;mecanica;alta;180700
NIK-76-017;"DADO LARGO MÉTRICO DE 6PT MANDO DE 1/4"" DE 8MM";HERRAMIENTA MECANICA;DADOS;GRUPO NIKATTO;Herramientas Mecánicas;mecanica;alta;46100
NIK-760170;JUEGO DE MACHO (3 PZS) M4-0,75;HERRAMIENTA MECANICA;MACHOS;GRUPO NIKATTO;Herramientas Mecánicas;mecanica;alta;388300
NIK-76-018;"DADO LARGO MÉTRICO DE 6PT MANDO DE 1/4"" DE 9MM";HERRAMIENTA MECANICA;DADOS;GRUPO NIKATTO;Herramientas Mecánicas;mecanica;alta;47400
NIK-760180;JUEGO DE MACHO (3 PZS) M5-0,8;HERRAMIENTA MECANICA;MACHOS;GRUPO NIKATTO;Herramientas Mecánicas;mecanica;alta;13700
NIK-760190;JUEGO DE MACHO (3 PZS) M6-1,0;HERRAMIENTA MECANICA;MACHOS;GRUPO NIKATTO;Herramientas Mecánicas;mecanica;alta;408800
NIK-76-020;"DADO LARGO MÉTRICO DE 6PT MANDO DE 1/4"" DE 11MM";HERRAMIENTA MECANICA;DADOS;GRUPO NIKATTO;Herramientas Mecánicas;mecanica;alta;362600
NIK-760200;JUEGO DE MACHO (3 PZS) M7-1,0;HERRAMIENTA MECANICA;MACHOS;GRUPO NIKATTO;Herramientas Mecánicas;mecanica;alta;225800
NIK-76-021;"DADO LARGO MÉTRICO DE 6PT MANDO DE 1/4"" DE 12MM";HERRAMIENTA MECANICA;DADOS;GRUPO NIKATTO;Herramientas Mecánicas;mecanica;alta;327400
NIK-760210;JUEGO DE MACHO (3 PZS) M8-1,0;HERRAMIENTA MECANICA;MACHOS;GRUPO NIKATTO;Herramientas Mecánicas;mecanica;alta;432800
NIK-76-022;"DADO LARGO MÉTRICO DE 6PT MANDO DE 1/4"" DE 13MM";HERRAMIENTA MECANICA;DADOS;GRUPO NIKATTO;Herramientas Mecánicas;mecanica;alta;167700
NIK-760220;JUEGO DE MACHO (3 PZS) M8-1,25;HERRAMIENTA MECANICA;MACHOS;GRUPO NIKATTO;Herramientas Mecánicas;mecanica;alta;55000
NIK-760230;JUEGO DE MACHO (3 PZS) M10-1,0;HERRAMIENTA MECANICA;MACHOS;GRUPO NIKATTO;Herramientas Mecánicas;mecanica;alta;367900
NIK-760240;JUEGO DE MACHO (3 PZS) M10-1,25;HERRAMIENTA MECANICA;MACHOS;GRUPO NIKATTO;Herramientas Mecánicas;mecanica;alta;297000
NIK-760250;JUEGO DE MACHO (3 PZS) M10-1,5;HERRAMIENTA MECANICA;MACHOS;GRUPO NIKATTO;Herramientas Mecánicas;mecanica;alta;276900
NIK-760260;JUEGO DE MACHO (3 PZS) M12-1,25;HERRAMIENTA MECANICA;MACHOS;GRUPO NIKATTO;Herramientas Mecánicas;mecanica;alta;386500
NIK-760280;JUEGO DE MACHO (3 PZS) M12-1,75;HERRAMIENTA MECANICA;MACHOS;GRUPO NIKATTO;Herramientas Mecánicas;mecanica;alta;276500
NIK-760290;JUEGO DE MACHO (3 PZS) M14-1,5;HERRAMIENTA MECANICA;MACHOS;GRUPO NIKATTO;Herramientas Mecánicas;mecanica;alta;116100
NIK-760300;JUEGO DE MACHO (3 PZS) M14-2,0;HERRAMIENTA MECANICA;MACHOS;GRUPO NIKATTO;Herramientas Mecánicas;mecanica;alta;325500
NIK-760310;JUEGO DE MACHO (3 PZS) M16-1,5;HERRAMIENTA MECANICA;MACHOS;GRUPO NIKATTO;Herramientas Mecánicas;mecanica;alta;25500
NIK-760320;JUEGO DE MACHO (3 PZS) M16-2,0;HERRAMIENTA MECANICA;MACHOS;GRUPO NIKATTO;Herramientas Mecánicas;mecanica;alta;216800
NIK-760330;JUEGO DE MACHO (3 PZS) M18-1,5;HERRAMIENTA MECANICA;MACHOS;GRUPO NIKATTO;Herramientas Mecánicas;mecanica;alta;233600
NIK-760340;JUEGO DE MACHO (3 PZS) M18-2,5;HERRAMIENTA MECANICA;MACHOS;GRUPO NIKATTO;Herramientas Mecánicas;mecanica;alta;422300
NIK-760350;JUEGO DE MACHO (3 PZS) M20-1,5;HERRAMIENTA MECANICA;MACHOS;GRUPO NIKATTO;Herramientas Mecánicas;mecanica;alta;60600
NIK-760360;JUEGO DE MACHO (3 PZS) M20-2,5;HERRAMIENTA MECANICA;MACHOS;GRUPO NIKATTO;Herramientas Mecánicas;mecanica;alta;206800
NIK-760370;JUEGO DE MACHO (3 PZS) M22-1,5;HERRAMIENTA MECANICA;MACHOS;GRUPO NIKATTO;Herramientas Mecánicas;mecanica;alta;197800
NIK-760380;JUEGO DE MACHO (3 PZS) M22-2,5;HERRAMIENTA MECANICA;MACHOS;GRUPO NIKATTO;Herramientas Mecánicas;mecanica;alta;140600
NIK-760390;JUEGO DE MACHO (3 PZS) M24-1,5;HERRAMIENTA MECANICA;MACHOS;GRUPO NIKATTO;Herramientas Mecánicas;mecanica;alta;287800
NIK-760400;JUEGO DE MACHO (3 PZS) M24-3,0;HERRAMIENTA MECANICA;MACHOS;GRUPO NIKATTO;Herramientas Mecánicas;mecanica;alta;253700
NIK-76-041;"DADO ESTÁNDAR DE 6PT MANDO DE 1/4"" X 3/16""";HERRAMIENTA MECANICA;DADOS;GRUPO NIKATTO;Herramientas Mecánicas;mecanica;alta;87100
NIK-760420;"JUEGO DE MACHO (3 PZS) UNC 1/8"" (5-40)";HERRAMIENTA MECANICA;MACHOS;GRUPO NIKATTO;Herramientas Mecánicas;mecanica;alta;435500
NIK-76-043;"DADO ESTÁNDAR DE 6PT MANDO DE 1/4"" X 1/4""";HERRAMIENTA MECANICA;DADOS;GRUPO NIKATTO;Herramientas Mecánicas;mecanica;alta;404700
NIK-760430;JUEGO DE MACHO (3 PZS) UNC 5/32 (8-32);HERRAMIENTA MECANICA;MACHOS;GRUPO NIKATTO;Herramientas Mecánicas;mecanica;alta;40500
NIK-760440;JUEGO DE MACHO (3 PZS) UNC 3/16 (10-24);HERRAMIENTA MECANICA;MACHOS;GRUPO NIKATTO;Herramientas Mecánicas;mecanica;alta;289500
NIK-76-045;"DADO ESTÁNDAR DE 6PT MANDO DE 1/4"" X 5/16""";HERRAMIENTA MECANICA;DADOS;GRUPO NIKATTO;Herramientas Mecánicas;mecanica;alta;437700
NIK-760450;JUEGO DE MACHO (3 PZS) UNC 1/4-20;HERRAMIENTA MECANICA;MACHOS;GRUPO NIKATTO;Herramientas Mecánicas;mecanica;alta;112500
NIK-76-047;"DADO ESTÁNDAR DE 6PT MANDO DE 1/4"" X 3/8""";HERRAMIENTA MECANICA;DADOS;GRUPO NIKATTO;Herramientas Mecánicas;mecanica;alta;239600
NIK-760470;JUEGO DE MACHO (3 PZS) UNC 3/8-16;HERRAMIENTA MECANICA;MACHOS;GRUPO NIKATTO;Herramientas Mecánicas;mecanica;alta;74400
NIK-76-048;"DADO ESTÁNDAR DE 6PT MANDO DE 1/4"" X 7/16""";HERRAMIENTA MECANICA;DADOS;GRUPO NIKATTO;Herramientas Mecánicas;mecanica;alta;73500
NIK-760480;JUEGO DE MACHO (3 PZS) UNC 7/16-14;HERRAMIENTA MECANICA;MACHOS;GRUPO NIKATTO;Herramientas Mecánicas;mecanica;alta;117300
NIK-76-049;"DADO ESTÁNDAR DE 6PT MANDO DE 1/4"" X 1/2""";HERRAMIENTA MECANICA;DADOS;GRUPO NIKATTO;Herramientas Mecánicas;mecanica;alta;100500
NIK-760490;JUEGO DE MACHO (3 PZS) UNC 1/2-13;HERRAMIENTA MECANICA;MACHOS;GRUPO NIKATTO;Herramientas Mecánicas;mecanica;alta;149800
NIK-760500;JUEGO DE MACHO (3 PZS) UNC 9/16-12;HERRAMIENTA MECANICA;MACHOS;GRUPO NIKATTO;Herramientas Mecánicas;mecanica;alta;305500
NIK-760510;JUEGO DE MACHO (3 PZS) UNC 5/8-11;HERRAMIENTA MECANICA;MACHOS;GRUPO NIKATTO;Herramientas Mecánicas;mecanica;alta;70000
NIK-760520;JUEGO DE MACHO (3 PZS) UNC 3/4-10;HERRAMIENTA MECANICA;MACHOS;GRUPO NIKATTO;Herramientas Mecánicas;mecanica;alta;447500
NIK-760530;JUEGO DE MACHO (3 PZS) UNC 7/8-9;HERRAMIENTA MECANICA;MACHOS;GRUPO NIKATTO;Herramientas Mecánicas;mecanica;alta;58500
NIK-760600;JUEGO DE MACHO (3 PZS) UNF 7/16-20;HERRAMIENTA MECANICA;MACHOS;GRUPO NIKATTO;Herramientas Mecánicas;mecanica;alta;313400
NIK-760610;JUEGO DE MACHO (3 PZS) UNF 1/2-20;HERRAMIENTA MECANICA;MACHOS;GRUPO NIKATTO;Herramientas Mecánicas;mecanica;alta;224700
NIK-76-165;"DADO PARA BUJÍAS 6 PT MANDO 3/8"" X 5/8""";HERRAMIENTA MECANICA;DADOS;GRUPO NIKATTO;Herramienta Automotriz;automotriz;alta;511100
NIK-76-166;"DADO PARA BUJÍAS 6 PT MANDO 3/8"" X 13/16""";HERRAMIENTA MECANICA;DADOS;GRUPO NIKATTO;Herramienta Automotriz;automotriz;alta;87900
NIK-76-195;"DADO CON PUNTA TORX MANDO 3/8"" T-27";HERRAMIENTA MECANICA;DADOS;GRUPO NIKATTO;Herramientas Mecánicas;mecanica;alta;52000
NIK-76-196;"DADO CON PUNTA TORX MANDO 3/8"" T-30";HERRAMIENTA MECANICA;DADOS;GRUPO NIKATTO;Herramientas Mecánicas;mecanica;alta;97000
NIK-76-197;"DADO CON PUNTA TORX MANDO 3/8"" T-40";HERRAMIENTA MECANICA;DADOS;GRUPO NIKATTO;Herramientas Mecánicas;mecanica;alta;44700
NIK-76-198;"DADO CON PUNTA TORX MANDO 3/8"" T-45";HERRAMIENTA MECANICA;DADOS;GRUPO NIKATTO;Herramientas Mecánicas;mecanica;alta;360100
NIK-76-199;"DADO CON PUNTA TORX MANDO 3/8"" T-50";HERRAMIENTA MECANICA;DADOS;GRUPO NIKATTO;Herramientas Mecánicas;mecanica;alta;302300
NIK-76-200;"DADO CON PUNTA TORX MANDO 3/8"" T-55";HERRAMIENTA MECANICA;DADOS;GRUPO NIKATTO;Herramientas Mecánicas;mecanica;alta;449800
NIK-76-457;"DADO LARGO SAE DE 12PT MANDO DE 1/2"" DE 15/16""";HERRAMIENTA MECANICA;DADOS;GRUPO NIKATTO;Herramientas Mecánicas;mecanica;alta;230300
NIK-76-480;"DADO PARA BUJÍAS 6 PT MANDO 1/2"" X 5/8""";HERRAMIENTA MECANICA;DADOS;GRUPO NIKATTO;Herramienta Automotriz;automotriz;alta;563500
NIK-76-660;CINCEL DE PUNTA SDS PLUS, DIMENSION: 5/8 X 10 PULG;HERRAMIENTA MECANICA;CINCELES;GRUPO NIKATTO;Herramientas Mecánicas;mecanica;alta;265500
NIK-76-661;CINCEL DE PUNTA SDS PLUS, DIMENSION: 5/8 X 16 PULG;HERRAMIENTA MECANICA;CINCELES;GRUPO NIKATTO;Herramientas Mecánicas;mecanica;alta;65800
NIK-76-663;CINCEL PLANO SDS PLUS, DIMENSION: 3/4 X 10 PULG;HERRAMIENTA MECANICA;CINCELES;GRUPO NIKATTO;Herramientas Mecánicas;mecanica;alta;281200
NIK-76-664;CINCEL PLANO SDS PLUS, DIMENSION: 3/4 X 16 PULG;HERRAMIENTA MECANICA;CINCELES;GRUPO NIKATTO;Herramientas Mecánicas;mecanica;alta;34700
NIK-76-665;CINCEL ANCHO SDS PLUS, DIMENSION: 40 MM X 10 PULG;HERRAMIENTA MECANICA;CINCELES;GRUPO NIKATTO;Herramientas Mecánicas;mecanica;alta;177100
NIK-76-750;"JUEGO DE DADOS 10 PIEZAS 3/8"" T10 - T60";HERRAMIENTA MECANICA;DADOS;GRUPO NIKATTO;Herramientas Mecánicas;mecanica;alta;28900
NIK-76-751;"JUEGO DE DADOS 9 PIEZAS 1/2"" T20 - T60";HERRAMIENTA MECANICA;DADOS;GRUPO NIKATTO;Herramientas Mecánicas;mecanica;alta;306400
NIK-77-750;MANDRIL PARA SIERRA COPA DE VASTAGO REDONDO, DIMENSION: 1/4 PULG;HERRAMIENTA MECANICA;MANDRILES;GRUPO NIKATTO;Herramientas de Corte;corte;alta;155200
NIK-77-751;MANDRIL PARA SIERRA COPA DE VASTAGO HEXAGONAL, DIMENSION: 3/8 PULG;HERRAMIENTA MECANICA;MANDRILES;GRUPO NIKATTO;Herramientas de Corte;corte;alta;81200
NIK-85-903;JGO 8 LLAVES COMBINADAS METRICAS DE 8 A 19 MM (8,10,11,12,13,14,17,19MM);HERRAMIENTA MECANICA;LLAVE COMBINADA;GRUPO NIKATTO;Herramientas Mecánicas;mecanica;alta;449000
NIK-85-905;JGO 9 LLAVES COMBINADAS METRICAS DE 8 A 17 MM (8,9,10,11,12,13,14,15,17MM);HERRAMIENTA MECANICA;LLAVE COMBINADA;GRUPO NIKATTO;Herramientas Mecánicas;mecanica;alta;89300
NIK-85-906;JGO 11 LLAVES COMBINADAS PULGADAS DE 3/8 A 1 PULG (3/8,7/16,1/2,9/16,5/8,11/16,3/4,13/16,7/8,15/16,1 PULG);HERRAMIENTA MECANICA;LLAVE COMBINADA;GRUPO NIKATTO;Herramientas Mecánicas;mecanica;alta;58200
NIK-85-907;JGO 14 LLAVES COMBINADAS PULGADAS DE 3/8 A 1-1/4 PULG (3/8,7/16,1/2,9/16,5/8,11/16,3/4,13/16,7/8,15/16,1,1-1/16,1-1/8,1-1/4 PULG);HERRAMIENTA MECANICA;LLAVE COMBINADA;GRUPO NIKATTO;Herramientas Mecánicas;mecanica;alta;252800
NIK-85-908;JGO 14 LLAVES COMBINADAS METRICAS (10,11,12,13,14,17,19,21,22,23,24,26,30,32 MM);HERRAMIENTA MECANICA;LLAVE COMBINADA;GRUPO NIKATTO;Herramientas Mecánicas;mecanica;alta;95900
NIK-85-909;JGO 14 LLAVES COMBINADAS METRICAS DE 7 A 24MM (7,8,9,10,11,12,13,14,15,17,19,21,22,24MM);HERRAMIENTA MECANICA;LLAVE COMBINADA;GRUPO NIKATTO;Herramientas Mecánicas;mecanica;alta;158500
NIK-96-653;"LLAVE COMBINADA PULGADAS DIMENSION 3/8"" FABRICADO EN CROMO VANADIO";HERRAMIENTA MECANICA;LLAVE COMBINADA;GRUPO NIKATTO;Herramientas Mecánicas;mecanica;alta;359700
NIK-96-654;"LLAVE COMBINADA PULGADAS DIMENSION 7/16"" FABRICADO EN CROMO VANADIO";HERRAMIENTA MECANICA;LLAVE COMBINADA;GRUPO NIKATTO;Herramientas Mecánicas;mecanica;alta;423700
NIK-96-655;"LLAVE COMBINADA PULGADAS DIMENSION 1/2"" FABRICADO EN CROMO VANADIO";HERRAMIENTA MECANICA;LLAVE COMBINADA;GRUPO NIKATTO;Herramientas Mecánicas;mecanica;alta;298200
NIK-96-656;"LLAVE COMBINADA PULGADAS DIMENSION 9/16"" FABRICADO EN CROMO VANADIO";HERRAMIENTA MECANICA;LLAVE COMBINADA;GRUPO NIKATTO;Herramientas Mecánicas;mecanica;alta;56900
NIK-96-657;"LLAVE COMBINADA PULGADAS DIMENSION 5/8"" FABRICADO EN CROMO VANADIO";HERRAMIENTA MECANICA;LLAVE COMBINADA;GRUPO NIKATTO;Herramientas Mecánicas;mecanica;alta;355900
NIK-96-658;"LLAVE COMBINADA PULGADAS DIMENSION 11/16"" FABRICADO EN CROMO VANADIO";HERRAMIENTA MECANICA;LLAVE COMBINADA;GRUPO NIKATTO;Herramientas Mecánicas;mecanica;alta;155400
NIK-96-659;"LLAVE COMBINADA PULGADAS DIMENSION 3/4"" FABRICADO EN CROMO VANADIO";HERRAMIENTA MECANICA;LLAVE COMBINADA;GRUPO NIKATTO;Herramientas Mecánicas;mecanica;alta;402900
NIK-96-752;LLAVE COMBINADA METRICA DIMENSION 7 MM FABRICADO EN CROMO VANADIO;HERRAMIENTA MECANICA;LLAVE COMBINADA;GRUPO NIKATTO;Herramientas Mecánicas;mecanica;alta;215700
NIK-96-753;LLAVE COMBINADA METRICA DIMENSION 8 MM FABRICADO EN CROMO VANADIO;HERRAMIENTA MECANICA;LLAVE COMBINADA;GRUPO NIKATTO;Herramientas Mecánicas;mecanica;alta;268200
NIK-96-755;LLAVE COMBINADA METRICA DIMENSION 10 MM FABRICADO EN CROMO VANADIO;HERRAMIENTA MECANICA;LLAVE COMBINADA;GRUPO NIKATTO;Herramientas Mecánicas;mecanica;alta;69500
NIK-96-756;LLAVE COMBINADA METRICA DIMENSION 11 MM FABRICADO EN CROMO VANADIO;HERRAMIENTA MECANICA;LLAVE COMBINADA;GRUPO NIKATTO;Herramientas Mecánicas;mecanica;alta;207400
NIK-96-757;LLAVE COMBINADA METRICA DIMENSION 12 MM FABRICADO EN CROMO VANADIO;HERRAMIENTA MECANICA;LLAVE COMBINADA;GRUPO NIKATTO;Herramientas Mecánicas;mecanica;alta;84600
NIK-96-758;LLAVE COMBINADA METRICA DIMENSION 13 MM FABRICADO EN CROMO VANADIO;HERRAMIENTA MECANICA;LLAVE COMBINADA;GRUPO NIKATTO;Herramientas Mecánicas;mecanica;alta;394000
NIK-96-759;LLAVE COMBINADA METRICA DIMENSION 14 MM FABRICADO EN CROMO VANADIO;HERRAMIENTA MECANICA;LLAVE COMBINADA;GRUPO NIKATTO;Herramientas Mecánicas;mecanica;alta;148600
NIK-96-760;LLAVE COMBINADA METRICA DIMENSION 15 MM FABRICADO EN CROMO VANADIO;HERRAMIENTA MECANICA;LLAVE COMBINADA;GRUPO NIKATTO;Herramientas Mecánicas;mecanica;alta;250800
NIK-96-762;LLAVE COMBINADA METRICA DIMENSION 17 MM FABRICADO EN CROMO VANADIO;HERRAMIENTA MECANICA;LLAVE COMBINADA;GRUPO NIKATTO;Herramientas Mecánicas;mecanica;alta;307500
NIK-96-764;LLAVE COMBINADA METRICA DIMENSION 19 MM FABRICADO EN CROMO VANADIO;HERRAMIENTA MECANICA;LLAVE COMBINADA;GRUPO NIKATTO;Herramientas Mecánicas;mecanica;alta;386300
NIK-96-766;LLAVE COMBINADA METRICA DIMENSION 21 MM FABRICADO EN CROMO VANADIO;HERRAMIENTA MECANICA;LLAVE COMBINADA;GRUPO NIKATTO;Herramientas Mecánicas;mecanica;alta;349200
NIK-96-767;LLAVE COMBINADA METRICA DIMENSION 22 MM FABRICADO EN CROMO VANADIO;HERRAMIENTA MECANICA;LLAVE COMBINADA;GRUPO NIKATTO;Herramientas Mecánicas;mecanica;alta;52300
NIK-96-769;LLAVE COMBINADA METRICA DIMENSION 24 MM FABRICADO EN CROMO VANADIO;HERRAMIENTA MECANICA;LLAVE COMBINADA;GRUPO NIKATTO;Herramientas Mecánicas;mecanica;alta;139700
NIK-28700;"TRONZADORA 14"" 2400 WATTS";HTA ELECTRICA;HTA ELECTRICA;GRUPO NIKATTO;Herramientas Eléctricas;sublinea:HTA ELECTRICA;media;3316300
NIK-28701R;ESTATOR - REPUESTO REFERENCIA: NIK-28700;HTA ELECTRICA;REPUESTOS;GRUPO NIKATTO;Herramientas Eléctricas;electrica;alta;469000
NIK-28702R;ROTOR - REPUESTO REFERENCIA: NIK-28700;HTA ELECTRICA;REPUESTOS;GRUPO NIKATTO;Herramientas Eléctricas;electrica;alta;2308500
NIK-28703R;ENGRANAJE GRANDE - REPUESTO REFERENCIA: NIK-28700;HTA ELECTRICA;REPUESTOS;GRUPO NIKATTO;Herramientas Eléctricas;electrica;alta;864400
NIK-28704R;INTERRUPTOR - REPUESTO REFERENCIA: NIK-28700;HTA ELECTRICA;REPUESTOS;GRUPO NIKATTO;Herramientas Eléctricas;electrica;alta;428300
NIK-28705R;ESCOBILLA DE CARBÓN - REPUESTO REFERENCIA: NIK-28700;HTA ELECTRICA;REPUESTOS;GRUPO NIKATTO;Herramientas Eléctricas;electrica;alta;1857300
NIK-AG2830;"ESMERILADORA ANGULAR 7"" 2200 WATTS";HTA ELECTRICA;HTA ELECTRICA;GRUPO NIKATTO;Herramientas Eléctricas;electrica;alta;3398100
NIKAG-2842R;MANIJA TRASERA IZQUIERDA - REPUESTO REFERENCIA: NIK-AG2830;HTA ELECTRICA;REPUESTOS;GRUPO NIKATTO;Herramientas Eléctricas;electrica;alta;1460800
NIK-AG2843R;MANIJA TRASERA DERECHA - REPUESTO REFERENCIA: NIK-AG2830;HTA ELECTRICA;REPUESTOS;GRUPO NIKATTO;Herramientas Eléctricas;electrica;alta;733700
NIK-AG2844R;INTERRUPTOR - REPUESTO REFERENCIA: NIK-AG2830;HTA ELECTRICA;REPUESTOS;GRUPO NIKATTO;Herramientas Eléctricas;electrica;alta;2155200
NIK-AG3101R;ROTOR - REPUESTO REFERENCIA: NIK-AG3103;HTA ELECTRICA;REPUESTOS;GRUPO NIKATTO;Herramientas Eléctricas;electrica;alta;1024100
NIK-AG3102R;ESCOBILLA DE CARBÓN - REPUESTO REFERENCIA: NIK-AG3103;HTA ELECTRICA;REPUESTOS;GRUPO NIKATTO;Herramientas Eléctricas;electrica;alta;1234300
NIK-AG3103;"ESMERILADORA ANGULAR 4-1/2"" 750 WATTS";HTA ELECTRICA;HTA ELECTRICA;GRUPO NIKATTO;Herramientas Eléctricas;electrica;alta;1122800
NIK-AG3103R;ENGRANAJE DE RUEDA - REPUESTO REFERENCIA: NIK-AG3103;HTA ELECTRICA;REPUESTOS;GRUPO NIKATTO;Herramientas Eléctricas;electrica;alta;2911900
NIK-AG3104R;ENGRANAJE DE PIÑÓN - REPUESTO REFERENCIA: NIK-AG3103;HTA ELECTRICA;REPUESTOS;GRUPO NIKATTO;Herramientas Eléctricas;electrica;alta;210100
NIK-AG3105R;ESTATOR - REPUESTO REFERENCIA: NIK-AG3103;HTA ELECTRICA;REPUESTOS;GRUPO NIKATTO;Herramientas Eléctricas;electrica;alta;1053400
NIK-AG3106R;CUBIERTA FRONTAL - REPUESTO REFERENCIA: NIK-AG3103;HTA ELECTRICA;REPUESTOS;GRUPO NIKATTO;Herramientas Eléctricas;electrica;alta;1049500
NIK-AG3107R;CAJA DE ENGRANAJES - REPUESTO REFERENCIA: NIK-AG3103;HTA ELECTRICA;REPUESTOS;GRUPO NIKATTO;Herramientas Eléctricas;electrica;alta;806700
NIK-AG3108R;INTERRUPTOR - REPUESTO REFERENCIA: NIK-AG3103;HTA ELECTRICA;REPUESTOS;GRUPO NIKATTO;Herramientas Eléctricas;electrica;alta;786600
NIK-AG3109R;BLOQUEO DEL HUSILLO - REPUESTO REFERENCIA: NIK-AG3103;HTA ELECTRICA;REPUESTOS;GRUPO NIKATTO;Herramientas de Seguridad;seguridad:loto;alta;172900
NIK-AG3110R;COJINETE DE AGUJAS - REPUESTO REFERENCIA: NIK-AG3103;HTA ELECTRICA;REPUESTOS;GRUPO NIKATTO;Herramientas Eléctricas;electrica;alta;2685700
NIK-AG3111R;PORTAESCOBILLAS - REPUESTO REFERENCIA: NIK-AG3103;HTA ELECTRICA;REPUESTOS;GRUPO NIKATTO;Herramientas Eléctricas;electrica;alta;618600
NIK-AG3112R;BOTÓN DEL INTERRUPTOR - REPUESTO REFERENCIA: NIK-AG3103;HTA ELECTRICA;REPUESTOS;GRUPO NIKATTO;Herramientas Eléctricas;electrica;alta;2623300
NIK-AG3113R;POLO DE CONEXIÓN DEL INTERRUPTOR - REPUESTO REFERENCIA: NIK-AG3103;HTA ELECTRICA;REPUESTOS;GRUPO NIKATTO;Herramientas Eléctricas;electrica;alta;2906600
NIK-AG3114R;CARCASA - REPUESTO REFERENCIA: NIK-AG3103;HTA ELECTRICA;REPUESTOS;GRUPO NIKATTO;Herramientas Eléctricas;electrica;alta;2707400
NIK-AG3115R;CABLE Y ENCHUFE - REPUESTO REFERENCIA: NIK-AG3103;HTA ELECTRICA;REPUESTOS;GRUPO NIKATTO;Herramientas Eléctricas;electrica;alta;3007700
NIK-BW6001;SOPLADORA / ASPIRADORA 600 WATTS;HTA ELECTRICA;HTA ELECTRICA;GRUPO NIKATTO;Herramientas Eléctricas;sublinea:HTA ELECTRICA;media;931700
NIK-CD1011R;INTERRUPTOR - REPUESTO REFERENCIA: NIK-CD1012;HTA ELECTRICA;REPUESTOS;GRUPO NIKATTO;Herramientas Eléctricas;electrica;alta;2013400
NIK-CD1012;"TALADRO INALAMBRICO 3/8"" DE 12V ROTACION + 1 BATERIA";HTA ELECTRICA;HTA ELECTRICA;GRUPO NIKATTO;Herramientas Eléctricas;electrica;alta;3032300
NIK-CD1012R;CARCASA IZQUIERDA - REPUESTO REFERENCIA: NIK-CD1012;HTA ELECTRICA;REPUESTOS;GRUPO NIKATTO;Herramientas Eléctricas;electrica;alta;1295900
NIK-CD1013R;CARCASA DERECHA - REPUESTO REFERENCIA: NIK-CD1012;HTA ELECTRICA;REPUESTOS;GRUPO NIKATTO;Herramientas Eléctricas;electrica;alta;3320700
NIK-CD1014R;ENGRANAJE - REPUESTO REFERENCIA: NIK-CD1012;HTA ELECTRICA;REPUESTOS;GRUPO NIKATTO;Herramientas Eléctricas;electrica;alta;3259600
NIK-CD1015R;MANDRIL - REPUESTO REFERENCIA: NIK-CD1012;HTA ELECTRICA;REPUESTOS;GRUPO NIKATTO;Herramientas Eléctricas;electrica;alta;655500
NIK-CD1016R;BATERÍA - REPUESTO REFERENCIA: NIK-CD1012;HTA ELECTRICA;REPUESTOS;GRUPO NIKATTO;Herramientas Eléctricas;electrica;alta;3087900
NIK-CD1020;"TALADRO INALAMBRICO 1/2"" DE 20V ROTACION + INCLUYE 2 BATERIAS, CAJA PLASTICA";HTA ELECTRICA;HTA ELECTRICA;GRUPO NIKATTO;Herramientas Eléctricas;electrica;alta;2018700
NIK-CD1021R;CAJA DE PINES DERECHA - REPUESTO REFERENCIA: NIK-CD1020;HTA ELECTRICA;REPUESTOS;GRUPO NIKATTO;Herramientas Eléctricas;electrica;alta;3321500
NIK-CD1022R;CAJA DE PINES IZQUIERDA - REPUESTO REFERENCIA: NIK-CD1020;HTA ELECTRICA;REPUESTOS;GRUPO NIKATTO;Herramientas Eléctricas;electrica;alta;2231400
NIK-CD1023R;CARCASA IZQUIERDA - REPUESTO REFERENCIA: NIK-CD1020;HTA ELECTRICA;REPUESTOS;GRUPO NIKATTO;Herramientas Eléctricas;electrica;alta;1738000
NIK-CD1024R;CARCASA DERECHA - REPUESTO REFERENCIA: NIK-CD1020;HTA ELECTRICA;REPUESTOS;GRUPO NIKATTO;Herramientas Eléctricas;electrica;alta;1816600
NIK-CD1025R;BATERÍA - REPUESTO REFERENCIA: NIK-CD1020;HTA ELECTRICA;REPUESTOS;GRUPO NIKATTO;Herramientas Eléctricas;electrica;alta;2893100
NIK-CD1026R;CONTROLADOR + INTERRUPTOR + ESTATOR - REPUESTO REFERENCIA: NIK-CD1020;HTA ELECTRICA;REPUESTOS;GRUPO NIKATTO;Herramientas Eléctricas;electrica;alta;1512000
NIK-CD1027R;ROTOR - REPUESTO REFERENCIA: NIK-CD1020;HTA ELECTRICA;REPUESTOS;GRUPO NIKATTO;Herramientas Eléctricas;electrica;alta;227800
NIK-CD1028R;MANDRIL - REPUESTO REFERENCIA: NIK-CD1020;HTA ELECTRICA;REPUESTOS;GRUPO NIKATTO;Herramientas Eléctricas;electrica;alta;3229800
NIK-FS8410;LIJADORA DE PALMA 1/4 HOJA 200 WATTS;HTA ELECTRICA;HTA ELECTRICA;GRUPO NIKATTO;Herramientas Eléctricas;electrica;alta;808000
NIK-HG1200;PISTOLA DE CALOR 1600 WATTS;HTA ELECTRICA;HTA ELECTRICA;GRUPO NIKATTO;Herramientas Eléctricas;electrica;alta;215300
NIK-HM5116;"TALADRO PERCUTOR 1/2"" VVR 600 WATTS";HTA ELECTRICA;HTA ELECTRICA;GRUPO NIKATTO;Herramientas Eléctricas;electrica;alta;2209900
NIK-HM51161R;ROTOR - REPUESTO REFERENCIA: NIK-HM5116;HTA ELECTRICA;REPUESTOS;GRUPO NIKATTO;Herramientas Eléctricas;electrica;alta;2960100
NIK-HM51162R;INTERRUPTOR - REPUESTO REFERENCIA: NIK-HM5116;HTA ELECTRICA;REPUESTOS;GRUPO NIKATTO;Herramientas Eléctricas;electrica;alta;2147800
NIK-HM51163R;ESTATOR - REPUESTO REFERENCIA: NIK-HM5116;HTA ELECTRICA;REPUESTOS;GRUPO NIKATTO;Herramientas Eléctricas;electrica;alta;2872900
NIK-HM51164R;ESCOBILLA DE CARBÓN - REPUESTO REFERENCIA: NIK-HM5116;HTA ELECTRICA;REPUESTOS;GRUPO NIKATTO;Herramientas Eléctricas;electrica;alta;304100
NIK-HM9211R;ESTATOR - REPUESTO REFERENCIA: NIK-HM9217;HTA ELECTRICA;REPUESTOS;GRUPO NIKATTO;Herramientas Eléctricas;electrica;alta;264000
NIK-HM9212R;INTERRUPTOR - REPUESTO REFERENCIA: NIK-HM9217;HTA ELECTRICA;REPUESTOS;GRUPO NIKATTO;Herramientas Eléctricas;electrica;alta;962000
NIK-HM9213R;ROTOR - REPUESTO REFERENCIA: NIK-HM9217;HTA ELECTRICA;REPUESTOS;GRUPO NIKATTO;Herramientas Eléctricas;electrica;alta;2753800
NIK-HM9214R;ESCOBILLA DE CARBÓN - REPUESTO REFERENCIA: NIK-HM9217;HTA ELECTRICA;REPUESTOS;GRUPO NIKATTO;Herramientas Eléctricas;electrica;alta;3451800
NIK-HM9217;"TALADRO PERCUTOR 1/2"" VVR 900 WATTS";HTA ELECTRICA;HTA ELECTRICA;GRUPO NIKATTO;Herramientas Eléctricas;electrica;alta;1082400
NIK-JS7701;SIERRA CALADORA 600 WATTS CON ACCION ORBITAL;HTA ELECTRICA;HTA ELECTRICA;GRUPO NIKATTO;Herramientas Eléctricas;electrica;alta;3236800
NIK-JS7702R;ROTOR - REPUESTO REFERENCIA NIK-JS7701;HTA ELECTRICA;REPUESTOS;GRUPO NIKATTO;Herramientas Eléctricas;electrica;alta;1254300
NIK-JS7703R;ESCOBILLA DE CARBÓN - REPUESTO REFERENCIA: NIK-JS7701;HTA ELECTRICA;REPUESTOS;GRUPO NIKATTO;Herramientas Eléctricas;electrica;alta;397100
NIK-JS7704R;INTERRUPTOR - REPUESTO REFERENCIA: NIK-JS7701;HTA ELECTRICA;REPUESTOS;GRUPO NIKATTO;Herramientas Eléctricas;electrica;alta;1987200
NIK-JS7705R;CONTROLADOR DE VELOCIDAD - REPUESTO REFERENCIA: NIK-JS7701;HTA ELECTRICA;REPUESTOS;GRUPO NIKATTO;Herramientas Eléctricas;electrica;alta;2543900
NIK-JS7706R;ESTATOR - REPUESTO REFERENCIA: NIK-JS7701;HTA ELECTRICA;REPUESTOS;GRUPO NIKATTO;Herramientas Eléctricas;electrica;alta;2591900
CJ-102;CAJA HTAS METALICA 41 X 15 X 10 TB102;HERRAMIENTAS DE TALLER;CAJAS DE HERRAMIENTAS;GRUPO NIKATTO;Herramientas Industriales;industrial;alta;280400
CJ-122B;CAJA HTAS METALICA ESCUALIZABLE 495X200X290 MM;HERRAMIENTAS DE TALLER;CAJAS DE HERRAMIENTAS;GRUPO NIKATTO;Herramientas Industriales;industrial;alta;17500
CJ-135;CAJA HTAS METALICA 1 INTERIOR 510X218X240 MM;HERRAMIENTAS DE TALLER;CAJAS DE HERRAMIENTAS;GRUPO NIKATTO;Herramientas Industriales;industrial;alta;106200
CJ-140C;CAJA HTAS METALICA 26.4 X 8.6 X9.5 TBP140C;HERRAMIENTAS DE TALLER;CAJAS DE HERRAMIENTAS;GRUPO NIKATTO;Herramientas Industriales;industrial;alta;43200
JA-BOTELLA 10;GATO DE BOTELLA 10 TON ST1003;HERRAMIENTAS DE TALLER;GATOS HIDRAULICOS;GRUPO NIKATTO;Herramienta Automotriz;automotriz;alta;164100
JA-BOTELLA 12;GATO DE BOTELLA HIDRAULICO DE 12 TON (214 MM - 399 MM) ST1203;HERRAMIENTAS DE TALLER;GATOS HIDRAULICOS;GRUPO NIKATTO;Herramienta Automotriz;automotriz;alta;105400
JA-BOTELLA 2;GATO DE BOTELLA HIDRAULICO DE 2 TON (158 MM - 308 MM) ST0203;HERRAMIENTAS DE TALLER;GATOS HIDRAULICOS;GRUPO NIKATTO;Herramienta Automotriz;automotriz;alta;780800
JA-BOTELLA 20;GATO DE BOTELLA HIDRAULICO DE 20 TON (244 MM - 449 MM) ST2003;HERRAMIENTAS DE TALLER;GATOS HIDRAULICOS;GRUPO NIKATTO;Herramienta Automotriz;automotriz;alta;185800
JA-BOTELLA 3;GATO DE BOTELLA HIDRAULICO DE 3 TON (195 MM - 380 MM) ST0303;HERRAMIENTAS DE TALLER;GATOS HIDRAULICOS;GRUPO NIKATTO;Herramienta Automotriz;automotriz;alta;808100
JA-BOTELLA 4;GATO DE BOTELLA HIDRAULICO DE 4 TON (195 MM - 380 MM) ST0403;HERRAMIENTAS DE TALLER;GATOS HIDRAULICOS;GRUPO NIKATTO;Herramienta Automotriz;automotriz;alta;864400
JA-BOTELLA 5;GATO DE BOTELLA HIDRAULICO DE 5 TON (197 MM - 382 MM) ST0503;HERRAMIENTAS DE TALLER;GATOS HIDRAULICOS;GRUPO NIKATTO;Herramienta Automotriz;automotriz;alta;161700
JA-BOTELLA 50;GATO DE BOTELLA HIDRAULICO DE 50 TON (245MM - 385 MM) ST5003;HERRAMIENTAS DE TALLER;GATOS HIDRAULICOS;GRUPO NIKATTO;Herramienta Automotriz;automotriz;alta;875900
JA-BOTELLA 6;GATO DE BOTELLA HIDRAULICO DE 6 TON (197 MM - 382 MM) ST0603;HERRAMIENTAS DE TALLER;GATOS HIDRAULICOS;GRUPO NIKATTO;Herramienta Automotriz;automotriz;alta;167500
JA-CAJA CARTON;CAJA CARTON - ALMACENAJE DIFERENCIAL RUYI;HERRAMIENTAS DE TALLER;VARIOS;GRUPO NIKATTO;Herramientas de Carga;carga;alta;1829900
JA-CAMILLA ET108;"CAMILLA PARA MECANICO 40"" T710103";HERRAMIENTAS DE TALLER;CAMILLA;GRUPO NIKATTO;Herramientas Industriales;linea:HERRAMIENTAS DE TALLER;baja;187700
JA-PRENSA 12;PRENSA HIDRAULICA 12 TON T350102 / LDF09-002;HERRAMIENTAS DE TALLER;PRENSA HIDRAULICA;GRUPO NIKATTO;Herramientas Manuales;manual;alta;132100
JA-STAND 12;TORRE FIJA 12 TONELADAS HM1241B;HERRAMIENTAS DE TALLER;TORRES FIJAS;GRUPO NIKATTO;Herramienta Automotriz;automotriz;alta;89800
JA-STAND 2;TORRE FIJA 2 TONELADAS;HERRAMIENTAS DE TALLER;TORRES FIJAS;GRUPO NIKATTO;Herramienta Automotriz;automotriz;alta;827200
JA-STAND 6;TORRE FIJA 6 TONELADAS HM6141B;HERRAMIENTAS DE TALLER;TORRES FIJAS;GRUPO NIKATTO;Herramienta Automotriz;automotriz;alta;596800
JA-ZORRA 2;GATO ZORRA HIDRAULICO 2 TON (135 MM - 335 MM).TRABAJO LIVIAN ZX010102;HERRAMIENTAS DE TALLER;GATOS DE ZORRA;GRUPO NIKATTO;Herramienta Automotriz;automotriz;alta;426400
JA-ZORRA 3;GATO ZORRA HIDRAULICO 3TONELADAS (135 MM-495 MM).TRAB.LIVIAN / ZX0801C;HERRAMIENTAS DE TALLER;GATOS DE ZORRA;GRUPO NIKATTO;Herramienta Automotriz;automotriz;alta;212200
NIK-01012;TORRE FIJA 12 TONELADAS HM1241B;HERRAMIENTAS DE TALLER;TORRES FIJAS;GRUPO NIKATTO;Herramienta Automotriz;automotriz;alta;803900
NIK-01020;TORRE FIJA 2 TON;HERRAMIENTAS DE TALLER;TORRES FIJAS;GRUPO NIKATTO;Herramienta Automotriz;automotriz;alta;820800
NIK-01030;TORRE FIJA 3 TON;HERRAMIENTAS DE TALLER;TORRES FIJAS;GRUPO NIKATTO;Herramienta Automotriz;automotriz;alta;220800
NIK-01060;TORRE FIJA 6 TON;HERRAMIENTAS DE TALLER;TORRES FIJAS;GRUPO NIKATTO;Herramienta Automotriz;automotriz;alta;275600
NIK-02020;GATO DE BOTELLA HIDRAULICO DE 20 TON;HERRAMIENTAS DE TALLER;GATOS HIDRAULICOS;GRUPO NIKATTO;Herramienta Automotriz;automotriz;alta;639800
NIK-02030;GATO DE BOTELLA HIDRAULICO DE 30 TON (285 MM - 465 MM) ST3003;HERRAMIENTAS DE TALLER;GATOS HIDRAULICOS;GRUPO NIKATTO;Herramienta Automotriz;automotriz;alta;154500
NIK-02032;GATO DE BOTELLA HIDRAULICO DE 2 TON;HERRAMIENTAS DE TALLER;GATOS HIDRAULICOS;GRUPO NIKATTO;Herramienta Automotriz;automotriz;alta;897300
NIK-02033;GATO DE BOTELLA HIDRAULICO DE 3 TON;HERRAMIENTAS DE TALLER;GATOS HIDRAULICOS;GRUPO NIKATTO;Herramienta Automotriz;automotriz;alta;350900
NIK-02034;GATO DE BOTELLA HIDRAULICO DE 4 TON;HERRAMIENTAS DE TALLER;GATOS HIDRAULICOS;GRUPO NIKATTO;Herramienta Automotriz;automotriz;alta;599600
NIK-02036;GATO DE BOTELLA HIDRAULICO DE 6 TON;HERRAMIENTAS DE TALLER;GATOS HIDRAULICOS;GRUPO NIKATTO;Herramienta Automotriz;automotriz;alta;866700
NIK-02038;GATO DE BOTELLA HIDRAULICO DE 8 TON;HERRAMIENTAS DE TALLER;GATOS HIDRAULICOS;GRUPO NIKATTO;Herramienta Automotriz;automotriz;alta;465800
NIK-02040;GATO DE BOTELLA HIDRAULICO DE 10 TON;HERRAMIENTAS DE TALLER;GATOS HIDRAULICOS;GRUPO NIKATTO;Herramienta Automotriz;automotriz;alta;416900
NIK-02050;GATO DE BOTELLA HIDRAULICO DE 50 TON;HERRAMIENTAS DE TALLER;GATOS HIDRAULICOS;GRUPO NIKATTO;Herramienta Automotriz;automotriz;alta;692800
NIK-21092;GATO DE BOTELLA HIDRAULICO DE 12 TON;HERRAMIENTAS DE TALLER;GATOS HIDRAULICOS;GRUPO NIKATTO;Herramienta Automotriz;automotriz;alta;656500
NIK-CJ-102;CAJA HTAS METALICA 41 X 15 X 10 TB102;HERRAMIENTAS DE TALLER;CAJAS DE HERRAMIENTAS;GRUPO NIKATTO;Herramientas Industriales;industrial;alta;32600
NIK-CJ-135;CAJA HTAS METALICA 1 INTERIOR 510X218X240 MM;HERRAMIENTAS DE TALLER;CAJAS DE HERRAMIENTAS;GRUPO NIKATTO;Herramientas Industriales;industrial;alta;52400
NIK-CJ-144;CAJA HTAS METALICA 26.4 X 8.6 X9.5 TBP140C;HERRAMIENTAS DE TALLER;CAJAS DE HERRAMIENTAS;GRUPO NIKATTO;Herramientas Industriales;industrial;alta;257200
NIK-CM0002;CARGADOR MOTOR DE 2 TON T230202 / ZX06010B;HERRAMIENTAS DE TALLER;CARGADOR DE MOTOR;GRUPO NIKATTO;Herramientas Eléctricas;electrica;alta;889600
NIK-FJ1012;GATO ZORRA HIDRAULICO 2 TON - CAJA PLASTICA;HERRAMIENTAS DE TALLER;GATOS DE ZORRA;GRUPO NIKATTO;Herramienta Automotriz;automotriz;alta;137300
NIK-FJ1013;GATO TIPO ZORRA 3TONELADAS BAJO PERFIL;HERRAMIENTAS DE TALLER;GATOS DE ZORRA;GRUPO NIKATTO;Herramienta Automotriz;automotriz;alta;100600
NIK-TL0600;PRENSA HIDRAULICA 12 TON;HERRAMIENTAS DE TALLER;PRENSA HIDRAULICA;GRUPO NIKATTO;Herramientas Manuales;manual;alta;139800
IW-14153;"BROCA SDS PLUS 1/4"" X 6"" IRWIN";IRWIN;PROM. ALIADOS NACIONALES;GRUPO IRWIN;Herramientas de Corte;corte;alta;120900
IW-HSS 1/4;"BROCA CILINDRICA HSS DE 1/4"" TIW1120 IRWIN";IRWIN;PROM. ALIADOS NACIONALES;GRUPO IRWIN;Herramientas de Corte;corte;alta;34000
IW-HSS 13/64;"BROCA CILINDRICA HSS DE 13/64"" TIW1117 IRWIN";IRWIN;PROM. ALIADOS NACIONALES;GRUPO IRWIN;Herramientas de Corte;corte;alta;79400
IW-HSS 3/64;"BROCA CILINDRICA HSS DE 3/64"" TIW1107 IRWIN";IRWIN;PROM. ALIADOS NACIONALES;GRUPO IRWIN;Herramientas de Corte;corte;alta;43700
BRHS-BRH-1/16;"BROCA HSS ACERO RAPIDO 1/16""";BROCAS;BROCAS;GRUPO NIKATTO;Herramientas de Corte;corte;alta;47000
BRHS-BRH-1/2;"BROCA HSS ACERO RAPIDO 1/2""";BROCAS;BROCAS;GRUPO NIKATTO;Herramientas de Corte;corte;alta;153000
BRHS-BRH-1/4;"BROCA HSS ACERO RAPIDO 1/4""";BROCAS;BROCAS;GRUPO NIKATTO;Herramientas de Corte;corte;alta;85100
BRHS-BRH-1/8;"BROCA HSS ACERO RAPIDO 1/8""";BROCAS;BROCAS;GRUPO NIKATTO;Herramientas de Corte;corte;alta;141200
BRHS-BRH-11/32;"BROCA HSS ACERO RAPIDO 11/32""";BROCAS;BROCAS;GRUPO NIKATTO;Herramientas de Corte;corte;alta;126600
BRHS-BRH-11/64;"BROCA HSS ACERO RAPIDO 11/64""";BROCAS;BROCAS;GRUPO NIKATTO;Herramientas de Corte;corte;alta;135700
BRHS-BRH-13/32;"BROCA HSS ACERO RAPIDO 13/32""";BROCAS;BROCAS;GRUPO NIKATTO;Herramientas de Corte;corte;alta;46800
BRHS-BRH-13/64;"BROCA HSS ACERO RAPIDO 13/64""";BROCAS;BROCAS;GRUPO NIKATTO;Herramientas de Corte;corte;alta;176800
BRHS-BRH-15/32;"BROCA HSS ACERO RAPIDO 15/32""";BROCAS;BROCAS;GRUPO NIKATTO;Herramientas de Corte;corte;alta;166300
BRHS-BRH-15/64;"BROCA HSS ACERO RAPIDO 15/64""";BROCAS;BROCAS;GRUPO NIKATTO;Herramientas de Corte;corte;alta;25000
BRHS-BRH-19/64;"BROCA HSS ACERO RAPIDO 19/64""";BROCAS;BROCAS;GRUPO NIKATTO;Herramientas de Corte;corte;alta;172000
BRHS-BRH-21/64;"BROCA HSS ACERO RAPIDO 21/64""";BROCAS;BROCAS;GRUPO NIKATTO;Herramientas de Corte;corte;alta;17300
BRHS-BRH-23/64;"BROCA HSS ACERO RAPIDO 23/64""";BROCAS;BROCAS;GRUPO NIKATTO;Herramientas de Corte;corte;alta;157900
BRHS-BRH-3/16;"BROCA HSS ACERO RAPIDO 3/16""";BROCAS;BROCAS;GRUPO NIKATTO;Herramientas de Corte;corte;alta;21200
BRHS-BRH-3/32;"BROCA HSS ACERO RAPIDO 3/32""";BROCAS;BROCAS;GRUPO NIKATTO;Herramientas de Corte;corte;alta;79600
BRHS-BRH-3/8;"BROCA HSS ACERO RAPIDO 3/8""";BROCAS;BROCAS;GRUPO NIKATTO;Herramientas de Corte;corte;alta;119000
BRHS-BRH-5/16;"BROCA HSS ACERO RAPIDO 5/16""";BROCAS;BROCAS;GRUPO NIKATTO;Herramientas de Corte;corte;alta;174200
BRHS-BRH-5/32;"BROCA HSS ACERO RAPIDO 5/32""";BROCAS;BROCAS;GRUPO NIKATTO;Herramientas de Corte;corte;alta;149000
BRHS-BRH-5/64;"BROCA HSS ACERO RAPIDO 5/64""";BROCAS;BROCAS;GRUPO NIKATTO;Herramientas de Corte;corte;alta;30400
BRHS-BRH-7/16;"BROCA HSS ACERO RAPIDO 7/16""";BROCAS;BROCAS;GRUPO NIKATTO;Herramientas de Corte;corte;alta;61200
BRHS-BRH-7/32;"BROCA HSS ACERO RAPIDO 7/32""";BROCAS;BROCAS;GRUPO NIKATTO;Herramientas de Corte;corte;alta;35500
BRHS-BRH-7/64;"BROCA HSS ACERO RAPIDO 7/64""";BROCAS;BROCAS;GRUPO NIKATTO;Herramientas de Corte;corte;alta;103500
BRHS-BRH-9/32;"BROCA HSS ACERO RAPIDO 9/32""";BROCAS;BROCAS;GRUPO NIKATTO;Herramientas de Corte;corte;alta;119800
BRHS-BRH-9/64;"BROCA HSS ACERO RAPIDO 9/64""";BROCAS;BROCAS;GRUPO NIKATTO;Herramientas de Corte;corte;alta;31000
BRHS-BRM-1/2X13;"BROCA MURO 1/2X13""";BROCAS;BROCAS;GRUPO NIKATTO;Herramientas de Corte;corte;alta;156600
BRHS-BRM-1/2X6;"BROCA MURO 1/2X6""";BROCAS;BROCAS;GRUPO NIKATTO;Herramientas de Corte;corte;alta;85600
BRHS-BRM-1/4X4;"BROCA MURO 1/4X4""";BROCAS;BROCAS;GRUPO NIKATTO;Herramientas de Corte;corte;alta;36100
BRHS-BRM-1/8X3;"BROCA MURO 1/8X3""";BROCAS;BROCAS;GRUPO NIKATTO;Herramientas de Corte;corte;alta;84500
BRHS-BRM-3/8X13;"BROCA MURO 3/8X13""";BROCAS;BROCAS;GRUPO NIKATTO;Herramientas de Corte;corte;alta;22200
BRHS-BRM-3/8X5;"BROCA MURO 3/8X5""";BROCAS;BROCAS;GRUPO NIKATTO;Herramientas de Corte;corte;alta;19000
BRHS-BRM-5/16X13;"BROCA MURO 5/16X13""";BROCAS;BROCAS;GRUPO NIKATTO;Herramientas de Corte;corte;alta;141200
BRHS-BRM-5/16X5;"BROCA MURO 5/16X5""";BROCAS;BROCAS;GRUPO NIKATTO;Herramientas de Corte;corte;alta;81200
BRHS-JGOHSS21;"JUEGO BROCAS HSS 21PZS 1/16""-3/8"" CAJA METAL";BROCAS;BROCAS;GRUPO NIKATTO;Herramientas de Corte;corte;alta;46100
BRHS-JGOHSS29;"JUEGO BROCAS HSS 29PZS 1/16""-1/2"" CAJA METAL";BROCAS;BROCAS;GRUPO NIKATTO;Herramientas de Corte;corte;alta;91500
BRHS-SDS PLUS 1/2X10;BROCA T SDS PLUS 1/2X10;BROCAS;BROCAS;GRUPO NIKATTO;Herramientas de Corte;corte;alta;137000
BRHS-SDS PLUS 1/2X12;BROCA T SDS PLUS 1/2X12;BROCAS;BROCAS;GRUPO NIKATTO;Herramientas de Corte;corte;alta;79000
BRHS-SDS PLUS 1/2X6;BROCA T SDS PLUS 1/2X6;BROCAS;BROCAS;GRUPO NIKATTO;Herramientas de Corte;corte;alta;141900
BRHS-SDS PLUS 1/4X4;BROCA T SDS PLUS 1/4X4;BROCAS;BROCAS;GRUPO NIKATTO;Herramientas de Corte;corte;alta;146400
BRHS-SDS PLUS 1/4X8;BROCA T SDS PLUS 1/4X8;BROCAS;BROCAS;GRUPO NIKATTO;Herramientas de Corte;corte;alta;69200
BRHS-SDS PLUS 3/16X6;BROCA T SDS PLUS 3/16X6;BROCAS;BROCAS;GRUPO NIKATTO;Herramientas de Corte;corte;alta;61700
BRHS-SDS PLUS 3/4X12;BROCA T SDS PLUS 3/4X12;BROCAS;BROCAS;GRUPO NIKATTO;Herramientas de Corte;corte;alta;27700
BRHS-SDS PLUS 3/8X12;BROCA T SDS PLUS 3/8X12;BROCAS;BROCAS;GRUPO NIKATTO;Herramientas de Corte;corte;alta;74500
BRHS-SDS PLUS 3/8X6;BROCA T SDS PLUS 3/8X6;BROCAS;BROCAS;GRUPO NIKATTO;Herramientas de Corte;corte;alta;163500
BRHS-SDS PLUS 5/16X6;BROCA T SDS PLUS 5/16X6;BROCAS;BROCAS;GRUPO NIKATTO;Herramientas de Corte;corte;alta;54300
BRHS-SDS PLUS 5/8X12;BROCA T SDS PLUS 5/8X12;BROCAS;BROCAS;GRUPO NIKATTO;Herramientas de Corte;corte;alta;139400
BRHS-SDS PLUS 5/8X6;BROCA T SDS PLUS 5/8X6;BROCAS;BROCAS;GRUPO NIKATTO;Herramientas de Corte;corte;alta;114600
BRHS-SDS PLUS 5/8X8;BROCA T SDS PLUS 5/8X8;BROCAS;BROCAS;GRUPO NIKATTO;Herramientas de Corte;corte;alta;88100
BRHS-SDS PLUS 7/8X12;BROCA T SDS PLUS 7/8X12;BROCAS;BROCAS;GRUPO NIKATTO;Herramientas de Corte;corte;alta;33800
BRM-1/8X3;"BROCA MURO DIN8039 1/8"" X 3"" DRAGON";BROCAS;BROCAS;GRUPO NIKATTO;Herramientas de Corte;corte;alta;151100
NIK-00200;"BROCA HSS ACERO RAPIDO 11/64""";BROCAS;BROCAS;GRUPO NIKATTO;Herramientas de Corte;corte;alta;8500
NIK-00201;"BROCA HSS ACERO RAPIDO 1/16""";BROCAS;BROCAS;GRUPO NIKATTO;Herramientas de Corte;corte;alta;171000
NIK-00202;"BROCA HSS ACERO RAPIDO 5/64""";BROCAS;BROCAS;GRUPO NIKATTO;Herramientas de Corte;corte;alta;57200
NIK-00203;"BROCA HSS ACERO RAPIDO 3/32""";BROCAS;BROCAS;GRUPO NIKATTO;Herramientas de Corte;corte;alta;12600
NIK-00204;"BROCA HSS ACERO RAPIDO 13/32""";BROCAS;BROCAS;GRUPO NIKATTO;Herramientas de Corte;corte;alta;27400
NIK-00205;"BROCA HSS ACERO RAPIDO 1/8""";BROCAS;BROCAS;GRUPO NIKATTO;Herramientas de Corte;corte;alta;57300
NIK-00206;"BROCA HSS ACERO RAPIDO 13/64""";BROCAS;BROCAS;GRUPO NIKATTO;Herramientas de Corte;corte;alta;65500
NIK-00207;"BROCA HSS ACERO RAPIDO 5/32""";BROCAS;BROCAS;GRUPO NIKATTO;Herramientas de Corte;corte;alta;82900
NIK-00208;"BROCA HSS ACERO RAPIDO 15/64""";BROCAS;BROCAS;GRUPO NIKATTO;Herramientas de Corte;corte;alta;77000
NIK-00209;"BROCA HSS ACERO RAPIDO 3/16""";BROCAS;BROCAS;GRUPO NIKATTO;Herramientas de Corte;corte;alta;70600
NIK-00210;"BROCA HSS ACERO RAPIDO 19/64""";BROCAS;BROCAS;GRUPO NIKATTO;Herramientas de Corte;corte;alta;111300
NIK-00211;"BROCA HSS ACERO RAPIDO 21/64""";BROCAS;BROCAS;GRUPO NIKATTO;Herramientas de Corte;corte;alta;119600
NIK-00212;"BROCA HSS ACERO RAPIDO 23/64""";BROCAS;BROCAS;GRUPO NIKATTO;Herramientas de Corte;corte;alta;112100
NIK-00213;"BROCA HSS ACERO RAPIDO 7/16""";BROCAS;BROCAS;GRUPO NIKATTO;Herramientas de Corte;corte;alta;137200
NIK-00214;"BROCA HSS ACERO RAPIDO 1/4""";BROCAS;BROCAS;GRUPO NIKATTO;Herramientas de Corte;corte;alta;149700
NIK-00215;"BROCA HSS ACERO RAPIDO 7/32""";BROCAS;BROCAS;GRUPO NIKATTO;Herramientas de Corte;corte;alta;50800
NIK-00216;"BROCA HSS ACERO RAPIDO 7/64""";BROCAS;BROCAS;GRUPO NIKATTO;Herramientas de Corte;corte;alta;103100
NIK-00217;"BROCA HSS ACERO RAPIDO 9/32""";BROCAS;BROCAS;GRUPO NIKATTO;Herramientas de Corte;corte;alta;115200
NIK-00218;"BROCA HSS ACERO RAPIDO 5/16""";BROCAS;BROCAS;GRUPO NIKATTO;Herramientas de Corte;corte;alta;177100
NIK-00219;"BROCA HSS ACERO RAPIDO 9/64""";BROCAS;BROCAS;GRUPO NIKATTO;Herramientas de Corte;corte;alta;24900
NIK-00220;"BROCA HSS ACERO RAPIDO 11/32""";BROCAS;BROCAS;GRUPO NIKATTO;Herramientas de Corte;corte;alta;68300
NIK-00222;"BROCA HSS ACERO RAPIDO 3/8""";BROCAS;BROCAS;GRUPO NIKATTO;Herramientas de Corte;corte;alta;40600
NIK-00228;"BROCA HSS ACERO RAPIDO 15/32""";BROCAS;BROCAS;GRUPO NIKATTO;Herramientas de Corte;corte;alta;119600
NIK-00230;"BROCA HSS ACERO RAPIDO 1/2""";BROCAS;BROCAS;GRUPO NIKATTO;Herramientas de Corte;corte;alta;15700
NIK-01002;"JUEGO BROCAS HSS 21PZS 1/16""-3/8"" CAJA METAL";BROCAS;BROCAS;GRUPO NIKATTO;Herramientas de Corte;corte;alta;30600
NIK-01003;"JUEGO BROCAS HSS 29PZS 1/16""-1/2"" CAJA METAL";BROCAS;BROCAS;GRUPO NIKATTO;Herramientas de Corte;corte;alta;38300
NIK-08004;"BROCA MURO 1/2X13""";BROCAS;BROCAS;GRUPO NIKATTO;Herramientas de Corte;corte;alta;52700
NIK-08005;"BROCA MURO 1/2X6""";BROCAS;BROCAS;GRUPO NIKATTO;Herramientas de Corte;corte;alta;39000
NIK-08006;"BROCA MURO 1/4X4""";BROCAS;BROCAS;GRUPO NIKATTO;Herramientas de Corte;corte;alta;41100
NIK-08007;"BROCA MURO 1/8X3""";BROCAS;BROCAS;GRUPO NIKATTO;Herramientas de Corte;corte;alta;88400
NIK-08009;"BROCA MURO 3/16X4""";BROCAS;BROCAS;GRUPO NIKATTO;Herramientas de Corte;corte;alta;110000
NIK-08011;BROCA T SDS PLUS 5/16X6;BROCAS;BROCAS;GRUPO NIKATTO;Herramientas de Corte;corte;alta;86200
NIK-08012;"BROCA MURO 3/8X13""";BROCAS;BROCAS;GRUPO NIKATTO;Herramientas de Corte;corte;alta;145300
NIK-08013;"BROCA MURO 3/8X5""";BROCAS;BROCAS;GRUPO NIKATTO;Herramientas de Corte;corte;alta;89200
NIK-08014;BROCA T SDS PLUS 3/8X6;BROCAS;BROCAS;GRUPO NIKATTO;Herramientas de Corte;corte;alta;118100
NIK-08015;"BROCA MURO 5/16X13""";BROCAS;BROCAS;GRUPO NIKATTO;Herramientas de Corte;corte;alta;152900
NIK-08016;"BROCA MURO 5/16X5""";BROCAS;BROCAS;GRUPO NIKATTO;Herramientas de Corte;corte;alta;9000
NIK-08017;BROCA T SDS PLUS 1/2X12;BROCAS;BROCAS;GRUPO NIKATTO;Herramientas de Corte;corte;alta;13800
NIK-08018;BROCA T SDS PLUS 1/4X4;BROCAS;BROCAS;GRUPO NIKATTO;Herramientas de Corte;corte;alta;17100
NIK-08019;BROCA T SDS PLUS 1/4X8;BROCAS;BROCAS;GRUPO NIKATTO;Herramientas de Corte;corte;alta;59500
NIK-08022;BROCA T SDS PLUS 1/2X6;BROCAS;BROCAS;GRUPO NIKATTO;Herramientas de Corte;corte;alta;133700
NIK-08023;BROCA T SDS PLUS 3/16X6;BROCAS;BROCAS;GRUPO NIKATTO;Herramientas de Corte;corte;alta;101700
NIK-08024;BROCA T SDS PLUS 3/4X12;BROCAS;BROCAS;GRUPO NIKATTO;Herramientas de Corte;corte;alta;28100
NIK-08025;BROCA T SDS PLUS 3/8X12;BROCAS;BROCAS;GRUPO NIKATTO;Herramientas de Corte;corte;alta;87400
NIK-08027;BROCA T SDS PLUS 5/8X12;BROCAS;BROCAS;GRUPO NIKATTO;Herramientas de Corte;corte;alta;35000
NIK-08028;BROCA T SDS PLUS 5/8X6;BROCAS;BROCAS;GRUPO NIKATTO;Herramientas de Corte;corte;alta;159400
NIK-08032;BROCA T SDS PLUS 7/8X12;BROCAS;BROCAS;GRUPO NIKATTO;Herramientas de Corte;corte;alta;29100
NIK-08033;BROCA T SDS PLUS 5/8X8;BROCAS;BROCAS;GRUPO NIKATTO;Herramientas de Corte;corte;alta;125200
NIK-08036;BROCA T SDS PLUS 1/4X12;BROCAS;BROCAS;GRUPO NIKATTO;Herramientas de Corte;corte;alta;151000
NIK-08037;BROCA T SDS PLUS 5/16X12;BROCAS;BROCAS;GRUPO NIKATTO;Herramientas de Corte;corte;alta;17800
NIK-FA-8210;VENTILADOR RECARGABLE 10 PULG;ABANICOS RECARGABLES;ABANICOS RECARGABLES;GRUPO NIKATTO;Ventiladores Industriales;ventilacion;alta;556200
NIK-FA-8212;VENTILADOR RECARGABLE 12 PULG;ABANICOS RECARGABLES;ABANICOS RECARGABLES;GRUPO NIKATTO;Ventiladores Industriales;ventilacion;alta;626400
NIK-13330;PALA CUADRADA PARA AGRICULTURA, DIMENSION: 48 PULG, ALTO 50 CM, ANCHO 22.3 CM;AGRICOLA;PALAS;GRUPO NIKATTO;Herramientas Agrícolas;agricola;alta;175900
NIK-13335;PALA REDONDA PARA AGRICULTURA, DIMENSION: 48 PULG, ALTO 49 CM, ANCHO 21 CM;AGRICOLA;PALAS;GRUPO NIKATTO;Herramientas Agrícolas;agricola;alta;147500
NIK-30258;PALA REDONDA PARA AGRICULTURA, DIMENSION: 39 PULG, ALTO 49.5 CM, ANCHO 22 CM;AGRICOLA;PALAS;GRUPO NIKATTO;Herramientas Agrícolas;agricola;alta;40700
NIK-30259;PALA CUADRADA PARA AGRICULTURA, DIMENSION: 39 PULG, ALTO 49 CM, ANCHO 23.5 CM;AGRICOLA;PALAS;GRUPO NIKATTO;Herramientas Agrícolas;agricola;alta;35500
NIK-MS20L;FUMIGADORA BOMBA INTERNA 20 LITROS;AGRICOLA;FUMIGADORAS;GRUPO NIKATTO;Herramientas Agrícolas;agricola;alta;289000
NIK-PRE5L;FUMIGADORA DE PRESION 5 LITRO;AGRICOLA;FUMIGADORAS;GRUPO NIKATTO;Herramientas Agrícolas;agricola;alta;70900
NIK-PRE8L;FUMIGADORA A PRESION 8 LITRO;AGRICOLA;FUMIGADORAS;GRUPO NIKATTO;Herramientas Agrícolas;agricola;alta;60900
NIK-TRI1L;FUMIGADORA DE GATILLO 1 LITRO;AGRICOLA;FUMIGADORAS;GRUPO NIKATTO;Herramientas Agrícolas;agricola;alta;103900
NIK-TRI2L;FUMIGADORA DE GATILLO 2 LITRO;AGRICOLA;FUMIGADORAS;GRUPO NIKATTO;Herramientas Agrícolas;agricola;alta;116700
MBQ-MANIJA;MANIJA GALV 3 1/2;VARIOS;VARIOS;VARIOS;Herramientas Industriales;industrial;alta;82700
PROTO-6068C;"TORQUIMETRO 1/2"" 300-1800LB J6068C PROTO";VARIOS;MEDICION Y MARCACION;GRUPO OTRAS LINEAS;Herramientas Mecánicas;mecanica:torquimetro;alta;363700
NORD-52001;"RUBATEX 5/8 X 1/2"" 1.8MTS";NORDIC;RUBATEX;GRUPO IMPORTADOS;Herramientas Industriales;industrial;alta;161900
NORD-52002;"RUBATEX 3/4 X 1/2"" 1.8MTS";NORDIC;RUBATEX;GRUPO IMPORTADOS;Herramientas Industriales;industrial;alta;15200
NORD-52003;"RUBATEX 7/8 X 1/2"" 1.8MTS";NORDIC;RUBATEX;GRUPO IMPORTADOS;Herramientas Industriales;industrial;alta;277300
NORD-52201;TABLERO DE ESPUMA FENOLICA 20MMX1.2MMX2.4 METROS;NORDIC;RUBATEX;GRUPO IMPORTADOS;Herramientas Industriales;industrial;alta;177400
NORD-R410X25LB;GAS REFRIGERANTE R410A 25 LB;NORDIC;RUBATEX;GRUPO OTRAS LINEAS;Herramientas Industriales;industrial;alta;156100
PROTO-07521;"DADO IMPACTO M.3/4"" X 1.5/16"" 6PT";PROTO;IMPORTADOS PROMOCIONES;GRUPO PROTO;Herramientas Mecánicas;mecanica;alta;173700
PROTO-07530M;"DADO IMPACTO M.3/4"" X 30MM 6PT";PROTO;IMPORTADOS PROMOCIONES;GRUPO PROTO;Herramientas Mecánicas;mecanica;alta;107000
PROTO-1227M;LLAVE MIXTA 27MM 12PT J1227MASD PROTO;PROTO;IMPORTADOS PROMOCIONES;GRUPO PROTO;Herramientas Mecánicas;mecanica;alta;220200
PROTO-1240;"LLAVE MIXTA 1.1/4"" 12PT J1240ASD";PROTO;IMPORTADOS PROMOCIONES;GRUPO PROTO;Herramientas Mecánicas;mecanica;alta;149500
PROTO-1432DB;"MARTILLO GOLPE SECO 3 LB. X 2.7/16"" X 4.5/8"" X 14"" PROTO";PROTO;IMPORTADOS PROMOCIONES;GRUPO PROTO;Herramientas Manuales;manual;alta;242000
PROTO-4705M;DADO 05MM M.1/4 PROTO;PROTO;IMPORTADOS PROMOCIONES;GRUPO PROTO;Herramientas Mecánicas;mecanica;alta;65400
PROTO-5328;"DADO M.1/2"" X 7/8"" 12PT LARGO";PROTO;IMPORTADOS PROMOCIONES;GRUPO PROTO;Herramientas Mecánicas;mecanica;alta;100800
PROTO-5536M;"DADO M.3/4"" 36MM 12PT";PROTO;HTA MECANICA;GRUPO PROTO;Herramientas Mecánicas;mecanica;alta;54700
PROTO-5564;"DADO M.3/4"" 2"" 12PT";PROTO;IMPORTADOS PROMOCIONES;GRUPO PROTO;Herramientas Mecánicas;mecanica;alta;398000
PROTO-710L;"LLAVE AJUSTABLE CROMADA CLIK-STOP 10""";PROTO;IMPORTADOS PROMOCIONES;GRUPO PROTO;Herramientas Mecánicas;mecanica;alta;244900
PROTO-J967/16;PUNTO GUIA Y BOTAD LARGO 7/32;PROTO;IMPORTADOS PROMOCIONES;GRUPO PROTO;Herramientas Manuales;manual;alta;53400
PROWE-AMA FL N° 1005;PINTURA SPRAY FLOURECENTE AMARILLO DE 400 ML N° 1005;PROWELD;PINTURAS SPRAY;GRUPO NIKATTO;Herramientas Industriales;industrial;alta;76600
PROWE-AMARILLO N° 41;PINTURA SPRAY MULTIUSOS DE 400 ML AMARILLO N°41;PROWELD;PINTURAS SPRAY;GRUPO NIKATTO;Herramientas Industriales;industrial;alta;265000
PROWE-ANARANJADO N°6;PINTURA SPRAY MULTIUSOS DE 400 ML ANARANJADO N° 6;PROWELD;PINTURAS SPRAY;GRUPO NIKATTO;Herramientas Industriales;industrial;alta;84300
PROWE-AZ FL N° 1004;PINTURA SPRAY FLOURECENTE AZUL DE 400 ML N° 1004;PROWELD;PINTURAS SPRAY;GRUPO NIKATTO;Herramientas Industriales;industrial;alta;125000
PROWE-AZUL DI N° 133;PINTURA SPRAY MULTIUSOS DE 400 ML AZUL DIAMANTE N°133;PROWELD;PINTURAS SPRAY;GRUPO NIKATTO;Herramientas Industriales;industrial;alta;256200
PROWE-BL MATE N° 5;PINTURA SPRAY MULTIUSOS DE 400 ML BLANCO MATE N° 5;PROWELD;PINTURAS SPRAY;GRUPO NIKATTO;Herramientas Industriales;industrial;alta;70700
PROWE-BL. ANT N° P5;PINTURA SPRAY BLANCO ANTICORROSIVO DE 400 ML N° P5;PROWELD;PINTURAS SPRAY;GRUPO NIKATTO;Herramientas Industriales;industrial;alta;252100
PROWE-BLANCO  N° 40;PINTURA SPRAY MULTIUSOS DE 400 ML BLANCO N° 40;PROWELD;PINTURAS SPRAY;GRUPO NIKATTO;Herramientas Industriales;industrial;alta;154400
PROWE-BRO MET N° 132;PINTURA SPRAY BRONCE METALIZADO DE 400 ML N° 132;PROWELD;PINTURAS SPRAY;GRUPO NIKATTO;Herramientas Industriales;industrial;alta;83100
PROWE-CR.ELECT N°318;PINTURA SPRAY CROMO ELECTRO PLATA DE 400 ML N° 318;PROWELD;PINTURAS SPRAY;GRUPO NIKATTO;Herramientas Industriales;industrial;alta;90600
PROWE-GR. ANT N° P22;PINTURA SPRAY GRIS ANTICORROSIVO DE 400 ML N° P22;PROWELD;PINTURAS SPRAY;GRUPO NIKATTO;Herramientas Industriales;industrial;alta;196700
PROWE-MARRON G N° 83;PINTURA SPRAY MULTIUSOS DE 400 ML MARRON GRIS N° 83;PROWELD;PINTURAS SPRAY;GRUPO NIKATTO;Herramientas Industriales;industrial;alta;60700
PROWE-NAR FL N° 1006;PINTURA SPRAY FLOURECENTE NARANJA DE 400 ML N° 1006;PROWELD;PINTURAS SPRAY;GRUPO NIKATTO;Herramientas Industriales;industrial;alta;163900
PROWE-NE ALT N° 1200;PINTURA SPRAY NEGRO ALTA TEMPERATURA DE 400 ML N° 1200;PROWELD;PINTURAS SPRAY;GRUPO NIKATTO;Herramientas Industriales;industrial;alta;288200
PROWE-NE MET N° 1139;PINTURA SPRAY NEGRO METALIZADO DE 400 ML N° 1139;PROWELD;PINTURAS SPRAY;GRUPO NIKATTO;Herramientas Industriales;industrial;alta;166400
PROWE-NE. ANT N° P4;PINTURA SPRAY NEGRO ANTICORROSIVO DE 400 ML N° P4;PROWELD;PINTURAS SPRAY;GRUPO NIKATTO;Herramientas Industriales;industrial;alta;32200
PROWE-NEGRO MATE N°4;PINTURA SPRAY MULTIUSOS DE 400 ML NEGRO MATE N° 4;PROWELD;PINTURAS SPRAY;GRUPO NIKATTO;Herramientas Industriales;industrial;alta;102800
PROWE-NEGRO N° 39;PINTURA SPRAY MULTIUSOS DE 400 ML NEGRO N° 39;PROWELD;PINTURAS SPRAY;GRUPO NIKATTO;Herramientas Industriales;industrial;alta;197000
PROWE-OR.ELECT N°319;PINTURA SPRAY ORO ELECTRO PLATA DE 400 ML N° 319;PROWELD;PINTURAS SPRAY;GRUPO NIKATTO;Herramientas Industriales;industrial;alta;173400
PROWE-ORO 18K MET N°;PINTURA SPRAY ORO 18KMETALIZADO DE 400 ML N° 18K;PROWELD;PINTURAS SPRAY;GRUPO NIKATTO;Herramientas Industriales;industrial;alta;103000
PROWE-ORO MET N° 35;PINTURA SPRAY ORO METALIZADO DE 400 ML N° 35;PROWELD;PINTURAS SPRAY;GRUPO NIKATTO;Herramientas Industriales;industrial;alta;92000
PROWE-PL ALT N° 1300;PINTURA SPRAY PLATA ALTA TEMPERATURA DE 400 ML N° 1300;PROWELD;PINTURAS SPRAY;GRUPO NIKATTO;Herramientas Industriales;industrial;alta;228700
PROWE-PLATA N° 1500;PINTURA SPRAY MULTIUSOS DE 400 ML PLATA N° 1500;PROWELD;PINTURAS SPRAY;GRUPO NIKATTO;Herramientas Industriales;industrial;alta;105800
PROWE-RO. ANT N° P7;PINTURA SPRAY ROJO ANTICORROSIVO DE 400 ML N° P7;PROWELD;PINTURAS SPRAY;GRUPO NIKATTO;Herramientas Industriales;industrial;alta;242200
PROWE-ROJ FL N° 1001;PINTURA SPRAY FLOURECENTE ROJO DE 400 ML N° 1001;PROWELD;PINTURAS SPRAY;GRUPO NIKATTO;Herramientas Industriales;industrial;alta;292300
PROWE-ROJO ESC N° 23;PINTURA SPRAY MULTIUSOS DE 400 ML ROJO ESCARLATA N° 23;PROWELD;PINTURAS SPRAY;GRUPO NIKATTO;Herramientas Industriales;industrial;alta;256800
PROWE-TR BRI N° 190;PINTURA SPRAY MULTIUSOS DE 400 ML TRANSPARANTE BRI N° 190;PROWELD;PINTURAS SPRAY;GRUPO NIKATTO;Herramientas Industriales;industrial;alta;101800
PROWE-VER FL N° 1003;PINTURA SPRAY FLOURECENTE VERDEDE 400 ML N° 1003;PROWELD;PINTURAS SPRAY;GRUPO NIKATTO;Herramientas Industriales;industrial;alta;252700
PROWE-VER JAD N° 101;PINTURA SPRAY MULTIUSOS DE 400 ML VERDE JADE N° 101;PROWELD;PINTURAS SPRAY;GRUPO NIKATTO;Herramientas Industriales;industrial;alta;23100
PROWE-VERDE AL N° 37;PINTURA SPRAY MULTIUSOS DE 400 ML VERDE ALUMINIO N° 37;PROWELD;PINTURAS SPRAY;GRUPO NIKATTO;Herramientas Industriales;industrial;alta;143600
NIK-BAN9#;BANDERINES - MATERIAL PUBLICITARIO;PUBLICIDAD;PUBLICIDAD;GRUPO NIKATTO;EXCLUIR;material publicitario;alta;0
NIK-G01;GORRA - MATERIAL PUBLICITARIO;PUBLICIDAD;PUBLICIDAD;GRUPO NIKATTO;EXCLUIR;material publicitario;alta;0
NIK-H086;TOLDO + TUBO - MATERIAL PUBLICITARIO;PUBLICIDAD;PUBLICIDAD;GRUPO NIKATTO;EXCLUIR;material publicitario;alta;0
NIK-HJ01;BOLIGRAFO - MATERIAL PUBLICITARIO;PUBLICIDAD;PUBLICIDAD;GRUPO NIKATTO;EXCLUIR;material publicitario;alta;0
NIK-KR01;PENDON + TUBO - MATERIAL PUBLICITARIO;PUBLICIDAD;PUBLICIDAD;GRUPO NIKATTO;EXCLUIR;material publicitario;alta;0
NIK-KX2024;MOUSEPAD - MATERIAL PUBLICITARIO;PUBLICIDAD;PUBLICIDAD;GRUPO NIKATTO;EXCLUIR;material publicitario;alta;0
NIK-ZH03;EXHIBIDOR METALICO - MATERIAL PUBLICITARIO;PUBLICIDAD;PUBLICIDAD;GRUPO NIKATTO;EXCLUIR;material publicitario;alta;0
RI-20C;"RIEL 1MM X 500MM 20"" CAFE - CAPACIDAD 50LB";RIELES HYSSA TOOLS;RIEL SENCILLO;GRUPO OTRAS LINEAS;Herramientas de Carga;carga;alta;405600
KEY-BE01-PIN IN;BLOQUEO MAGNETOTERMICO PIN IN;SEGURIDAD INDUSTRIAL;BLOQUEO Y ETIQUETADO;GRUPO NIKATTO;Herramientas de Seguridad;seguridad:loto;alta;168200
KEY-CL03DP;CANDADO LOTO AZUL/ACERO - DP;SEGURIDAD INDUSTRIAL;BLOQUEO Y ETIQUETADO;GRUPO NIKATTO;Herramientas de Seguridad;seguridad:loto;alta;79100
KEY-CL07DP;CANDADO LOTO NARANJA/ACERO - DP;SEGURIDAD INDUSTRIAL;BLOQUEO Y ETIQUETADO;GRUPO NIKATTO;Herramientas de Seguridad;seguridad:loto;alta;171200
KEY-CL12DP;CANDADO LOTO AMARILLO/NYLON - DP;SEGURIDAD INDUSTRIAL;BLOQUEO Y ETIQUETADO;GRUPO NIKATTO;Herramientas de Seguridad;seguridad:loto;alta;15200
KEY-CL21DP;CANDADO LOTO GANCHO LARGO ROJO/ACERO - DP;SEGURIDAD INDUSTRIAL;BLOQUEO Y ETIQUETADO;GRUPO NIKATTO;Herramientas de Seguridad;seguridad:loto;alta;77000
KEY-CL81;CANDADO LOTO ROJO/ACERO AL;SEGURIDAD INDUSTRIAL;BLOQUEO Y ETIQUETADO;GRUPO NIKATTO;Herramientas de Seguridad;seguridad:loto;alta;57600
KEY-COMB20;CANDADO DE COMBINACION CUERPO LATON, 20 MM;SEGURIDAD INDUSTRIAL;BLOQUEO Y ETIQUETADO;GRUPO NIKATTO;Herramientas de Seguridad;seguridad:loto;alta;173100
KEY-COMB28;CANDADO DE COMBINACION CUERPO LATON, 28 MM;SEGURIDAD INDUSTRIAL;BLOQUEO Y ETIQUETADO;GRUPO NIKATTO;Herramientas de Seguridad;seguridad:loto;alta;158400
KEY-COMB40;CANDADO DE COMBINACION CUERPO LATON, 40 MM;SEGURIDAD INDUSTRIAL;BLOQUEO Y ETIQUETADO;GRUPO NIKATTO;Herramientas de Seguridad;seguridad:loto;alta;106800
KEY-EA103;ESTACION DE BLOQUEO 103;SEGURIDAD INDUSTRIAL;BLOQUEO Y ETIQUETADO;GRUPO NIKATTO;Herramientas de Seguridad;seguridad:loto;alta;19700
KEY-EA302;ESTACION DE BLOQUEO 302;SEGURIDAD INDUSTRIAL;BLOQUEO Y ETIQUETADO;GRUPO NIKATTO;Herramientas de Seguridad;seguridad:loto;alta;95000
KEY-EAX308;ESTACION DE BLOQUEO X08;SEGURIDAD INDUSTRIAL;BLOQUEO Y ETIQUETADO;GRUPO NIKATTO;Herramientas de Seguridad;seguridad:loto;alta;23500
KEY-HS20;CANDADO CON CUERPO DE HIERRO, COLOR LATON, CILINDRO DE HIERRO 20MM;SEGURIDAD INDUSTRIAL;BLOQUEO Y ETIQUETADO;GRUPO NIKATTO;Herramientas de Seguridad;seguridad:loto;alta;19900
KEY-HS25;CANDADO CON CUERPO DE HIERRO, COLOR LATON, CILINDRO DE HIERRO 25MM;SEGURIDAD INDUSTRIAL;BLOQUEO Y ETIQUETADO;GRUPO NIKATTO;Herramientas de Seguridad;seguridad:loto;alta;127200
KEY-HS32;CANDADO CON CUERPO DE HIERRO, COLOR LATON, CILINDRO DE HIERRO 32MM;SEGURIDAD INDUSTRIAL;BLOQUEO Y ETIQUETADO;GRUPO NIKATTO;Herramientas de Seguridad;seguridad:loto;alta;165800
KEY-HS38;CANDADO CON CUERPO DE HIERRO, COLOR LATON, CILINDRO DE HIERRO 38MM;SEGURIDAD INDUSTRIAL;BLOQUEO Y ETIQUETADO;GRUPO NIKATTO;Herramientas de Seguridad;seguridad:loto;alta;63600
KEY-HS50;CANDADO CON CUERPO DE HIERRO, COLOR LATON, CILINDRO DE HIERRO 50MM;SEGURIDAD INDUSTRIAL;BLOQUEO Y ETIQUETADO;GRUPO NIKATTO;Herramientas de Seguridad;seguridad:loto;alta;48700
KEY-LA30;CANDADO DE ACERO, CUERPO LAMINADO, CILINDRO DE LATON SOLIDO 30MM;SEGURIDAD INDUSTRIAL;BLOQUEO Y ETIQUETADO;GRUPO NIKATTO;Herramientas de Seguridad;seguridad:loto;alta;117500
KEY-LA40;CANDADO DE ACERO, CUERPO LAMINADO, CILINDRO DE LATON SOLIDO 40MM;SEGURIDAD INDUSTRIAL;BLOQUEO Y ETIQUETADO;GRUPO NIKATTO;Herramientas de Seguridad;seguridad:loto;alta;49300
KEY-LA50;CANDADO DE ACERO, CUERPO LAMINADO, CILINDRO DE LATON SOLIDO 50MM;SEGURIDAD INDUSTRIAL;BLOQUEO Y ETIQUETADO;GRUPO NIKATTO;Herramientas de Seguridad;seguridad:loto;alta;50400
KEY-M25;CANDADO MALETERO COMBINACION , 25 MM;SEGURIDAD INDUSTRIAL;BLOQUEO Y ETIQUETADO;GRUPO NIKATTO;Herramientas de Seguridad;seguridad:loto;alta;124800
KEY-M36;CANDADO MALETERO COMBINACION , 36 MM;SEGURIDAD INDUSTRIAL;BLOQUEO Y ETIQUETADO;GRUPO NIKATTO;Herramientas de Seguridad;seguridad:loto;alta;39400
KEY-PB01;PINZA BLOQUEO 25MM;SEGURIDAD INDUSTRIAL;BLOQUEO Y ETIQUETADO;GRUPO NIKATTO;Herramientas de Seguridad;seguridad:loto;alta;33100
KEY-PB02;PINZA BLOQUEO 38MM;SEGURIDAD INDUSTRIAL;BLOQUEO Y ETIQUETADO;GRUPO NIKATTO;Herramientas de Seguridad;seguridad:loto;alta;120900
KEY-PB41;PINZA BLOQUEO DIELECTRICA NYLON 157MM;SEGURIDAD INDUSTRIAL;BLOQUEO Y ETIQUETADO;GRUPO NIKATTO;Herramientas de Seguridad;seguridad:loto;alta;16600
KEY-PB42;PINZA BLOQUEO DIELECTRICA NYLON 173MM;SEGURIDAD INDUSTRIAL;BLOQUEO Y ETIQUETADO;GRUPO NIKATTO;Herramientas de Seguridad;seguridad:loto;alta;150000
NIK-08001;LENTES DE SEGURIDAD ANTIRAYAS, CON LENTE CLARO Y MONTURA DE COLOR NEGRO EN POLICARBONATO;SEGURIDAD INDUSTRIAL;PROTECCION VISUAL;GRUPO NIKATTO;Seguridad Industrial;epp;alta;171200
NIK-08002;LENTES DE SEGURIDAD ANTIRAYAS, CON LENTE GRIS Y MONTURA DE COLOR NEGRO EN POLICARBONATO;SEGURIDAD INDUSTRIAL;PROTECCION VISUAL;GRUPO NIKATTO;Seguridad Industrial;epp;alta;41900
NIK-08010;LENTES DE SEGURIDAD - PRO MAX IN/OUT;SEGURIDAD INDUSTRIAL;PROTECCION VISUAL;GRUPO NIKATTO;Seguridad Industrial;epp;alta;6100
NIK-08020;LENTES DE SEGURIDAD ANTIEMPAÑANTES, CON LENTE CLARO Y MONTURA DE COLOR NEGRO EN POLICARBONATO;SEGURIDAD INDUSTRIAL;PROTECCION VISUAL;GRUPO NIKATTO;Seguridad Industrial;epp;alta;199800
NIK-08021;LENTES DE SEGURIDAD ANTI EMPAÑANTE, CON LENTE GRIS Y MONTURA DE COLOR NEGRO EN POLICARBONATO;SEGURIDAD INDUSTRIAL;PROTECCION VISUAL;GRUPO NIKATTO;Seguridad Industrial;epp;alta;123100
NIK-08030;LENTES DE SEGURIDAD - DENVER CLARA;SEGURIDAD INDUSTRIAL;PROTECCION VISUAL;GRUPO NIKATTO;Seguridad Industrial;epp;alta;96400
NIK-08031;LENTES DE SEGURIDAD - DENVER GRIS;SEGURIDAD INDUSTRIAL;PROTECCION VISUAL;GRUPO NIKATTO;Seguridad Industrial;epp;alta;217800
NIK-08041;LENTES DE SEGURIDAD - NEUSS AF CLARO N;SEGURIDAD INDUSTRIAL;PROTECCION VISUAL;GRUPO NIKATTO;Seguridad Industrial;epp;alta;212800
NIK-08051;LENTES DE SEGURIDAD - NEUSS AF GRIS N;SEGURIDAD INDUSTRIAL;PROTECCION VISUAL;GRUPO NIKATTO;Seguridad Industrial;epp;alta;159800
NIK-08060;LENTES DE SEGURIDAD - PRO MAX MALLA;SEGURIDAD INDUSTRIAL;PROTECCION VISUAL;GRUPO NIKATTO;Seguridad Industrial;epp;alta;247800
NIK-08061;LENTES DE SEGURIDAD - MONOGAFA ASPEN CLARA;SEGURIDAD INDUSTRIAL;PROTECCION VISUAL;GRUPO NIKATTO;Seguridad Industrial;epp;alta;246600
NIK-08062;LENTES DE SEGURIDAD - MONOGAFA ASPEN GRIS;SEGURIDAD INDUSTRIAL;PROTECCION VISUAL;GRUPO NIKATTO;Seguridad Industrial;epp;alta;229900
NIK-08063;LENTES DE SEGURIDAD - PRO MAX FLEX CLARA;SEGURIDAD INDUSTRIAL;PROTECCION VISUAL;GRUPO NIKATTO;Seguridad Industrial;epp;alta;114600
NIK-08064;LENTES DE SEGURIDAD - PRO MAX FLEX GRIS;SEGURIDAD INDUSTRIAL;PROTECCION VISUAL;GRUPO NIKATTO;Seguridad Industrial;epp;alta;31100
NIK-08065;LENTES DE SEGURIDAD - PRO MAX FLEX DUAL CLARA;SEGURIDAD INDUSTRIAL;PROTECCION VISUAL;GRUPO NIKATTO;Seguridad Industrial;epp;alta;86600
NIK-08066;LENTES DE SEGURIDAD - PRO MAX FLEX DUAL GRIS;SEGURIDAD INDUSTRIAL;PROTECCION VISUAL;GRUPO NIKATTO;Seguridad Industrial;epp;alta;192300
NIK-08070;LENTES DE SEGURIDAD - NEUSS IN/OUT;SEGURIDAD INDUSTRIAL;PROTECCION VISUAL;GRUPO NIKATTO;Seguridad Industrial;epp;alta;19800
NIK-1000L;GUANTE MULTIFLEX EN POLIESTER PU TALLA 9/L COLOR NEGRO;SEGURIDAD INDUSTRIAL;PROTECCION MANUAL;GRUPO NIKATTO;Seguridad Industrial;epp;alta;96200
NIK-1000M;GUANTE MULTIFLEX EN POLIESTER PU TALLA 8/M COLOR NEGRO;SEGURIDAD INDUSTRIAL;PROTECCION MANUAL;GRUPO NIKATTO;Seguridad Industrial;epp;alta;168400
NIK-1000XL;GUANTE MULTIFLEX EN POLIESTER PU TALLA 10/XL COLOR NEGRO;SEGURIDAD INDUSTRIAL;PROTECCION MANUAL;GRUPO NIKATTO;Seguridad Industrial;epp;alta;44800
NIK-1001L;GUANTE MULTIFLEX EN POLIESTER PU TALLA 9/L COLOR GRIS;SEGURIDAD INDUSTRIAL;PROTECCION MANUAL;GRUPO NIKATTO;Seguridad Industrial;epp;alta;150000
NIK-1001M;GUANTE MULTIFLEX EN POLIESTER PU TALLA 8/M COLOR GRIS;SEGURIDAD INDUSTRIAL;PROTECCION MANUAL;GRUPO NIKATTO;Seguridad Industrial;epp;alta;84200
NIK-1001XL;GUANTE MULTIFLEX EN POLIESTER PU TALLA 10/XL COLOR GRIS;SEGURIDAD INDUSTRIAL;PROTECCION MANUAL;GRUPO NIKATTO;Seguridad Industrial;epp;alta;95500
NIK-2000L;GUANTE MULTIFLEX EN NYLON PU TALLA 9/L COLOR NEGRO;SEGURIDAD INDUSTRIAL;PROTECCION MANUAL;GRUPO NIKATTO;Seguridad Industrial;epp;alta;39300
NIK-2000M;GUANTE MULTIFLEX EN NYLON PU TALLA 8/M COLOR NEGRO;SEGURIDAD INDUSTRIAL;PROTECCION MANUAL;GRUPO NIKATTO;Seguridad Industrial;epp;alta;115200
NIK-2000XL;GUANTE MULTIFLEX EN NYLON PU TALLA 10/XL COLOR NEGRO;SEGURIDAD INDUSTRIAL;PROTECCION MANUAL;GRUPO NIKATTO;Seguridad Industrial;epp;alta;78400
NIK-2014C;P3 TAPONES REUTILIZABLES DE SILICON CON CORDON PVC P3 - PROTECCION AUDITIVA;SEGURIDAD INDUSTRIAL;PROTECCION AUDITIVA;GRUPO NIKATTO;Seguridad Industrial;epp;alta;168900
NIK-3000L;GUANTE DE NITRILO PUÑO SEGURIDAD LISO TALLA 9/L COLOR AZUL;SEGURIDAD INDUSTRIAL;PROTECCION MANUAL;GRUPO NIKATTO;Seguridad Industrial;epp;alta;141300
NIK-3000M;GUANTE DE NITRILO PUÑO SEGURIDAD LISO TALLA 8/M COLOR AZUL;SEGURIDAD INDUSTRIAL;PROTECCION MANUAL;GRUPO NIKATTO;Seguridad Industrial;epp;alta;233700
NIK-3000XL;GUANTE DE NITRILO PUÑO SEGURIDAD LISO TALLA 10/XL COLOR AZUL;SEGURIDAD INDUSTRIAL;PROTECCION MANUAL;GRUPO NIKATTO;Seguridad Industrial;epp;alta;92500
NIK-4000L;GUANTE MULTIFLEX LATEX TALLA 9/L COLOR ROJO;SEGURIDAD INDUSTRIAL;PROTECCION MANUAL;GRUPO NIKATTO;Seguridad Industrial;epp;alta;98000
NIK-4000M;GUANTE MULTIFLEX LATEX TALLA 8/M COLOR ROJO;SEGURIDAD INDUSTRIAL;PROTECCION MANUAL;GRUPO NIKATTO;Seguridad Industrial;epp;alta;53700
NIK-4000XL;GUANTE MULTIFLEX LATEX TALLA 10/XL COLOR ROJO;SEGURIDAD INDUSTRIAL;PROTECCION MANUAL;GRUPO NIKATTO;Seguridad Industrial;epp;alta;172400
NIK-4001L;GUANTE MULTIFLEX LATEX TALLA 9/L VERDE CLARO;SEGURIDAD INDUSTRIAL;PROTECCION MANUAL;GRUPO NIKATTO;Seguridad Industrial;epp;alta;141300
NIK-4001M;GUANTE MULTIFLEX LATEX TALLA 8/M VERDE CLARO;SEGURIDAD INDUSTRIAL;PROTECCION MANUAL;GRUPO NIKATTO;Seguridad Industrial;epp;alta;213900
NIK-4001XL;GUANTE MULTIFLEX LATEX TALLA 10/XL VERDE CLARO;SEGURIDAD INDUSTRIAL;PROTECCION MANUAL;GRUPO NIKATTO;Seguridad Industrial;epp;alta;40800
NIK-4002L;GUANTE MULTIFLEX LATEX TALLA 9/L VERDE OSCURO;SEGURIDAD INDUSTRIAL;PROTECCION MANUAL;GRUPO NIKATTO;Seguridad Industrial;epp;alta;71600
NIK-4002M;GUANTE MULTIFLEX LATEX TALLA 8/M VERDE OSCURO;SEGURIDAD INDUSTRIAL;PROTECCION MANUAL;GRUPO NIKATTO;Seguridad Industrial;epp;alta;62800
NIK-4002XL;GUANTE MULTIFLEX LATEX TALLA 10/XL VERDE OSCURO;SEGURIDAD INDUSTRIAL;PROTECCION MANUAL;GRUPO NIKATTO;Seguridad Industrial;epp;alta;54500
NIK-4003L;GUANTE MULTIFLEX LATEX TALLA 9/L AZUL MARINO;SEGURIDAD INDUSTRIAL;PROTECCION MANUAL;GRUPO NIKATTO;Seguridad Industrial;epp;alta;150400
NIK-4003M;GUANTE MULTIFLEX LATEX TALLA 8/M AZUL MARINO;SEGURIDAD INDUSTRIAL;PROTECCION MANUAL;GRUPO NIKATTO;Seguridad Industrial;epp;alta;14600
NIK-4003XL;GUANTE MULTIFLEX LATEX TALLA 10/XL AZUL MARINO;SEGURIDAD INDUSTRIAL;PROTECCION MANUAL;GRUPO NIKATTO;Seguridad Industrial;epp;alta;124600
NIK-4004L;GUANTE MULTIFLEX LATEX TALLA 9/L ROJO;SEGURIDAD INDUSTRIAL;PROTECCION MANUAL;GRUPO NIKATTO;Seguridad Industrial;epp;alta;104700
NIK-4004M;GUANTE MULTIFLEX LATEX TALLA 8/M ROJO;SEGURIDAD INDUSTRIAL;PROTECCION MANUAL;GRUPO NIKATTO;Seguridad Industrial;epp;alta;244600
NIK-4004XL;GUANTE MULTIFLEX LATEX TALLA 10/XL ROJO;SEGURIDAD INDUSTRIAL;PROTECCION MANUAL;GRUPO NIKATTO;Seguridad Industrial;epp;alta;65600
NIK-5000L;GUANTE MULTIFLEX CUT-5 TALLA 9/L COLOR GRIS;SEGURIDAD INDUSTRIAL;PROTECCION MANUAL;GRUPO NIKATTO;Seguridad Industrial;epp;alta;237900
NIK-5000M;GUANTE MULTIFLEX CUT-5 TALLA 8/M COLOR GRIS;SEGURIDAD INDUSTRIAL;PROTECCION MANUAL;GRUPO NIKATTO;Seguridad Industrial;epp;alta;8000
NIK-5000XL;GUANTE MULTIFLEX CUT-5 TALLA 10/XL COLOR GRIS;SEGURIDAD INDUSTRIAL;PROTECCION MANUAL;GRUPO NIKATTO;Seguridad Industrial;epp;alta;72800
NIK-5003D;PA-P4 PROTECTORES AUDITIVOS DE COPA PARA ACOPLE A CASCO DE COLOR AMARILLO CON NEGRO EN PLASTICO ABS;SEGURIDAD INDUSTRIAL;PROTECCION AUDITIVA;GRUPO NIKATTO;Seguridad Industrial;epp;alta;85000
NIK-5003EM;PA-P5 PROTECTORES AUDITIVOS TIPO COPA CON DIADEMA P5 DE COLOR NARANJA CON NEGRO;SEGURIDAD INDUSTRIAL;PROTECCION AUDITIVA;GRUPO NIKATTO;Herramientas Mecánicas;mecanica;alta;64400
NIK-5008M;P6 PROTECTORES AUDITIVOS TIPO COPA AJUSTABLES CON DIADEMA P6 DE COLOR NEGRO CON FRANJA AMARILLA;SEGURIDAD INDUSTRIAL;PROTECCION AUDITIVA;GRUPO NIKATTO;Herramientas Mecánicas;mecanica;alta;404100
NIK-502155;CARETA VISOR CON RIBETE CON ESTUCHE RATCHET AJUSTABLE, VISOR CON 1MM DE COLOR TRANSPARENTE;SEGURIDAD INDUSTRIAL;PROTECCION FACIAL;GRUPO NIKATTO;Herramientas Mecánicas;mecanica;alta;112400
NIK-6000L;GUANTE MULTIFLEX CUT-5 DE ALTA RESISTENCIA TALLA 9/L COLOR GRIS CON NEGRO;SEGURIDAD INDUSTRIAL;PROTECCION MANUAL;GRUPO NIKATTO;Seguridad Industrial;epp;alta;151700
NIK-6000M;GUANTE MULTIFLEX CUT-5 DE ALTA RESISTENCIA TALLA 8/M COLOR GRIS CON NEGRO;SEGURIDAD INDUSTRIAL;PROTECCION MANUAL;GRUPO NIKATTO;Seguridad Industrial;epp;alta;102300
NIK-6000XL;GUANTE MULTIFLEX CUT-5 DE ALTA RESISTENCIA TALLA 10/XL COLOR GRIS CON NEGRO;SEGURIDAD INDUSTRIAL;PROTECCION MANUAL;GRUPO NIKATTO;Seguridad Industrial;epp;alta;246900
NIK-8000L;GUANTE LATEX ANTI-IMPACTO DE NITRILO TALLA 9/L NEGRO;SEGURIDAD INDUSTRIAL;PROTECCION MANUAL;GRUPO NIKATTO;Seguridad Industrial;epp;alta;209600
NIK-8000M;GUANTE LATEX ANTI-IMPACTO DE NITRILO TALLA 8/M NEGRO;SEGURIDAD INDUSTRIAL;PROTECCION MANUAL;GRUPO NIKATTO;Seguridad Industrial;epp;alta;16000
NIK-8000XL;GUANTE LATEX ANTI-IMPACTO DE NITRILO TALLA 10/XL NEGRO;SEGURIDAD INDUSTRIAL;PROTECCION MANUAL;GRUPO NIKATTO;Seguridad Industrial;epp;alta;192400
NIK-9000L;GUANTE INDUSTRIAL NITRILO TALLA 9/L VERDE;SEGURIDAD INDUSTRIAL;PROTECCION MANUAL;GRUPO NIKATTO;Seguridad Industrial;epp;alta;71400
NIK-CL01DP;CANDADO LOTO ROJO/ACERO - DP;SEGURIDAD INDUSTRIAL;BLOQUEO Y ETIQUETADO;GRUPO NIKATTO;Herramientas de Seguridad;seguridad:loto;alta;177000
NIK-CL02DP;CANDADO LOTO AMARILLO/ACERO - DP;SEGURIDAD INDUSTRIAL;BLOQUEO Y ETIQUETADO;GRUPO NIKATTO;Herramientas de Seguridad;seguridad:loto;alta;140800
NIK-CL03DP;CANDADO LOTO AZUL/ACERO - DP;SEGURIDAD INDUSTRIAL;BLOQUEO Y ETIQUETADO;GRUPO NIKATTO;Herramientas de Seguridad;seguridad:loto;alta;118000
NIK-CL04DP;CANDADO LOTO VERDE/ACERO - DP;SEGURIDAD INDUSTRIAL;BLOQUEO Y ETIQUETADO;GRUPO NIKATTO;Herramientas de Seguridad;seguridad:loto;alta;158600
NIK-CL11DP;CANDADO LOTO ROJO/NYLON - DP;SEGURIDAD INDUSTRIAL;BLOQUEO Y ETIQUETADO;GRUPO NIKATTO;Herramientas de Seguridad;seguridad:loto;alta;168800
NIK-CL12DP;CANDADO LOTO AMARILLO/NYLON - DP;SEGURIDAD INDUSTRIAL;BLOQUEO Y ETIQUETADO;GRUPO NIKATTO;Herramientas de Seguridad;seguridad:loto;alta;48200
NIK-CL13DP;CANDADO LOTO AZUL/NYLON - DP;SEGURIDAD INDUSTRIAL;BLOQUEO Y ETIQUETADO;GRUPO NIKATTO;Herramientas de Seguridad;seguridad:loto;alta;152100
NIK-CL14DP;CANDADO LOTO VERDE/NYLON - DP;SEGURIDAD INDUSTRIAL;BLOQUEO Y ETIQUETADO;GRUPO NIKATTO;Herramientas de Seguridad;seguridad:loto;alta;163500
NIK-CL17DP;CANDADO LOTO NARANJA/NYLON - DP;SEGURIDAD INDUSTRIAL;BLOQUEO Y ETIQUETADO;GRUPO NIKATTO;Herramientas de Seguridad;seguridad:loto;alta;154200
NIK-CL21DP;CANDADO LOTO GANCHO LARGO ROJO/ACERO - DP;SEGURIDAD INDUSTRIAL;BLOQUEO Y ETIQUETADO;GRUPO NIKATTO;Herramientas de Seguridad;seguridad:loto;alta;130300
NIK-CL31DP;CANDADO LOTO GANCHO LARGO ROJO/NYLON - DP;SEGURIDAD INDUSTRIAL;BLOQUEO Y ETIQUETADO;GRUPO NIKATTO;Herramientas de Seguridad;seguridad:loto;alta;88200
NIK-ES01;ETIQUETA LOTO;SEGURIDAD INDUSTRIAL;BLOQUEO Y ETIQUETADO;GRUPO NIKATTO;Herramientas de Seguridad;seguridad:loto;alta;18700
NIK-MT0200;VISOR CON RIBETE DE GROSOR 1MM DE COLOR TRANSPARENTE - REPUESTO;SEGURIDAD INDUSTRIAL;PROTECCION FACIAL;GRUPO NIKATTO;Herramientas Eléctricas;electrica;alta;231400
PROWE-F1001;GAFA DE SOLDADURA CON MARCO EN PVC FLEXIBLE;SEGURIDAD INDUSTRIAL;PROTECCION VISUAL;GRUPO NIKATTO;Herramientas de Soldadura;soldadura;alta;399100
PSAFE-DENVER CLARO;LENTES DE SEGURIDAD ANTIRAYAS, CON LENTE CLARO Y MONTURA DE COLOR ROJO+BLANCO+AZUL EN POLICARBONATO;SEGURIDAD INDUSTRIAL;PROTECCION VISUAL;GRUPO NIKATTO;Seguridad Industrial;epp;alta;35500
PSAFE-EC1001AC;P2 TAPONES DESECHABLES CON CORDON PVC P2 - PROTECCION AUDITIVA;SEGURIDAD INDUSTRIAL;PROTECCION AUDITIVA;GRUPO NIKATTO;Seguridad Industrial;epp;alta;36100
PSAFE-M7002B;VISOR CON RIBETE DE GROSOR 1MM DE COLOR TRANSPARENTE - REPUESTO;SEGURIDAD INDUSTRIAL;PROTECCION VISUAL;GRUPO NIKATTO;Herramientas Eléctricas;electrica;alta;2171300
PSAFE-NEUSSAFCLARO-N;LENTES DE SEGURIDAD ANTIEMPAÑANTES, CON LENTE CLARO Y MONTURA COLOR NEGRO EN POLICARBONATO;SEGURIDAD INDUSTRIAL;PROTECCION VISUAL;GRUPO NIKATTO;Seguridad Industrial;epp;alta;221300
PSAFE-NEUSSAFCLARO-R;LENTES DE SEGURIDAD ANTIEMPAÑANTES, CON LENTE CLARO Y MONTURA COLOR ROJO EN POLICARBONATO;SEGURIDAD INDUSTRIAL;PROTECCION VISUAL;GRUPO NIKATTO;Seguridad Industrial;epp;alta;36000
PSAFE-NEUSSAFGRIS-N;LENTES DE SEGURIDAD ANTIEMPAÑANTES, CON LENTE GRIS Y MONTURA COLOR NEGRO EN POLICARBONATO;SEGURIDAD INDUSTRIAL;PROTECCION VISUAL;GRUPO NIKATTO;Seguridad Industrial;epp;alta;42200
PSAFE-NEUSSAFGRIS-R;LENTES DE SEGURIDAD ANTIEMPAÑANTES, CON LENTE GRIS Y MONTURA COLOR ROJO EN POLICARBONATO;SEGURIDAD INDUSTRIAL;PROTECCION VISUAL;GRUPO NIKATTO;Seguridad Industrial;epp;alta;94200
PSAFE-PRO MAX AFGRIS;LENTES DE SEGURIDAD ANTIEMPAÑANTES, CON LENTE GRIS CON MONTURA DE COLOR NEGRO EN POLICARBONATO;SEGURIDAD INDUSTRIAL;PROTECCION VISUAL;GRUPO NIKATTO;Seguridad Industrial;epp;alta;170500
PSAFE-PRO MAX CLARO;LENTES DE SEGURIDAD ANTIRAYAS, CON LENTE CLARO Y MONTURA DE COLOR NEGRO EN POLICARBONATO;SEGURIDAD INDUSTRIAL;PROTECCION VISUAL;GRUPO NIKATTO;Seguridad Industrial;epp;alta;68700
PSAFE-PROWELD AFCLAR;LENTES DE SEGURIDAD ANTIEMPAÑANTES, CON LENTE CLARO Y MONTURA TRANSPARENTE EN POLICARBONATO CON PUNTA DE CAUCHO COLOR AMARILLO;SEGURIDAD INDUSTRIAL;PROTECCION VISUAL;GRUPO NIKATTO;Seguridad Industrial;epp;alta;181800
PSAFE-PROWELD CLARO;LENTES DE SEGURIDAD ANTIRAYAS, CON LENTE CLARO Y MONTURA TRANSPARENTE EN POLICARBONATO CON PUNTA DE CAUCHO COLOR AMARILLO;SEGURIDAD INDUSTRIAL;PROTECCION VISUAL;GRUPO NIKATTO;Seguridad Industrial;epp;alta;128600
PSAFE-SF 698AF CLARO;LENTES ANTIEMPAÑANTES, CON LENTE CLARO Y MONTURA CLARA Y ELASTICO COLOR NEGRO EN POLICARBONATO;SEGURIDAD INDUSTRIAL;PROTECCION VISUAL;GRUPO NIKATTO;Seguridad Industrial;epp;alta;36800
PSAFE-SF-1 CLARO;LENTES ANTIRAYAS, CON LENTE CLARO Y MONTURA CLARA/TRANSPARENTE EN POLICARBONATO;SEGURIDAD INDUSTRIAL;PROTECCION VISUAL;GRUPO NIKATTO;Seguridad Industrial;epp;alta;114900
PSAFE-TX2000 T8/M;GUANTE MULTIFLEX EN NYLON PU TALLA 8/M COLOR NEGRO;SEGURIDAD INDUSTRIAL;PROTECCION MANUAL;GRUPO NIKATTO;Seguridad Industrial;epp;alta;67600
PSAFE-TX3000 T10/XL;GUANTE DE NITRILO PUÑO SEGURIDAD LISO TALLA 10/XL COLOR AZUL;SEGURIDAD INDUSTRIAL;PROTECCION MANUAL;GRUPO NIKATTO;Seguridad Industrial;epp;alta;153500
PSAFE-TX3000 T8/M;GUANTE DE NITRILO PUÑO SEGURIDAD LISO TALLA 8/M COLOR AZUL;SEGURIDAD INDUSTRIAL;PROTECCION MANUAL;GRUPO NIKATTO;Seguridad Industrial;epp;alta;168900
PSAFE-TX3000 T9/L;GUANTE DE NITRILO PUÑO SEGURIDAD LISO TALLA 9/L COLOR AZUL;SEGURIDAD INDUSTRIAL;PROTECCION MANUAL;GRUPO NIKATTO;Seguridad Industrial;epp;alta;64600
PSAFE-TX4000 T10/XL;GUANTE MULTIFLEX LATEX TALLA 10/XL COLOR ROJO;SEGURIDAD INDUSTRIAL;PROTECCION MANUAL;GRUPO NIKATTO;Seguridad Industrial;epp;alta;75500
PSAFE-TX4000 T8/M;GUANTE MULTIFLEX LATEX TALLA 8/M COLOR ROJO;SEGURIDAD INDUSTRIAL;PROTECCION MANUAL;GRUPO NIKATTO;Seguridad Industrial;epp;alta;205600
PSAFE-TX4000 T9/L;GUANTE MULTIFLEX LATEX TALLA 9/L COLOR ROJO;SEGURIDAD INDUSTRIAL;PROTECCION MANUAL;GRUPO NIKATTO;Seguridad Industrial;epp;alta;47100
PSAFE-TX5000 T8/M;GUANTE MULTIFLEX CUT-5 TALLA 8/M COLOR GRIS;SEGURIDAD INDUSTRIAL;PROTECCION MANUAL;GRUPO NIKATTO;Seguridad Industrial;epp;alta;136900
PSAFE-TX6000 T8/M;GUANTE MULTIFLEX CUT-5 DE ALTA RESISTENCIA TALLA 8/M COLOR GRIS CON NEGRO;SEGURIDAD INDUSTRIAL;PROTECCION MANUAL;GRUPO NIKATTO;Seguridad Industrial;epp;alta;90800
ACS-EH681/EF9242;CARETA DE SOLDADURA STD NIVEL 1 - ESCUDO AMERICANO;SOLDADURA;CARETAS DE SOLDAR;GRUPO NIKATTO;Herramientas de Soldadura;soldadura:careta;alta;496200
ACS-ER70S-6X0.030;"ALAMBRE DE SOLDADURA MIG 0.8MM (0.030"") CAJA X 15 KILOS";SOLDADURA;SOLDADURA;GRUPO NIKATTO;Herramientas de Soldadura;soldadura;alta;24200
ACS-ER70S-6X0.045;"ALAMBRE DE SOLDADURA MIG 1.2 MM (0.045"") CAJA X 15 KILOS";SOLDADURA;SOLDADURA;GRUPO NIKATTO;Herramientas de Soldadura;soldadura;alta;659700
NIK-10-0328;"16"" GUANTE SOLDADURA INDUSTRIAL NARANJA / GRIS REFUERZO EN GATILLO PULGAR/INDICE";SOLDADURA;GUANTES DE SOLDAR;GRUPO NIKATTO;Herramientas de Soldadura;soldadura;alta;1741900
NIK-10-0330;"16"" GUANTE SOLDADURA INDUSTRIAL AMARILLO REFUERZO EN GATILLO PULGAR/INDICE/PALMA";SOLDADURA;GUANTES DE SOLDAR;GRUPO NIKATTO;Herramientas de Soldadura;soldadura;alta;567600
NIK-10-1649;"14"" GUANTE SOLDADURA INDUSTRIAL ROJO";SOLDADURA;GUANTES DE SOLDAR;GRUPO NIKATTO;Herramientas de Soldadura;soldadura;alta;1239500
NIK-15901;"CARETA PARA SOLDADOR FOTOSENSIBLE DE COLOR NEGRO, CON MASCARA DE RECUBRIMIENTO AUTOMATICO""";SOLDADURA;CARETAS DE SOLDAR;GRUPO NIKATTO;Herramientas de Soldadura;soldadura:careta;alta;133900
NIK-15902;CARETA DE SOLDADURA STD NIVEL 1 - ESCUDO AMERICANO;SOLDADURA;CARETAS DE SOLDAR;GRUPO NIKATTO;Herramientas de Soldadura;soldadura:careta;alta;1574200
NIK-15903;CASCO PARA SOLDADOR FOTOSENSIBLE DE COLOR ROJO Y NEGRO, ROSE-433E;SOLDADURA;CARETAS DE SOLDAR;GRUPO NIKATTO;Herramientas de Soldadura;soldadura;alta;141800
NIK-AWC-300;PINZA PORTAELECTRODO 300 AMP - TRABAJO PESADO;SOLDADURA;PINZA MASA;GRUPO NIKATTO;Herramientas de Soldadura;soldadura;alta;733700
NIK-AWC-500;PINZA PORTAELECTRODO 500 AMP - TRABAJO PESADO;SOLDADURA;PINZA MASA;GRUPO NIKATTO;Herramientas de Soldadura;soldadura;alta;751000
NIK-GC-300;PINZA MASA TIPO AMERICANO 300 AMP - TRABAJO PESADO;SOLDADURA;PINZA MASA;GRUPO NIKATTO;Herramientas Manuales;manual;alta;30900
NIK-GC-500;PINZA MASA TIPO AMERICANO 500 AMP - TRABAJO PESADO;SOLDADURA;PINZA MASA;GRUPO NIKATTO;Herramientas Manuales;manual;alta;78500
NIK-M140;EQUIPO DE SOLDADURA INVERSOR;SOLDADURA;EQUIPOS DE SOLDADURA;GRUPO NIKATTO;Herramientas de Soldadura;soldadura;alta;1061200
NIK-M141R;REPUESTO NIK-M140 - PLACA PRINCIPAL (ML-ZB-539A) - CÓDIGO FÁBRICA: 70203-00-221-1;SOLDADURA;REPUESTOS;GRUPO NIKATTO;Herramientas Eléctricas;electrica;alta;876500
NIK-M142R;REPUESTO NIK-M140 - PLACA DE CONTROL (ML-MB-660) - CÓDIGO FÁBRICA: 70301-01-360-01;SOLDADURA;REPUESTOS;GRUPO NIKATTO;Herramientas Eléctricas;electrica;alta;1364400
NIK-M143R;REPUESTO NIK-M140 - IGBT - CÓDIGO FÁBRICA: 204-182-0040-00;SOLDADURA;REPUESTOS;GRUPO NIKATTO;Herramientas Eléctricas;electrica;alta;1585800
NIK-M144R;REPUESTO NIK-M140 - CONDENSADOR - CÓDIGO FÁBRICA: 203-052-0079-01;SOLDADURA;REPUESTOS;GRUPO NIKATTO;Herramientas Eléctricas;electrica;alta;3337200
NIK-M145R;REPUESTO NIK-M140 - PUENTE RECTIFICADOR - CÓDIGO FÁBRICA: 204-152-0014-00;SOLDADURA;REPUESTOS;GRUPO NIKATTO;Herramientas Eléctricas;electrica;alta;1772400
NIK-M146R;REPUESTO NIK-M140 - DIODO DE RECUPERACIÓN RÁPIDA - CÓDIGO FÁBRICA: 204-122-0027-00;SOLDADURA;REPUESTOS;GRUPO NIKATTO;Herramientas Eléctricas;electrica;alta;2073000
NIK-M147R;REPUESTO NIK-M140 - VENTILADOR - CÓDIGO FÁBRICA: 302-013-0014-02;SOLDADURA;REPUESTOS;GRUPO NIKATTO;Ventiladores Industriales;ventilacion;alta;1462200
NIK-M148R;REPUESTO NIK-M140 - PANEL FRONTAL DE PLÁSTICO - CÓDIGO FÁBRICA: 303-013-0085-00;SOLDADURA;REPUESTOS;GRUPO NIKATTO;Herramientas Eléctricas;electrica;alta;1238600
NIK-M149R;REPUESTO NIK-M140 - REPUESTO NIK-M140 - PANEL POSTERIOR DE PLÁSTICO - CÓDIGO FÁBRICA: 303-023-0029-00;SOLDADURA;REPUESTOS;GRUPO NIKATTO;Herramientas Eléctricas;electrica;alta;2922900
NIK-M150R;REPUESTO NIK-M140 - PERILLA (PARA TODOS LOS MODELOS) - CÓDIGO FÁBRICA: 301-023-0007-00;SOLDADURA;REPUESTOS;GRUPO NIKATTO;Herramientas Eléctricas;electrica;alta;1662800
NIK-M200;EQUIPO DE SOLDADURA INVERSOR;SOLDADURA;EQUIPOS DE SOLDADURA;GRUPO NIKATTO;Herramientas de Soldadura;soldadura;alta;858900
NIK-M201R;REPUESTO NIK-M200 - PLACA PRINCIPAL (ML-ZB-247C) - CÓDIGO FÁBRICA: 70203-00-113-0;SOLDADURA;REPUESTOS;GRUPO NIKATTO;Herramientas Eléctricas;electrica;alta;1536100
NIK-M202R;REPUESTO NIK-M200 - PLACA DE CONTROL (ML-MB-629) - CÓDIGO FÁBRICA: 70301-01-315-00;SOLDADURA;REPUESTOS;GRUPO NIKATTO;Herramientas Eléctricas;electrica;alta;3115400
NIK-M203R;REPUESTO NIK-M200 - IGBT - CÓDIGO FÁBRICA: 204-182-0024-01;SOLDADURA;REPUESTOS;GRUPO NIKATTO;Herramientas Eléctricas;electrica;alta;2717800
NIK-M204R;REPUESTO NIK-M200 - CONDENSADOR - CÓDIGO FÁBRICA: 203-052-0031-00;SOLDADURA;REPUESTOS;GRUPO NIKATTO;Herramientas Eléctricas;electrica;alta;2848300
NIK-M205R;REPUESTO NIK-M200 - PUENTE RECTIFICADOR - CÓDIGO FÁBRICA: 204-152-0015-00;SOLDADURA;REPUESTOS;GRUPO NIKATTO;Herramientas Eléctricas;electrica;alta;168400
NIK-M206R;REPUESTO NIK-M200 - DIODO DE RECUPERACIÓN RÁPIDA - CÓDIGO FÁBRICA: 204-122-0008-00;SOLDADURA;REPUESTOS;GRUPO NIKATTO;Herramientas Eléctricas;electrica;alta;2001300
NIK-M207R;REPUESTO NIK-M200 - VENTILADOR - CÓDIGO FÁBRICA: 302-013-0029-03;SOLDADURA;REPUESTOS;GRUPO NIKATTO;Ventiladores Industriales;ventilacion;alta;1381600
NIK-M208R;REPUESTO NIK-M200 - PANEL FRONTAL DE PLÁSTICO - CÓDIGO FÁBRICA: 303-013-0034-00;SOLDADURA;REPUESTOS;GRUPO NIKATTO;Herramientas Eléctricas;electrica;alta;1486200
NIK-M209R;REPUESTO NIK-M200 - PANEL POSTERIOR DE PLÁSTICO - CÓDIGO FÁBRICA: 303-023-0014-00;SOLDADURA;REPUESTOS;GRUPO NIKATTO;Herramientas Eléctricas;electrica;alta;3162900
NIK-M210R;REPUESTO NIK-MIG200E - PLACA PRINCIPAL (ML-ZB-432) - CÓDIGO FÁBRICA: 70303-01-093-00;SOLDADURA;REPUESTOS;GRUPO NIKATTO;Herramientas Eléctricas;electrica;alta;668900
NIK-M6003A-SI10;VIDRIO NEGRO O SOMBRA 10 - REPUESTO CARETA DE SOLDADURA - SI10;SOLDADURA;VIDRIO DE SOLDAR;GRUPO NIKATTO;Herramientas de Soldadura;soldadura:careta;alta;553400
NIK-M6003A-SI11;VIDRIO NEGRO O SOMBRA 11 - REPUESTO CARETA DE SOLDADURA - SI11;SOLDADURA;VIDRIO DE SOLDAR;GRUPO NIKATTO;Herramientas de Soldadura;soldadura:careta;alta;211200
NIK-M6004A;VIDRIO CLARO - REPUESTO CARETA DE SOLDADURA;SOLDADURA;VIDRIO DE SOLDAR;GRUPO NIKATTO;Herramientas de Soldadura;soldadura:careta;alta;981800
NIK-MIG200E;EQUIPO DE SOLDADURA INVERSOR MULTIPROCESO;SOLDADURA;EQUIPOS DE SOLDADURA;GRUPO NIKATTO;Herramientas de Soldadura;soldadura;alta;773600
NIK-MIG200E1R;REPUESTO NIK-MIG200E - PLACA DE CONTROL (ML-MB-571) - CÓDIGO FÁBRICA: 70301-01-329-00;SOLDADURA;REPUESTOS;GRUPO NIKATTO;Herramientas Eléctricas;electrica;alta;2723200
NIK-MIG200E2R;REPUESTO NIK-MIG200E - IGBT - CÓDIGO FÁBRICA: 204-182-0024-01;SOLDADURA;REPUESTOS;GRUPO NIKATTO;Herramientas Eléctricas;electrica;alta;184100
NIK-MIG200E3R;REPUESTO NIK-MIG200E - CONDENSADOR - CÓDIGO FÁBRICA: 203-052-0010-01;SOLDADURA;REPUESTOS;GRUPO NIKATTO;Herramientas Eléctricas;electrica;alta;1736200
NIK-MIG200E4R;REPUESTO NIK-MIG200E - PUENTE RECTIFICADOR - CÓDIGO FÁBRICA: 204-152-0015-00;SOLDADURA;REPUESTOS;GRUPO NIKATTO;Herramientas Eléctricas;electrica;alta;2445400
NIK-MIG200E5R;REPUESTO NIK-MIG200E - DIODO DE RECUPERACIÓN RÁPIDA - CÓDIGO FÁBRICA: 204-122-0008-00;SOLDADURA;REPUESTOS;GRUPO NIKATTO;Herramientas Eléctricas;electrica;alta;3211100
NIK-MIG200E6R;REPUESTO NIK-MIG200E - VENTILADOR - CÓDIGO FÁBRICA: 302-013-0026-02;SOLDADURA;REPUESTOS;GRUPO NIKATTO;Ventiladores Industriales;ventilacion;alta;336700
NIK-MIG200E7R;REPUESTO NIK-MIG200E - PANEL FRONTAL DE PLÁSTICO - CÓDIGO FÁBRICA: 303-013-0042-00;SOLDADURA;REPUESTOS;GRUPO NIKATTO;Herramientas Eléctricas;electrica;alta;1107800
NIK-MIG200E8R;REPUESTO NIK-MIG200E - PANEL FRONTAL DE PLÁSTICO - CÓDIGO FÁBRICA: 303-013-0043-00;SOLDADURA;REPUESTOS;GRUPO NIKATTO;Herramientas Eléctricas;electrica;alta;1820300
NIK-MIG200E9R;REPUESTO NIK-MIG200E - PANEL POSTERIOR DE PLÁSTICO - CÓDIGO FÁBRICA: 303-023-0016-00;SOLDADURA;REPUESTOS;GRUPO NIKATTO;Herramientas Eléctricas;electrica;alta;3019500
NIK-MIG-20W2;EQUIPO DE SOLDADURA INVERSOR MULTIPROCESO;SOLDADURA;EQUIPOS DE SOLDADURA;GRUPO NIKATTO;Herramientas de Soldadura;soldadura;alta;507500
NIK-MIG-20W2-1R;REPUESTO NIK-MIG-20W2 - PLACA PRINCIPAL (ML-ZB-639) - CÓDIGO FÁBRICA: 70203-00-220-4;SOLDADURA;REPUESTOS;GRUPO NIKATTO;Herramientas de Soldadura;soldadura;alta;507800
NIK-MIG-20W2-2R;REPUESTO NIK-MIG-20W2 - PLACA DE CONTROL (ML-MB-708B) - CÓDIGO FÁBRICA: 70301-01-383-00;SOLDADURA;REPUESTOS;GRUPO NIKATTO;Herramientas de Soldadura;soldadura;alta;424300
NIK-MIG-20W2-3R;REPUESTO NIK-MIG-20W2 - IGBT - CÓDIGO FÁBRICA: 204-182-0021-01;SOLDADURA;REPUESTOS;GRUPO NIKATTO;Herramientas de Soldadura;soldadura;alta;1712000
NIK-MIG-20W2-4R;REPUESTO NIK-MIG-20W2 - CONDENSADOR - CÓDIGO FÁBRICA: 203-052-0079-00;SOLDADURA;REPUESTOS;GRUPO NIKATTO;Herramientas de Soldadura;soldadura;alta;1472100
NIK-MIG-20W2-5R;REPUESTO NIK-MIG-20W2 - PUENTE RECTIFICADOR - CÓDIGO FÁBRICA: 204-152-0014-00;SOLDADURA;REPUESTOS;GRUPO NIKATTO;Herramientas de Soldadura;soldadura;alta;134100
NIK-MIG-20W2-6R;REPUESTO NIK-MIG-20W2 - DIODO DE RECUPERACIÓN RÁPIDA - CÓDIGO FÁBRICA: 204-122-0026-00;SOLDADURA;REPUESTOS;GRUPO NIKATTO;Herramientas de Soldadura;soldadura;alta;1576600
NIK-MIG-20W2-7R;REPUESTO NIK-MIG-20W2 - VENTILADOR - CÓDIGO FÁBRICA: 302-013-0050-00;SOLDADURA;REPUESTOS;GRUPO NIKATTO;Ventiladores Industriales;ventilacion;alta;1316200
NIK-MIG-20W2-8R;REPUESTO NIK-MIG-20W2 - PANEL FRONTAL DE PLÁSTICO - CÓDIGO FÁBRICA: 303-013-0091-00;SOLDADURA;REPUESTOS;GRUPO NIKATTO;Herramientas de Soldadura;soldadura;alta;1676700
NIK-PIQUETA 350G;PIQUETA RESORTADA X 350 GRMS.;SOLDADURA;PIQUETAS;GRUPO NIKATTO;Herramientas de Soldadura;linea:SOLDADURA;baja;280300
NIK-R-433E;REPUESTO PARA CARETA DE SOLDAR 433E;SOLDADURA;CARETAS DE SOLDAR;GRUPO NIKATTO;Herramientas de Soldadura;soldadura:careta;alta;1282100
NIK-TARJETA M200;REPUESTO TARJETA - EQUIPO DE SOLDADURA INVERSOR REF. NIK-M200;SOLDADURA;REPUESTOS;GRUPO NIKATTO;Herramientas de Soldadura;soldadura;alta;1554900
NIK-TIZA METAL;TIZA PARA MARCAR METALES 125MMX12MMX5MM CAJA X 100 UNIDADES;SOLDADURA;TIZA PARA MARCAR METAL;GRUPO NIKATTO;Herramientas de Soldadura;linea:SOLDADURA;baja;1529300
PROWE-10-1649;"14"" GUANTE SOLDADURA INDUSTRIAL ROJO";SOLDADURA;GUANTES DE SOLDAR;GRUPO NIKATTO;Herramientas de Soldadura;soldadura;alta;650600
PROWE-10-2112;"14"" GUANTE SOLDADURA INDUSTRIAL AZUL / NARANJA";SOLDADURA;GUANTES DE SOLDAR;GRUPO NIKATTO;Herramientas de Soldadura;soldadura;alta;303300
PROWE-AWC-500;PINZA PORTAELECTRODO 500 AMP - TRABAJO PESADO;SOLDADURA;PINZA MASA;GRUPO NIKATTO;Herramientas de Soldadura;soldadura;alta;701500
PROWE-BX1-250C2;EQUIPO DE SOLDADURA - TRANSFORMADOR BX1-250C2 INACTIVO;SOLDADURA;EQUIPOS DE SOLDADURA;GRUPO NIKATTO;Herramientas de Soldadura;soldadura;alta;756300
PROWE-BY433E;REPUESTO FILTRO PARA CARETA DE SOLDAR;SOLDADURA;CARETAS DE SOLDAR;GRUPO NIKATTO;Herramientas de Soldadura;soldadura:careta;alta;652000
PROWE-CAJAMIG030X5;ALAMBRE MIG PROWELD 0.030*5KG;SOLDADURA;SOLDADURA;GRUPO NIKATTO;Herramientas de Soldadura;soldadura;alta;127900
PROWE-CAJAMIG035X5;ALAMBRE MIG PROWELD 0.035*5KG;SOLDADURA;SOLDADURA;GRUPO NIKATTO;Herramientas de Soldadura;soldadura;alta;1105200
PROWE-CUB INT BY433E;CUBIERTA INTERIOR PARA FILTRO MODELO BY433E;SOLDADURA;CARETAS DE SOLDAR;GRUPO NIKATTO;Herramientas de Soldadura;linea:SOLDADURA;baja;1708400
PROWE-E308L X 1/8;"ELECTRODO INOX PRO308L-16 3.2MM (1/8"") CAJA X 2 KILOS";SOLDADURA;SOLDADURA;GRUPO NIKATTO;Herramientas de Soldadura;soldadura;alta;807200
PROWE-E308LX3/32;"ELECTRODO INOX PRO308L-16 2.4MM (3/32"") CAJA X 2 KILOS";SOLDADURA;SOLDADURA;GRUPO NIKATTO;Herramientas de Soldadura;soldadura;alta;1562100
PROWE-E309L X 1/8;"ELECTRODO INOX PRO309L-16 3.2MM (1/8"") CAJA X 2 KILOS";SOLDADURA;SOLDADURA;GRUPO NIKATTO;Herramientas de Soldadura;soldadura;alta;163500
PROWE-E309L X 3/32;"ELECTRODO INOX PRO309L-16 2.4MM (3/32"") CAJA X 2 KILOS";SOLDADURA;SOLDADURA;GRUPO NIKATTO;Herramientas de Soldadura;soldadura;alta;1304000
PROWE-ER70S-6X0.035;"ALAMBRE DE SOLDADURA MIG 0.9 MM (0.035"") CAJA X 5 KILOS";SOLDADURA;SOLDADURA;GRUPO NIKATTO;Herramientas de Soldadura;soldadura;alta;364400
PROWE-ER70S-6X0.045;"ALAMBRE DE SOLDADURA MIG 1.2MM (0.045"") CAJA X 5 KILOS";SOLDADURA;SOLDADURA;GRUPO NIKATTO;Herramientas de Soldadura;soldadura;alta;407100
PROWE-EVA160;EQUIPO DE SOLDADURA INVERSOR EVA 160 - DOBLE VOLTAJE;SOLDADURA;EQUIPOS DE SOLDADURA;GRUPO NIKATTO;Herramientas de Soldadura;soldadura;alta;1485400
PROWE-EVA200D;EQUIPO DE SOLDADURA INVERSOR EVA200D PANTALLA DIGITAL - DOBLE VOLTAJE 200 AMPERIOS 110/220 VOLTIOS;SOLDADURA;EQUIPOS DE SOLDADURA;GRUPO NIKATTO;Herramientas de Soldadura;soldadura;alta;1238900
PROWE-M6003A-SI10;VIDRIO NEGRO O SOMBRA 10 - REPUESTO CARETA DE SOLDADURA - SI10;SOLDADURA;VIDRIO DE SOLDAR;GRUPO NIKATTO;Herramientas de Soldadura;soldadura:careta;alta;1033700
PROWE-PORTATIZA;PORTATIZA PARA TIZAS PARA MARCAR METALES 125MMX12MMX5MM;SOLDADURA;TIZA PARA MARCAR METAL;GRUPO NIKATTO;Herramientas de Soldadura;linea:SOLDADURA;baja;596000
PROWE-PRO160;EQUIPO DE SOLDADURA INVERSOR PRO160 - DOBLE VOLTAJE CON INDICADOR DIGITAL;SOLDADURA;EQUIPOS DE SOLDADURA;GRUPO NIKATTO;Herramientas de Soldadura;soldadura;alta;342900
PROWE-PRO160D;EQUIPO DE SOLDADURA INVERSOR PRO160D PANTALLA DIGITAL - DOBLE VOLTAJE 160 AMPERIOS 110/220 VOLTIOS;SOLDADURA;EQUIPOS DE SOLDADURA;GRUPO NIKATTO;Herramientas de Soldadura;soldadura;alta;1566900
PROWE-PROMIG300MPD;EQUIPO DE SOLDADURA INVERSOR MULTIPROCESO, MONOFASICO, 300 AMPERIOS, 220 VOLTIOS PANTALLA DIGITAL;SOLDADURA;EQUIPOS DE SOLDADURA;GRUPO NIKATTO;Herramientas de Soldadura;soldadura;alta;166900
PROWE-PROXMIG250;EQUIPO DE SOLDADURA INVERSOR MULTIPROCESO, MONOFASICO, VOLTAJE DUAL, 250 AMPERIOS, VOLTAJE: 220 VOLTIOS PANTALLA DIGITAL;SOLDADURA;EQUIPOS DE SOLDADURA;GRUPO NIKATTO;Herramientas de Soldadura;soldadura;alta;85400
PROWE-TAFILETE RATCH;TAFILETE CON RATCHET MODELO ROSE;SOLDADURA;ACCESORIO SOLDADURA;GRUPO NIKATTO;Herramientas Mecánicas;mecanica;alta;270500
PROWE-TIG ER308L-1.6;"VARILLA APORTE TIG INOX TIGPRO308LSI 1.6 MM (1/16"") X 1METRO CAJA X 5 KILOS";SOLDADURA;VARILLA APORTE TIG;GRUPO NIKATTO;Herramientas de Soldadura;soldadura;alta;364800
PROWE-TIG ER308L-2.4;"VARILLA APORTE TIG INOX TIGPRO308LSI 2.4MM (3/32"") X 1METRO CAJA X 5 KILOS";SOLDADURA;VARILLA APORTE TIG;GRUPO NIKATTO;Herramientas de Soldadura;soldadura;alta;915000
PROWE-TIG ER308L-3.2;"VARILLA APORTE TIG INOX TIGPRO308LSI 3.2MM (1/8"") X 1METRO CAJA X 5 KILOS";SOLDADURA;VARILLA APORTE TIG;GRUPO NIKATTO;Herramientas de Soldadura;soldadura;alta;1728100
PROWE-TIG ER309L-1.6;"VARILLA APORTE TIG INOX TIGPRO309LSI 1.6MM (1/16"") X 1 METRO CAJA X 5 KILOS";SOLDADURA;VARILLA APORTE TIG;GRUPO NIKATTO;Herramientas de Soldadura;soldadura;alta;1084700
PROWE-TIG ER309L-2.4;"VARILLA APORTE TIG INOX TIGPRO309LSI 2.4MM (3/32"") X 1 METRO CAJA X 5 KILOS";SOLDADURA;VARILLA APORTE TIG;GRUPO NIKATTO;Herramientas de Soldadura;soldadura;alta;137900
PROWE-TIGER70S-6X2.4;"VARILLA APORTE TIG ACERO AL CARBONO PRO70S-6 2.4MM (3/32"") X 1 METRO CAJA X 5 KILOS";SOLDADURA;VARILLA APORTE TIG;GRUPO NIKATTO;Herramientas de Soldadura;soldadura;alta;1779100
PROWE-TIGER70S-6X3.2;"VARILLA APORTE TIG ACERO AL CARBONO PRO70S-6 3.2MM (1/8"") X 1 METRO CAJA X 5 KILOS";SOLDADURA;VARILLA APORTE TIG;GRUPO NIKATTO;Herramientas de Soldadura;soldadura;alta;1196300
PROWE-WP17V-12-2;PISTOLA TIG WP17V-12-2 CON CABLE 10-25;SOLDADURA;PISTOLAS TIG;GRUPO NIKATTO;Herramientas de Soldadura;soldadura;alta;1436300
T204630;TORN HEX MM 8,8 TROP R TOTAL 10-1,25 X 20;TORN HEX MM 8,8 DIN 931;MILIMETRICO;TORNILLERIA;Tornillería;tornilleria;alta;19500
T204632;TORN HEX MM 8,8 TROP R TOTAL 10-1,25 X 30;TORN HEX MM 8,8 DIN 931;MILIMETRICO;TORNILLERIA;Tornillería;tornilleria;alta;13000
T202561;TORN HEX MM 8,8 TROP R TOTAL 6-12;TORN HEX MM 8,8 DIN 931/933 TROP;MILIMETRICO;TORNILLERIA;Tornillería;tornilleria;alta;22600
T202563;TORN HEX MM 8,8 TROP R TOTAL 6-1,0 X 15;TORN HEX MM 8,8 DIN 931/933 TROP;MILIMETRICO;TORNILLERIA;Tornillería;tornilleria;alta;20500
T202565;TORN HEX MM 8,8 TROP R TOTAL 6-1,0 X 20;TORN HEX MM 8,8 DIN 931/933 TROP;MILIMETRICO;TORNILLERIA;Tornillería;tornilleria;alta;17800
T202566;TORN HEX MM 8,8 TROP R TOTAL 6-1,0 X 25;TORN HEX MM 8,8 DIN 931/933 TROP;MILIMETRICO;TORNILLERIA;Tornillería;tornilleria;alta;21600
T202567;TORN HEX MM 8,8 TROP R TOTAL 6-1,0 X 30;TORN HEX MM 8,8 DIN 931/933 TROP;MILIMETRICO;TORNILLERIA;Tornillería;tornilleria;alta;21100
T202568;TORN HEX MM 8,8 TROP R TOTAL 6-1,0 X 35;TORN HEX MM 8,8 DIN 931/933 TROP;MILIMETRICO;TORNILLERIA;Tornillería;tornilleria;alta;7700
T202569;TORN HEX MM 8,8 TROP R TOTAL 6-1,0 X 40;TORN HEX MM 8,8 DIN 931/933 TROP;MILIMETRICO;TORNILLERIA;Tornillería;tornilleria;alta;3300
T202570;TORN HEX MM 8,8 TROP R TOTAL 6-1,0 X 45;TORN HEX MM 8,8 DIN 931/933 TROP;MILIMETRICO;TORNILLERIA;Tornillería;tornilleria;alta;1700
T202571;TORN HEX MM 8,8 TROP R TOTAL 6-1,0 X 50;TORN HEX MM 8,8 DIN 931/933 TROP;MILIMETRICO;TORNILLERIA;Tornillería;tornilleria;alta;6500
T202573;TORN HEX MM 8,8 TROP R PARCIAL 6-1,0 X 60;TORN HEX MM 8,8 DIN 931/933 TROP;MILIMETRICO;TORNILLERIA;Tornillería;tornilleria;alta;7400
T202575;TORN HEX MM 8,8 TROP R PARCIAL 6-1,0 X 70;TORN HEX MM 8,8 DIN 931/933 TROP;MILIMETRICO;TORNILLERIA;Tornillería;tornilleria;alta;24300
T202576;TORN HEX MM 8,8 TROP R PARCIAL 6-1,0 X 80;TORN HEX MM 8,8 DIN 931/933 TROP;MILIMETRICO;TORNILLERIA;Tornillería;tornilleria;alta;9400
T202605;TORN HEX MM 8,8 TROP R TOTAL 8-1,25 X 15;TORN HEX MM 8,8 DIN 931/933 TROP;MILIMETRICO;TORNILLERIA;Tornillería;tornilleria;alta;16000
T202607;TORN HEX MM 8,8 TROP R TOTAL 8-1,25 X 20;TORN HEX MM 8,8 DIN 931/933 TROP;MILIMETRICO;TORNILLERIA;Tornillería;tornilleria;alta;21800
T202608;TORN HEX MM 8,8 TROP R TOTAL 8-1,25 X 25;TORN HEX MM 8,8 DIN 931/933 TROP;MILIMETRICO;TORNILLERIA;Tornillería;tornilleria;alta;6300
T202609;TORN HEX MM 8,8 TROP R TOTAL 8-1,25 X 30;TORN HEX MM 8,8 DIN 931/933 TROP;MILIMETRICO;TORNILLERIA;Tornillería;tornilleria;alta;12700
T202610;TORN HEX MM 8,8 TROP R TOTAL 8-1,25 X 35;TORN HEX MM 8,8 DIN 931/933 TROP;MILIMETRICO;TORNILLERIA;Tornillería;tornilleria;alta;12500
T202611;TORN HEX MM 8,8 TROP R TOTAL 8-1,25 X 40;TORN HEX MM 8,8 DIN 931/933 TROP;MILIMETRICO;TORNILLERIA;Tornillería;tornilleria;alta;7700
T202612;TORN HEX MM 8,8 TROP R TOTAL 8-1,25 X 45;TORN HEX MM 8,8 DIN 931/933 TROP;MILIMETRICO;TORNILLERIA;Tornillería;tornilleria;alta;900
T202613;TORN HEX MM 8,8 TROP R TOTAL 8-1,25 X 50;TORN HEX MM 8,8 DIN 931/933 TROP;MILIMETRICO;TORNILLERIA;Tornillería;tornilleria;alta;8700
T202615;TORN HEX MM 8,8 TROP R PARCIAL 8-1,25 X 60;TORN HEX MM 8,8 DIN 931/933 TROP;MILIMETRICO;TORNILLERIA;Tornillería;tornilleria;alta;9200
T202616;TORN HEX MM 8,8 TROP R PARCIAL 8-1,25 X 70;TORN HEX MM 8,8 DIN 931/933 TROP;MILIMETRICO;TORNILLERIA;Tornillería;tornilleria;alta;17700
T202617;TORN HEX MM 8,8 TROP R PARCIAL 8-1,25 X 80;TORN HEX MM 8,8 DIN 931/933 TROP;MILIMETRICO;TORNILLERIA;Tornillería;tornilleria;alta;9000
T202618;TORN HEX MM 8,8 TROP R PARCIAL 8-1,25 X 90;TORN HEX MM 8,8 DIN 931/933 TROP;MILIMETRICO;TORNILLERIA;Tornillería;tornilleria;alta;5100
T202619;TORN HEX MM 8,8 TROP R PARCIAL 8-1,25 X 100;TORN HEX MM 8,8 DIN 931/933 TROP;MILIMETRICO;TORNILLERIA;Tornillería;tornilleria;alta;22900
T202630;TORN HEX MM 8,8 TROP R TOTAL 10-1,5 X 20;TORN HEX MM 8,8 DIN 931/933 TROP;MILIMETRICO;TORNILLERIA;Tornillería;tornilleria;alta;18300
T202631;TORN HEX MM 8,8 TROP R TOTAL 10-1,5 X 25;TORN HEX MM 8,8 DIN 931/933 TROP;MILIMETRICO;TORNILLERIA;Tornillería;tornilleria;alta;1900
T202632;TORN HEX MM 8,8 TROP R TOTAL 10-1,5 X 30;TORN HEX MM 8,8 DIN 931/933 TROP;MILIMETRICO;TORNILLERIA;Tornillería;tornilleria;alta;7000
T202633;TORN HEX MM 8,8 TROP R TOTAL 10-1,5 X 35;TORN HEX MM 8,8 DIN 931/933 TROP;MILIMETRICO;TORNILLERIA;Tornillería;tornilleria;alta;22700
T202634;TORN HEX MM 8,8 TROP R TOTAL 10-1,5 X 40;TORN HEX MM 8,8 DIN 931/933 TROP;MILIMETRICO;TORNILLERIA;Tornillería;tornilleria;alta;20100
T202635;TORN HEX MM 8,8 TROP R TOTAL 10-1,5 X 45;TORN HEX MM 8,8 DIN 931/933 TROP;MILIMETRICO;TORNILLERIA;Tornillería;tornilleria;alta;2500
T202636;TORN HEX MM 8,8 TROP R TOTAL 10-1,5 X 50;TORN HEX MM 8,8 DIN 931/933 TROP;MILIMETRICO;TORNILLERIA;Tornillería;tornilleria;alta;10400
T202638;TORN HEX MM 8,8 TROP R PARCIAL 10-1,5 X 60;TORN HEX MM 8,8 DIN 931/933 TROP;MILIMETRICO;TORNILLERIA;Tornillería;tornilleria;alta;12900
T202639;TORN HEX MM 8,8 TROP R PARCIAL 10-1,5 X 70;TORN HEX MM 8,8 DIN 931/933 TROP;MILIMETRICO;TORNILLERIA;Tornillería;tornilleria;alta;4700
T202640;TORN HEX MM 8,8 TROP R PARCIAL 10-1,5 X 80;TORN HEX MM 8,8 DIN 931/933 TROP;MILIMETRICO;TORNILLERIA;Tornillería;tornilleria;alta;18900
T202641;TORN HEX MM 8,8 TROP R PARCIAL 10-1,5 X 90;TORN HEX MM 8,8 DIN 931/933 TROP;MILIMETRICO;TORNILLERIA;Tornillería;tornilleria;alta;1500
T202642;TORN HEX MM 8,8 TROP R PARCIAL 10-1,5 X 100;TORN HEX MM 8,8 DIN 931/933 TROP;MILIMETRICO;TORNILLERIA;Tornillería;tornilleria;alta;19900
T202651;TORN HEX MM 8,8 TROP 12-1,75 X 20;TORN HEX MM 8,8 DIN 931/933 TROP;VARIOS;TORNILLERIA;Tornillería;tornilleria;alta;21400
T202652;TORN HEX MM 8,8 TROP R TOTAL 12-1,75 X 25;TORN HEX MM 8,8 DIN 931/933 TROP;MILIMETRICO;TORNILLERIA;Tornillería;tornilleria;alta;11000
T202653;TORN HEX MM 8,8 TROP R TOTAL 12-1,75 X 30;TORN HEX MM 8,8 DIN 931/933 TROP;MILIMETRICO;TORNILLERIA;Tornillería;tornilleria;alta;1900
T202654;TORN HEX MM 8,8 TROP R TOTAL 12-1,75 X 35;TORN HEX MM 8,8 DIN 931/933 TROP;MILIMETRICO;TORNILLERIA;Tornillería;tornilleria;alta;22800
T202655;TORN HEX MM 8,8 TROP R TOTAL 12-1,75 X 40;TORN HEX MM 8,8 DIN 931/933 TROP;MILIMETRICO;TORNILLERIA;Tornillería;tornilleria;alta;3700
T202656;TORN HEX MM 8,8 TROP R TOTAL 12-1,75 X 45;TORN HEX MM 8,8 DIN 931/933 TROP;MILIMETRICO;TORNILLERIA;Tornillería;tornilleria;alta;15000
T202657;TORN HEX MM 8,8 TROP R TOTAL 12-1,75 X 50;TORN HEX MM 8,8 DIN 931/933 TROP;MILIMETRICO;TORNILLERIA;Tornillería;tornilleria;alta;18400
T202659;TORN HEX MM 8,8 TROP R PARCIAL 12-1,75 X 60;TORN HEX MM 8,8 DIN 931/933 TROP;MILIMETRICO;TORNILLERIA;Tornillería;tornilleria;alta;17100
T202661;TORN HEX MM 8,8 TROP R PARCIAL 12-1,75 X 70;TORN HEX MM 8,8 DIN 931/933 TROP;MILIMETRICO;TORNILLERIA;Tornillería;tornilleria;alta;21800
T202663;TORN HEX MM 8,8 TROP R PARCIAL 12-1,75 X 80;TORN HEX MM 8,8 DIN 931/933 TROP;MILIMETRICO;TORNILLERIA;Tornillería;tornilleria;alta;900
T202665;TORN HEX MM 8,8 TROP R PARCIAL 12-1,75 X 90;TORN HEX MM 8,8 DIN 931/933 TROP;MILIMETRICO;TORNILLERIA;Tornillería;tornilleria;alta;18500
T202666;TORN HEX MM 8,8 TROP R PARCIAL 12-1,75 X 100;TORN HEX MM 8,8 DIN 931/933 TROP;MILIMETRICO;TORNILLERIA;Tornillería;tornilleria;alta;4300
T204640;TORN HEX MM 8,8 TROP R PARCIAL 10-1,25 X 80;TORN HEX MM 8,8 DIN 931/933 TROP;MILIMETRICO;TORNILLERIA;Tornillería;tornilleria;alta;16500
T204641;TORN HEX MM 8,8 TROP R PARCIAL 10-1,25 X 90;TORN HEX MM 8,8 DIN 931/933 TROP;MILIMETRICO;TORNILLERIA;Tornillería;tornilleria;alta;24400
T204656;TORN HEX MM 8,8 TROP R TOTAL 12-1,25 X 45;TORN HEX MM 8,8 DIN 931/933 TROP;MILIMETRICO;TORNILLERIA;Tornillería;tornilleria;alta;13400
T204631;TORN HEX MM 8,8 TROP R TOTAL 10-1,25 X 25;TORN HEX MM 8,8 DIN 960;MILIMETRICO;TORNILLERIA;Tornillería;tornilleria;alta;13000
T204633;TORN HEX MM 8,8 TROP R TOTAL 10-1,25 X 35;TORN HEX MM 8,8 DIN 960;MILIMETRICO;TORNILLERIA;Tornillería;tornilleria;alta;23800
T204634;TORN HEX MM 8,8 TROP R TOTAL 10-1,25 X 40;TORN HEX MM 8,8 DIN 960;MILIMETRICO;TORNILLERIA;Tornillería;tornilleria;alta;23600
T204635;TORN HEX MM 8,8 TROP R TOTAL 10-1,25 X 45;TORN HEX MM 8,8 DIN 960;MILIMETRICO;TORNILLERIA;Tornillería;tornilleria;alta;20300
T204636;TORN HEX MM 8,8 TROP R TOTAL 10-1,25 X 50;TORN HEX MM 8,8 DIN 960;MILIMETRICO;TORNILLERIA;Tornillería;tornilleria;alta;15300
T204638;TORN HEX MM 8,8 TROP R PARCIAL 10-1,25 X 60;TORN HEX MM 8,8 DIN 960;MILIMETRICO;TORNILLERIA;Tornillería;tornilleria;alta;6100
T204639;TORN HEX MM 8,8 TROP R PARCIAL 10-1,25 X 70;TORN HEX MM 8,8 DIN 960;MILIMETRICO;TORNILLERIA;Tornillería;tornilleria;alta;21600
T204642;TORN HEX MM 8,8 TROP R PARCIAL 10-1,25 X 100;TORN HEX MM 8,8 DIN 960;MILIMETRICO;TORNILLERIA;Tornillería;tornilleria;alta;19800
T204652;TORN HEX MM 8,8 TROP R TOTAL 12-1,25 X 25;TORN HEX MM 8,8 DIN 960;MILIMETRICO;TORNILLERIA;Tornillería;tornilleria;alta;10100
T204653;TORN HEX MM 8,8 TROP R TOTAL 12-1,25 X 30;TORN HEX MM 8,8 DIN 960;MILIMETRICO;TORNILLERIA;Tornillería;tornilleria;alta;19900
T204654;TORN HEX MM 8,8 TROP R TOTAL 12-1,25 X 35;TORN HEX MM 8,8 DIN 960;MILIMETRICO;TORNILLERIA;Tornillería;tornilleria;alta;10800
T204655;TORN HEX MM 8,8 TROP R TOTAL 12-1,25 X 40;TORN HEX MM 8,8 DIN 960;MILIMETRICO;TORNILLERIA;Tornillería;tornilleria;alta;4900
T204657;TORN HEX MM 8,8 TROP R TOTAL 12-1,25 X 50;TORN HEX MM 8,8 DIN 960;MILIMETRICO;TORNILLERIA;Tornillería;tornilleria;alta;12500
T204659;TORN HEX MM 8,8 TROP R PARCIAL 12-1,25 X 60;TORN HEX MM 8,8 DIN 960;MILIMETRICO;TORNILLERIA;Tornillería;tornilleria;alta;15400
T204661;TORN HEX MM 8,8 TROP R PARCIAL 12-1,25 X 70;TORN HEX MM 8,8 DIN 960;MILIMETRICO;TORNILLERIA;Tornillería;tornilleria;alta;11200
T204663;TORN HEX MM 8,8 TROP R PARCIAL 12-1,25 X 80;TORN HEX MM 8,8 DIN 960;MILIMETRICO;TORNILLERIA;Tornillería;tornilleria;alta;1900
T204665;TORN HEX MM 8,8 TROP R PARCIAL 12-1,25 X 90;TORN HEX MM 8,8 DIN 960;MILIMETRICO;TORNILLERIA;Tornillería;tornilleria;alta;8200
T204666;TORN HEX MM 8,8 TROP R PARCIAL 12-1,25 X 100;TORN HEX MM 8,8 DIN 960;MILIMETRICO;TORNILLERIA;Tornillería;tornilleria;alta;20000
T204674;TORN HEX MM 8,8 TROP R TOTAL 12-1,50 X 25;TORN HEX MM 8,8 DIN 960;MILIMETRICO;TORNILLERIA;Tornillería;tornilleria;alta;11600
T204675;TORN HEX MM 8,8 TROP R TOTAL 12-1,50 X 30;TORN HEX MM 8,8 DIN 960;MILIMETRICO;TORNILLERIA;Tornillería;tornilleria;alta;2700
T204676;TORN HEX MM 8,8 TROP R TOTAL 12-1,50 X 35;TORN HEX MM 8,8 DIN 960;MILIMETRICO;TORNILLERIA;Tornillería;tornilleria;alta;9200
T204677;TORN HEX MM 8,8 TROP R TOTAL 12-1,50 X 40;TORN HEX MM 8,8 DIN 960;MILIMETRICO;TORNILLERIA;Tornillería;tornilleria;alta;20200
T204678;TORN HEX MM 8,8 TROP R TOTAL 12-1,50 X 45;TORN HEX MM 8,8 DIN 960;MILIMETRICO;TORNILLERIA;Tornillería;tornilleria;alta;21000
T204679;TORN HEX MM 8,8 TROP R TOTAL 12-1,50 X 50;TORN HEX MM 8,8 DIN 960;MILIMETRICO;TORNILLERIA;Tornillería;tornilleria;alta;12700
T204680;TORN HEX MM 8,8 TROP R PARCIAL 12-1,50 X 60;TORN HEX MM 8,8 DIN 960;MILIMETRICO;TORNILLERIA;Tornillería;tornilleria;alta;1400
T204681;TORN HEX MM 8,8 TROP R PARCIAL 12-1,50 X 70;TORN HEX MM 8,8 DIN 960;MILIMETRICO;TORNILLERIA;Tornillería;tornilleria;alta;3000
T204698;TORN HEX MM 8,8 TROP 14-1,50 X 100;TORN HEX MM 8,8 DIN 960;MILIMETRICO;TORNILLERIA;Tornillería;tornilleria;alta;21100
T204843;TORN HEX MM 8,8 TROP R PARCIAL 12-1,50 X 80;TORN HEX MM 8,8 DIN 960;MILIMETRICO;TORNILLERIA;Tornillería;tornilleria;alta;7100
T204844;TORN HEX MM 8,8 TROP R PARCIAL 12-1,50 X 90;TORN HEX MM 8,8 DIN 960;MILIMETRICO;TORNILLERIA;Tornillería;tornilleria;alta;17200
T204845;TORN HEX MM 8,8 TROP R PARCIAL 12-1,50 X 100;TORN HEX MM 8,8 DIN 960;MILIMETRICO;TORNILLERIA;Tornillería;tornilleria;alta;13600
T205501;TORN CC PHILL MM JIS ZINC 3-0,5 X 6;TLLO CC PHILL MM JIS ZINC;MILIMETRICO;TORNILLERIA;Tornillería;tornilleria;alta;23400
T205502;TORN CC PHILL MM JIS ZINC 3-0,5 X 8;TLLO CC PHILL MM JIS ZINC;MILIMETRICO;TORNILLERIA;Tornillería;tornilleria;alta;14900
T205503;TORN CC PHILL MM JIS ZINC 3-0,5 X 10;TLLO CC PHILL MM JIS ZINC;MILIMETRICO;TORNILLERIA;Tornillería;tornilleria;alta;16400
T205504;TORN CC PHILL MM JIS ZINC 3-0,5 X 12;TLLO CC PHILL MM JIS ZINC;MILIMETRICO;TORNILLERIA;Tornillería;tornilleria;alta;23700
T205505;TORN CC PHILL MM JIS ZINC 3-0,5 X 15;TLLO CC PHILL MM JIS ZINC;MILIMETRICO;TORNILLERIA;Tornillería;tornilleria;alta;3600
T205507;TORN CC PHILL MM JIS ZINC 3-0,5 X 20;TLLO CC PHILL MM JIS ZINC;MILIMETRICO;TORNILLERIA;Tornillería;tornilleria;alta;3900
T205508;TORN CC PHILL MM JIS ZINC 3-0,5 X 25;TLLO CC PHILL MM JIS ZINC;MILIMETRICO;TORNILLERIA;Tornillería;tornilleria;alta;17500
T205509;TORN CC PHILL MM JIS ZINC 3-0,5 X 30;TLLO CC PHILL MM JIS ZINC;MILIMETRICO;TORNILLERIA;Tornillería;tornilleria;alta;2400
T205510;TORN CC PHILL MM JIS ZINC 3-0,5 X 35;TLLO CC PHILL MM JIS ZINC;MILIMETRICO;TORNILLERIA;Tornillería;tornilleria;alta;20200
T205511;TORN CC PHILL MM JIS ZINC 3-0,5 X 40;TLLO CC PHILL MM JIS ZINC;MILIMETRICO;TORNILLERIA;Tornillería;tornilleria;alta;4300
T205512;TORN CC PHILL MM JIS ZINC 3-0,5 X 45;TLLO CC PHILL MM JIS ZINC;MILIMETRICO;TORNILLERIA;Tornillería;tornilleria;alta;7400
T205513;TORN CC PHILL MM JIS ZINC 3-0,5 X 50;TLLO CC PHILL MM JIS ZINC;MILIMETRICO;TORNILLERIA;Tornillería;tornilleria;alta;7100
T205519;TORN CC PHILL MM JIS ZINC 4-0,7 X 8;TLLO CC PHILL MM JIS ZINC;MILIMETRICO;TORNILLERIA;Tornillería;tornilleria;alta;20600
T205520;TORN CC PHILL MM JIS ZINC 4-0,7 X 10;TLLO CC PHILL MM JIS ZINC;MILIMETRICO;TORNILLERIA;Tornillería;tornilleria;alta;11100
T205521;TORN CC PHILL MM JIS ZINC 4-0,7 X 12;TLLO CC PHILL MM JIS ZINC;MILIMETRICO;TORNILLERIA;Tornillería;tornilleria;alta;1900
T205523;TORN CC PHILL MM JIS ZINC 4-0,7 X 15;TLLO CC PHILL MM JIS ZINC;MILIMETRICO;TORNILLERIA;Tornillería;tornilleria;alta;12300
T205524;TORN CC PHILL MM JIS ZINC 4-0,7 X 16;TLLO CC PHILL MM JIS ZINC;MILIMETRICO;TORNILLERIA;Tornillería;tornilleria;alta;16700
T205525;TORN CC PHILL MM JIS ZINC 4-0,7 X 20;TLLO CC PHILL MM JIS ZINC;MILIMETRICO;TORNILLERIA;Tornillería;tornilleria;alta;19900
T205526;TORN CC PHILL MM JIS ZINC 4-0,7 X 25;TLLO CC PHILL MM JIS ZINC;MILIMETRICO;TORNILLERIA;Tornillería;tornilleria;alta;16100
T205527;TORN CC PHILL MM JIS ZINC 4-0,7 X 30;TLLO CC PHILL MM JIS ZINC;MILIMETRICO;TORNILLERIA;Tornillería;tornilleria;alta;21500
T205528;TORN CC PHILL MM JIS ZINC 4-0,7 X 35;TLLO CC PHILL MM JIS ZINC;MILIMETRICO;TORNILLERIA;Tornillería;tornilleria;alta;16700
T205529;TORN CC PHILL MM JIS ZINC 4-0,7 X 40;TLLO CC PHILL MM JIS ZINC;MILIMETRICO;TORNILLERIA;Tornillería;tornilleria;alta;19800
T205530;TORN CC PHILL MM JIS ZINC 4-0,7 X 45;TLLO CC PHILL MM JIS ZINC;MILIMETRICO;TORNILLERIA;Tornillería;tornilleria;alta;4000
T205531;TORN CC PHILL MM JIS ZINC 4-0,7 X 50;TLLO CC PHILL MM JIS ZINC;MILIMETRICO;TORNILLERIA;Tornillería;tornilleria;alta;13800
T205533;TORN CC PHILL MM JIS ZINC 4-0,7 X 60;TLLO CC PHILL MM JIS ZINC;MILIMETRICO;TORNILLERIA;Tornillería;tornilleria;alta;24200
T205540;TORN CC PHILL MM JIS ZINC 5-0,8 X 8;TLLO CC PHILL MM JIS ZINC;MILIMETRICO;TORNILLERIA;Tornillería;tornilleria;alta;22500
T205541;TORN CC PHILL MM JIS ZINC 5-0,8 X 10;TLLO CC PHILL MM JIS ZINC;MILIMETRICO;TORNILLERIA;Tornillería;tornilleria;alta;23000
T205542;TORN CC PHILL MM JIS ZINC 5-0,8 X 12;TLLO CC PHILL MM JIS ZINC;MILIMETRICO;TORNILLERIA;Tornillería;tornilleria;alta;21900
T205543;TORN CC PHILL MM JIS ZINC 5-0,8 X 15;TLLO CC PHILL MM JIS ZINC;MILIMETRICO;TORNILLERIA;Tornillería;tornilleria;alta;20000
T205545;TORN CC PHILL MM JIS ZINC 5-0,8 X 20;TLLO CC PHILL MM JIS ZINC;MILIMETRICO;TORNILLERIA;Tornillería;tornilleria;alta;21500
T205546;TORN CC PHILL MM JIS ZINC 5-0,8 X 25;TLLO CC PHILL MM JIS ZINC;MILIMETRICO;TORNILLERIA;Tornillería;tornilleria;alta;11800
T205547;TORN CC PHILL MM JIS ZINC 5-0,8 X 30;TLLO CC PHILL MM JIS ZINC;MILIMETRICO;TORNILLERIA;Tornillería;tornilleria;alta;5300
T205548;TORN CC PHILL MM JIS ZINC 5-0,8 X 35;TLLO CC PHILL MM JIS ZINC;MILIMETRICO;TORNILLERIA;Tornillería;tornilleria;alta;21300
T205549;TORN CC PHILL MM JIS ZINC 5-0,8 X 40;TLLO CC PHILL MM JIS ZINC;MILIMETRICO;TORNILLERIA;Tornillería;tornilleria;alta;19300
T205550;TORN CC PHILL MM JIS ZINC 5-0,8 X 45;TLLO CC PHILL MM JIS ZINC;MILIMETRICO;TORNILLERIA;Tornillería;tornilleria;alta;3000
T205551;TORN CC PHILL MM JIS ZINC 5-0,8 X 50;TLLO CC PHILL MM JIS ZINC;MILIMETRICO;TORNILLERIA;Tornillería;tornilleria;alta;5200
T205553;TORN CC PHILL MM JIS ZINC 5-0,8 X 60;TLLO CC PHILL MM JIS ZINC;MILIMETRICO;TORNILLERIA;Tornillería;tornilleria;alta;16700
T205561;TORN CC PHILL MM JIS ZINC 6-1,0 X 10;TLLO CC PHILL MM JIS ZINC;MILIMETRICO;TORNILLERIA;Tornillería;tornilleria;alta;15800
T205562;TORN CC PHILL MM JIS ZINC 6-1,0 X 12;TLLO CC PHILL MM JIS ZINC;MILIMETRICO;TORNILLERIA;Tornillería;tornilleria;alta;13500
T205563;TORN CC PHILL MM JIS ZINC 6-1,0 X 15;TLLO CC PHILL MM JIS ZINC;MILIMETRICO;TORNILLERIA;Tornillería;tornilleria;alta;4300
T205565;TORN CC PHILL MM JIS ZINC 6-1,0 X 20;TLLO CC PHILL MM JIS ZINC;MILIMETRICO;TORNILLERIA;Tornillería;tornilleria;alta;6400
T205566;TORN CC PHILL MM JIS ZINC 6-1,0 X 25;TLLO CC PHILL MM JIS ZINC;MILIMETRICO;TORNILLERIA;Tornillería;tornilleria;alta;14500
T205567;TORN CC PHILL MM JIS ZINC 6-1,0 X 30;TLLO CC PHILL MM JIS ZINC;MILIMETRICO;TORNILLERIA;Tornillería;tornilleria;alta;11700
T205568;TORN CC PHILL MM JIS ZINC 6-1,0 X 35;TLLO CC PHILL MM JIS ZINC;MILIMETRICO;TORNILLERIA;Tornillería;tornilleria;alta;13800
T205569;TORN CC PHILL MM JIS ZINC 6-1,0 X 40;TLLO CC PHILL MM JIS ZINC;MILIMETRICO;TORNILLERIA;Tornillería;tornilleria;alta;9300
T205570;TORN CC PHILL MM JIS ZINC 6-1,0 X 45;TLLO CC PHILL MM JIS ZINC;MILIMETRICO;TORNILLERIA;Tornillería;tornilleria;alta;19300
T205571;TORN CC PHILL MM JIS ZINC 6-1,0 X 50;TLLO CC PHILL MM JIS ZINC;MILIMETRICO;TORNILLERIA;Tornillería;tornilleria;alta;19900
T205573;TORN CC PHILL MM JIS ZINC 6-1,0 X 60;TLLO CC PHILL MM JIS ZINC;MILIMETRICO;TORNILLERIA;Tornillería;tornilleria;alta;8000
T205575;TORN CC PHILL MM JIS ZINC 6-1,0 X 70;TLLO CC PHILL MM JIS ZINC;MILIMETRICO;TORNILLERIA;Tornillería;tornilleria;alta;20600
T207564;TORNILLO HEX INOX 304 A2 MILIMETRICO 6 X 16;TORN HEX INOX 304 A2 MM;INOXIDABLE;TORNILLERIA;Tornillería;tornilleria;alta;24600
T207565;TORNILLO HEX INOX 304 A2 MILIMETRICO 6 X 20;TORN HEX INOX 304 A2 MM;INOXIDABLE;TORNILLERIA;Tornillería;tornilleria;alta;16100
T207566;TORNILLO HEX INOX 304 A2 MILIMETRICO 6 X 25;TORN HEX INOX 304 A2 MM;INOXIDABLE;TORNILLERIA;Tornillería;tornilleria;alta;5600
T207567;TORNILLO HEX INOX 304 A2 MILIMETRICO 6 X 30;TORN HEX INOX 304 A2 MM;INOXIDABLE;TORNILLERIA;Tornillería;tornilleria;alta;18200
T207568;TORNILLO HEX INOX 304 A2 MILIMETRICO 6 X 35;TORN HEX INOX 304 A2 MM;INOXIDABLE;TORNILLERIA;Tornillería;tornilleria;alta;10700
T207569;TORNILLO HEX INOX 304 A2 MILIMETRICO 6 X 40;TORN HEX INOX 304 A2 MM;INOXIDABLE;TORNILLERIA;Tornillería;tornilleria;alta;600
T207606;TORNILLO HEX INOX 304 A2 MILIMETRICO 8 X 16;TORN HEX INOX 304 A2 MM;INOXIDABLE;TORNILLERIA;Tornillería;tornilleria;alta;3800
T207607;TORNILLO HEX INOX 304 A2 MILIMETRICO 8 X 20;TORN HEX INOX 304 A2 MM;INOXIDABLE;TORNILLERIA;Tornillería;tornilleria;alta;12300
T207608;TORNILLO HEX INOX 304 A2 MILIMETRICO 8 X 25;TORN HEX INOX 304 A2 MM;INOXIDABLE;TORNILLERIA;Tornillería;tornilleria;alta;7900
T207609;TORNILLO HEX INOX 304 A2 MILIMETRICO 8 X 30;TORN HEX INOX 304 A2 MM;INOXIDABLE;TORNILLERIA;Tornillería;tornilleria;alta;3800
T207610;TORNILLO HEX INOX 304 A2 MILIMETRICO 8 X 35;TORN HEX INOX 304 A2 MM;INOXIDABLE;TORNILLERIA;Tornillería;tornilleria;alta;24600
T207611;TORNILLO HEX INOX 304 A2 MILIMETRICO 8 X 40;TORN HEX INOX 304 A2 MM;INOXIDABLE;TORNILLERIA;Tornillería;tornilleria;alta;21800
T207613;TORNILLO HEX INOX 304 A2 MILIMETRICO 8 X 50;TORN HEX INOX 304 A2 MM;INOXIDABLE;TORNILLERIA;Tornillería;tornilleria;alta;1800
T207630;TORNILLO HEX INOX 304 A2 MILIMETRICO 10 X 20;TORN HEX INOX 304 A2 MM;INOXIDABLE;TORNILLERIA;Tornillería;tornilleria;alta;15600
T207631;TORNILLO HEX INOX 304 A2 MILIMETRICO 10 X 25;TORN HEX INOX 304 A2 MM;INOXIDABLE;TORNILLERIA;Tornillería;tornilleria;alta;6200
T207632;TORNILLO HEX INOX 304 A2 MILIMETRICO 10 X 30;TORN HEX INOX 304 A2 MM;INOXIDABLE;TORNILLERIA;Tornillería;tornilleria;alta;13100
T207633;TORNILLO HEX INOX 304 A2 MILIMETRICO 10 X 35;TORN HEX INOX 304 A2 MM;INOXIDABLE;TORNILLERIA;Tornillería;tornilleria;alta;8800
T207634;TORNILLO HEX INOX 304 A2 MILIMETRICO 10 X 40;TORN HEX INOX 304 A2 MM;INOXIDABLE;TORNILLERIA;Tornillería;tornilleria;alta;24300
T207636;TORNILLO HEX INOX 304 A2 MILIMETRICO 10 X 50;TORN HEX INOX 304 A2 MM;INOXIDABLE;TORNILLERIA;Tornillería;tornilleria;alta;5700
T207638;TORNILLO HEX INOX 304 A2 MILIMETRICO 10 X 60;TORN HEX INOX 304 A2 MM;INOXIDABLE;TORNILLERIA;Tornillería;tornilleria;alta;8700
T207652;TORNILLO HEX INOX 304 A2 MILIMETRICO 12 X 25;TORN HEX INOX 304 A2 MM;INOXIDABLE;TORNILLERIA;Tornillería;tornilleria;alta;18700
T207653;TORNILLO HEX INOX 304 A2 MILIMETRICO 12 X 30;TORN HEX INOX 304 A2 MM;INOXIDABLE;TORNILLERIA;Tornillería;tornilleria;alta;9700
T207654;TORNILLO HEX INOX 304 A2 MILIMETRICO 12 X 35;TORN HEX INOX 304 A2 MM;INOXIDABLE;TORNILLERIA;Tornillería;tornilleria;alta;9000
T207655;TORNILLO HEX INOX 304 A2 MILIMETRICO 12 X 40;TORN HEX INOX 304 A2 MM;INOXIDABLE;TORNILLERIA;Tornillería;tornilleria;alta;10200
T207657;TORNILLO HEX INOX 304 A2 MILIMETRICO 12 X 50;TORN HEX INOX 304 A2 MM;INOXIDABLE;TORNILLERIA;Tornillería;tornilleria;alta;12600
T207659;TORNILLO HEX INOX 304 A2 MILIMETRICO 12 X 60;TORN HEX INOX 304 A2 MM;INOXIDABLE;TORNILLERIA;Tornillería;tornilleria;alta;1700
T302052;TORNILLO HEXG-2 ZINC UNC 3/16 X 1/2;TORNILLO HEX  G-2 ZINCADO UNC;VARIOS;TORNILLERIA;Tornillería;tornilleria;alta;13400
T302077;TORNILLO HEXG-2 ZINC UNC 1/4 X 1/2;TORNILLO HEX  G-2 ZINCADO UNC;GRADO 2;TORNILLERIA;Tornillería;tornilleria;alta;4000
T302079;TORNILLO HEXG-2 ZINC UNC 1/4 X 3/4;TORNILLO HEX  G-2 ZINCADO UNC;GRADO 2;TORNILLERIA;Tornillería;tornilleria;alta;18600
T302081;TORNILLO HEXG-2 ZINC UNC 1/4 X 1;TORNILLO HEX  G-2 ZINCADO UNC;GRADO 2;TORNILLERIA;Tornillería;tornilleria;alta;7300
T302082;TORNILLO HEXG-2 ZINC UNC 1/4 X 1 1/4;TORNILLO HEX  G-2 ZINCADO UNC;GRADO 2;TORNILLERIA;Tornillería;tornilleria;alta;15400
T302083;TORNILLO HEXG-2 ZINC UNC 1/4 X 1 1/2;TORNILLO HEX  G-2 ZINCADO UNC;GRADO 2;TORNILLERIA;Tornillería;tornilleria;alta;12500
T302085;TORNILLO HEXG-2 ZINC UNC 1/4 X 2;TORNILLO HEX  G-2 ZINCADO UNC;GRADO 2;TORNILLERIA;Tornillería;tornilleria;alta;17200
T302085RP;TORNILLO HEXG-2 ZINC UNC 1/4 X 2 ROSCA PARCIAL;TORNILLO HEX  G-2 ZINCADO UNC;GRADO 2;TORNILLERIA;Tornillería;tornilleria;alta;24000
T302087;TORNILLO HEXG-2 ZINC UNC 1/4 X 2 1/2;TORNILLO HEX  G-2 ZINCADO UNC;GRADO 2;TORNILLERIA;Tornillería;tornilleria;alta;13900
T302090;TORNILLO HEXG-2 ZINC UNC 1/4 X 3;TORNILLO HEX  G-2 ZINCADO UNC;GRADO 2;TORNILLERIA;Tornillería;tornilleria;alta;3600
T302090RP;TORNILLO HEXG-2 ZINC UNC 1/4 X 3 ROSCA PARCIAL;TORNILLO HEX  G-2 ZINCADO UNC;GRADO 2;TORNILLERIA;Tornillería;tornilleria;alta;17600
T302091;TORNILLO HEXG-2 ZINC UNC 1/4 X 3 1/2;TORNILLO HEX  G-2 ZINCADO UNC;GRADO 2;TORNILLERIA;Tornillería;tornilleria;alta;10600
T302091RP;TORNILLO HEXG-2 ZINC UNC 1/4 X 3 1/2 ROSCA PARCIAL;TORNILLO HEX  G-2 ZINCADO UNC;GRADO 2;TORNILLERIA;Tornillería;tornilleria;alta;11900
T302092;TORNILLO HEXG-2 ZINC UNC 1/4 X 4;TORNILLO HEX  G-2 ZINCADO UNC;GRADO 2;TORNILLERIA;Tornillería;tornilleria;alta;4400
T302093;TORNILLO HEXG-2 ZINC UNC 1/4 X 4 1/2;TORNILLO HEX  G-2 ZINCADO UNC;GRADO 2;TORNILLERIA;Tornillería;tornilleria;alta;7000
T302093RP;TORNILLO HEXG-2 ZINC UNC 1/4 X 4 1/2 ROSCA PARCIAL;TORNILLO HEX  G-2 ZINCADO UNC;GRADO 2;TORNILLERIA;Tornillería;tornilleria;alta;18000
T302094;TORNILLO HEXG-2 ZINC UNC 1/4 X 5;TORNILLO HEX  G-2 ZINCADO UNC;GRADO 2;TORNILLERIA;Tornillería;tornilleria;alta;1500
T302094RP;TORNILLO HEXG-2 ZINC UNC 1/4 X 5 ROSCA PARCIAL;TORNILLO HEX  G-2 ZINCADO UNC;GRADO 2;TORNILLERIA;Tornillería;tornilleria;alta;17600
T302095;TORNILLO HEXG-2 ZINC UNC 1/4 X 5 1/2;TORNILLO HEX  G-2 ZINCADO UNC;VARIOS;TORNILLERIA;Tornillería;tornilleria;alta;12800
T302095RP;TORNILLO HEXG-2 ZINC UNC 1/4 X 5 1/2 ROSCA PARCIAL;TORNILLO HEX  G-2 ZINCADO UNC;VARIOS;TORNILLERIA;Tornillería;tornilleria;alta;16000
T302097;TORNILLO HEXG-2 ZINC UNC 1/4 X 6;TORNILLO HEX  G-2 ZINCADO UNC;GRADO 2;TORNILLERIA;Tornillería;tornilleria;alta;17600
T302097RP;TORNILLO HEXG-2 ZINC UNC 1/4 X 6 ROSCA PARCIAL;TORNILLO HEX  G-2 ZINCADO UNC;GRADO 2;TORNILLERIA;Tornillería;tornilleria;alta;17100
T302099RP;TORNILLO HEXG-2 ZINC UNC 1/4 X 7 ROSCA PARCIAL;TORNILLO HEX  G-2 ZINCADO UNC;GRADO 2;TORNILLERIA;Tornillería;tornilleria;alta;5500
T302101RP;TORNILLO HEXG-2 ZINC UNC 1/4 X 8 ROSCA PARCIAL;TORNILLO HEX  G-2 ZINCADO UNC;GRADO 2;TORNILLERIA;Tornillería;tornilleria;alta;20500
T302106;TORNILLO HEXG-2 ZINC UNC 5/16 X 1/2;TORNILLO HEX  G-2 ZINCADO UNC;GRADO 2;TORNILLERIA;Tornillería;tornilleria;alta;7500
T302108;TORNILLO HEXG-2 ZINC UNC 5/16 X 3/4;TORNILLO HEX  G-2 ZINCADO UNC;GRADO 2;TORNILLERIA;Tornillería;tornilleria;alta;16100
T302110;TORNILLO HEXG-2 ZINC UNC 5/16 X 1;TORNILLO HEX  G-2 ZINCADO UNC;GRADO 2;TORNILLERIA;Tornillería;tornilleria;alta;1900
T302111;TORNILLO HEXG-2 ZINC UNC 5/16 X 1 1/4;TORNILLO HEX  G-2 ZINCADO UNC;GRADO 2;TORNILLERIA;Tornillería;tornilleria;alta;21200
T302112;TORNILLO HEXG-2 ZINC UNC 5/16 X 1 1/2;TORNILLO HEX  G-2 ZINCADO UNC;GRADO 2;TORNILLERIA;Tornillería;tornilleria;alta;5300
T302114;TORNILLO HEXG-2 ZINC UNC 5/16 X 2;TORNILLO HEX  G-2 ZINCADO UNC;GRADO 2;TORNILLERIA;Tornillería;tornilleria;alta;17300
T302116;TORNILLO HEXG-2 ZINC UNC 5/16 X 2 1/2;TORNILLO HEX  G-2 ZINCADO UNC;GRADO 2;TORNILLERIA;Tornillería;tornilleria;alta;1300
T302116RP;TORNILLO HEXG-2 ZINC UNC 5/16 X 2 1/2 ROSCA PARCIAL;TORNILLO HEX  G-2 ZINCADO UNC;GRADO 2;TORNILLERIA;Tornillería;tornilleria;alta;10700
T302118;TORNILLO HEXG-2 ZINC UNC 5/16 X 3;TORNILLO HEX  G-2 ZINCADO UNC;GRADO 2;TORNILLERIA;Tornillería;tornilleria;alta;7800
T302119;TORNILLO HEXG-2 ZINC UNC 5/16 X 3 1/2;TORNILLO HEX  G-2 ZINCADO UNC;GRADO 2;TORNILLERIA;Tornillería;tornilleria;alta;7400
T302120;TORNILLO HEXG-2 ZINC UNC 5/16 X 4;TORNILLO HEX  G-2 ZINCADO UNC;GRADO 2;TORNILLERIA;Tornillería;tornilleria;alta;8600
T302120RP;TORNILLO HEXG-2 ZINC UNC 5/16 X 4 ROSCA PARCIAL;TORNILLO HEX  G-2 ZINCADO UNC;GRADO 2;TORNILLERIA;Tornillería;tornilleria;alta;5600
T302121;TORNILLO HEXG-2 ZINC UNC 5/16 X 4 1/2;TORNILLO HEX  G-2 ZINCADO UNC;GRADO 2;TORNILLERIA;Tornillería;tornilleria;alta;13600
T302121RP;TORNILLO HEXG-2 ZINC UNC 5/16 X 4 1/2 ROSCA PARCIAL;TORNILLO HEX  G-2 ZINCADO UNC;GRADO 2;TORNILLERIA;Tornillería;tornilleria;alta;11600
T302122;TORNILLO HEXG-2 ZINC UNC 5/16 X 5;TORNILLO HEX  G-2 ZINCADO UNC;GRADO 2;TORNILLERIA;Tornillería;tornilleria;alta;10000
T302122RP;TORNILLO HEXG-2 ZINC UNC 5/16 X 5 ROSCA PARCIAL;TORNILLO HEX  G-2 ZINCADO UNC;GRADO 2;TORNILLERIA;Tornillería;tornilleria;alta;21200
T302123;TORNILLO HEXG-2 ZINC UNC 5/16 X 5 1/2;TORNILLO HEX  G-2 ZINCADO UNC;VARIOS;TORNILLERIA;Tornillería;tornilleria;alta;6000
T302123RP;TORNILLO HEXG-2 ZINC UNC 5/16 X 5 1/2 ROSCA PARCIAL;TORNILLO HEX  G-2 ZINCADO UNC;VARIOS;TORNILLERIA;Tornillería;tornilleria;alta;13700
T302124;TORNILLO HEXG-2 ZINC UNC 5/16 X 6;TORNILLO HEX  G-2 ZINCADO UNC;GRADO 2;TORNILLERIA;Tornillería;tornilleria;alta;4900
T302124RP;TORNILLO HEXG-2 ZINC UNC 5/16 X 6 ROSCA PARCIAL;TORNILLO HEX  G-2 ZINCADO UNC;VARIOS;TORNILLERIA;Tornillería;tornilleria;alta;22800
T302125;TORNILLO HEXG-1 ZINC UNC 5/16 X 7;TORNILLO HEX  G-2 ZINCADO UNC;GRADO 2;TORNILLERIA;Tornillería;tornilleria;alta;9400
T302126;TORNILLO HEXG-1 ZINC UNC 5/16 X 8;TORNILLO HEX  G-2 ZINCADO UNC;GRADO 2;TORNILLERIA;Tornillería;tornilleria;alta;12800
T302136;TORNILLO HEXG-2 ZINC UNC 3/8 X 3/4;TORNILLO HEX  G-2 ZINCADO UNC;GRADO 2;TORNILLERIA;Tornillería;tornilleria;alta;4200
T302138;TORNILLO HEXG-2 ZINC UNC 3/8 X 1;TORNILLO HEX  G-2 ZINCADO UNC;GRADO 2;TORNILLERIA;Tornillería;tornilleria;alta;22900
T302139;TORNILLO HEXG-2 ZINC UNC 3/8 X 1 1/4;TORNILLO HEX  G-2 ZINCADO UNC;GRADO 2;TORNILLERIA;Tornillería;tornilleria;alta;17900
T302140;TORNILLO HEXG-2 ZINC UNC 3/8 X 1 1/2;TORNILLO HEX  G-2 ZINCADO UNC;GRADO 2;TORNILLERIA;Tornillería;tornilleria;alta;13900
T302142;TORNILLO HEXG-2 ZINC UNC 3/8 X 2;TORNILLO HEX  G-2 ZINCADO UNC;GRADO 2;TORNILLERIA;Tornillería;tornilleria;alta;19900
T302144;TORNILLO HEXG-2 ZINC UNC 3/8 X 2 1/2;TORNILLO HEX  G-2 ZINCADO UNC;GRADO 2;TORNILLERIA;Tornillería;tornilleria;alta;24100
T302146;TORNILLO HEXG-2 ZINC UNC 3/8 X 3;TORNILLO HEX  G-2 ZINCADO UNC;GRADO 2;TORNILLERIA;Tornillería;tornilleria;alta;20500
T302146RP;TORNILLO HEXG-2 ZINC UNC 3/8 X 3 ROSCA PARCIAL;TORNILLO HEX  G-2 ZINCADO UNC;GRADO 2;TORNILLERIA;Tornillería;tornilleria;alta;11800
T302147;TORNILLO HEXG-2 ZINC UNC 3/8 X 3 1/2;TORNILLO HEX  G-2 ZINCADO UNC;GRADO 2;TORNILLERIA;Tornillería;tornilleria;alta;23200
T302148;TORNILLO HEXG-2 ZINC UNC 3/8 X 4;TORNILLO HEX  G-2 ZINCADO UNC;GRADO 2;TORNILLERIA;Tornillería;tornilleria;alta;17700
T302148RP;TORNILLO HEXG-2 ZINC UNC 3/8 X 4 ROSCA PARCIAL;TORNILLO HEX  G-2 ZINCADO UNC;GRADO 2;TORNILLERIA;Tornillería;tornilleria;alta;10400
T302149;TORNILLO HEXG-2 ZINC UNC 3/8 X 4 1/2;TORNILLO HEX  G-2 ZINCADO UNC;GRADO 2;TORNILLERIA;Tornillería;tornilleria;alta;8400
T302150;TORNILLO HEXG-2 ZINC UNC 3/8 X 5;TORNILLO HEX  G-2 ZINCADO UNC;GRADO 2;TORNILLERIA;Tornillería;tornilleria;alta;20900
T302151;TORNILLO HEXG-2 ZINC UNC 3/8 X 5 1/2;TORNILLO HEX  G-2 ZINCADO UNC;GRADO 2;TORNILLERIA;Tornillería;tornilleria;alta;7500
T302151RP;TORNILLO HEXG-2 ZINC UNC 3/8 X 5 1/2 ROSCA PARCIAL;TORNILLO HEX  G-2 ZINCADO UNC;GRADO 2;TORNILLERIA;Tornillería;tornilleria;alta;20000
T302152;TORNILLO HEXG-2 ZINC UNC 3/8 X 6;TORNILLO HEX  G-2 ZINCADO UNC;GRADO 2;TORNILLERIA;Tornillería;tornilleria;alta;6600
T302152RP;TORNILLO HEXG-2 ZINC UNC 3/8 X 6 ROSCA PARCIAL;TORNILLO HEX  G-2 ZINCADO UNC;GRADO 2;TORNILLERIA;Tornillería;tornilleria;alta;22900
T302154;TORNILLO HEXG-1 ZINC UNC 3/8 X 7;TORNILLO HEX  G-2 ZINCADO UNC;GRADO 2;TORNILLERIA;Tornillería;tornilleria;alta;15800
T302155;TORNILLO HEXG-1 ZINC UNC 3/8 X 8;TORNILLO HEX  G-2 ZINCADO UNC;GRADO 2;TORNILLERIA;Tornillería;tornilleria;alta;13300
T302156;TORNILLO HEXG-1 ZINC UNC 3/8 X 9;TORNILLO HEX  G-2 ZINCADO UNC;GRADO 2;TORNILLERIA;Tornillería;tornilleria;alta;18200
T302157;TORNILLO HEXG-1 ZINC UNC 3/8 X 10;TORNILLO HEX  G-2 ZINCADO UNC;GRADO 2;TORNILLERIA;Tornillería;tornilleria;alta;10100
T302158;TORNILLO HEXG-1 ZINC UNC 3/8 X 11;TORNILLO HEX  G-2 ZINCADO UNC;VARIOS;TORNILLERIA;Tornillería;tornilleria;alta;22100
T302159;TORNILLO HEXG-1 ZINC UNC 3/8 X 12;TORNILLO HEX  G-2 ZINCADO UNC;VARIOS;TORNILLERIA;Tornillería;tornilleria;alta;5000
T302160;TORNILLO HEXG-1 ZINC UNC 3/8 X 14;TORNILLO HEX  G-2 ZINCADO UNC;VARIOS;TORNILLERIA;Tornillería;tornilleria;alta;24200
T302169;TORNILLO HEXG-2 ZINC UNC 7/16 X 1;TORNILLO HEX  G-2 ZINCADO UNC;GRADO 2;TORNILLERIA;Tornillería;tornilleria;alta;17600
T302170;TORNILLO HEXG-2 ZINC UNC 7/16 X 1 1/4;TORNILLO HEX  G-2 ZINCADO UNC;GRADO 2;TORNILLERIA;Tornillería;tornilleria;alta;13500
T302171;TORNILLO HEXG-2 ZINC UNC 7/16 X 1 1/2;TORNILLO HEX  G-2 ZINCADO UNC;GRADO 2;TORNILLERIA;Tornillería;tornilleria;alta;15300
T302173;TORNILLO HEXG-2 ZINC UNC 7/16 X 2;TORNILLO HEX  G-2 ZINCADO UNC;GRADO 2;TORNILLERIA;Tornillería;tornilleria;alta;14900
T302175;TORNILLO HEXG-2 ZINC UNC 7/16 X 2 1/2;TORNILLO HEX  G-2 ZINCADO UNC;GRADO 2;TORNILLERIA;Tornillería;tornilleria;alta;900
T302176;TORNILLO HEXG-2 ZINC UNC 7/16 X 3;TORNILLO HEX  G-2 ZINCADO UNC;GRADO 2;TORNILLERIA;Tornillería;tornilleria;alta;11600
T302177;TORNILLO HEXG-2 ZINC UNC 7/16 X 3 1/2;TORNILLO HEX  G-2 ZINCADO UNC;GRADO 2;TORNILLERIA;Tornillería;tornilleria;alta;10600
T302178;TORNILLO HEXG-2 ZINC UNC 7/16 X 4;TORNILLO HEX  G-2 ZINCADO UNC;GRADO 2;TORNILLERIA;Tornillería;tornilleria;alta;2900
T302178RP;TORNILLO HEXG-2 ZINC UNC 7/16 X 4 ROSCA PARCIAL;TORNILLO HEX  G-2 ZINCADO UNC;GRADO 2;TORNILLERIA;Tornillería;tornilleria;alta;24900
T302179;TORNILLO HEXG-2 ZINC UNC 7/16 X 4 1/2;TORNILLO HEX  G-2 ZINCADO UNC;GRADO 2;TORNILLERIA;Tornillería;tornilleria;alta;700
T302179RP;TORNILLO HEXG-2 ZINC UNC 7/16 X 4 1/2 ROSCA PARCIAL;TORNILLO HEX  G-2 ZINCADO UNC;GRADO 2;TORNILLERIA;Tornillería;tornilleria;alta;2200
T302180;TORNILLO HEXG-2 ZINC UNC 7/16 X 5;TORNILLO HEX  G-2 ZINCADO UNC;GRADO 2;TORNILLERIA;Tornillería;tornilleria;alta;21500
T302180RP;TORNILLO HEXG-2 ZINC UNC 7/16 X 5 ROSCA PARCIAL;TORNILLO HEX  G-2 ZINCADO UNC;GRADO 2;TORNILLERIA;Tornillería;tornilleria;alta;2900
T302182RP;TORNILLO HEXG-2 ZINC UNC 7/16 X 6 ROSCA PARCIAL;TORNILLO HEX  G-2 ZINCADO UNC;GRADO 2;TORNILLERIA;Tornillería;tornilleria;alta;2100
T302184RP;TORNILLO HEXG-2 ZINC UNC 7/16 X 7 ROSCA PARCIAL;TORNILLO HEX  G-2 ZINCADO UNC;GRADO 2;TORNILLERIA;Tornillería;tornilleria;alta;19900
T302186RP;TORNILLO HEXG-2 ZINC UNC 7/16 X 8 ROSCA PARCIAL;TORNILLO HEX  G-2 ZINCADO UNC;GRADO 2;TORNILLERIA;Tornillería;tornilleria;alta;5600
T302196;TORNILLO HEXG-2 ZINC UNC 1/2 X 3/4;TORNILLO HEX  G-2 ZINCADO UNC;GRADO 2;TORNILLERIA;Tornillería;tornilleria;alta;9100
T302198;TORNILLO HEXG-2 ZINC UNC 1/2 X 1;TORNILLO HEX  G-2 ZINCADO UNC;GRADO 2;TORNILLERIA;Tornillería;tornilleria;alta;9500
T302199;TORNILLO HEXG-2 ZINC UNC 1/2 X 1 1/4;TORNILLO HEX  G-2 ZINCADO UNC;GRADO 2;TORNILLERIA;Tornillería;tornilleria;alta;24000
T302200;TORNILLO HEXG-2 ZINC UNC 1/2 X 1 1/2;TORNILLO HEX  G-2 ZINCADO UNC;GRADO 2;TORNILLERIA;Tornillería;tornilleria;alta;6800
T302202;TORNILLO HEXG-2 ZINC UNC 1/2 X 2;TORNILLO HEX  G-2 ZINCADO UNC;GRADO 2;TORNILLERIA;Tornillería;tornilleria;alta;10200
T302204;TORNILLO HEXG-2 ZINC UNC 1/2 X 2 1/2;TORNILLO HEX  G-2 ZINCADO UNC;GRADO 2;TORNILLERIA;Tornillería;tornilleria;alta;21400
T302206;TORNILLO HEXG-2 ZINC UNC 1/2 X 3;TORNILLO HEX  G-2 ZINCADO UNC;GRADO 2;TORNILLERIA;Tornillería;tornilleria;alta;20000
T302207;TORNILLO HEXG-2 ZINC UNC 1/2 X 3 1/2;TORNILLO HEX  G-2 ZINCADO UNC;GRADO 2;TORNILLERIA;Tornillería;tornilleria;alta;9900
T302208;TORNILLO HEXG-2 ZINC UNC 1/2 X 4;TORNILLO HEX  G-2 ZINCADO UNC;GRADO 2;TORNILLERIA;Tornillería;tornilleria;alta;1100
T302209;TORNILLO HEXG-2 ZINC UNC 1/2 X 4 1/2;TORNILLO HEX  G-2 ZINCADO UNC;GRADO 2;TORNILLERIA;Tornillería;tornilleria;alta;19900
T302210;TORNILLO HEXG-2 ZINC UNC 1/2 X 5;TORNILLO HEX  G-2 ZINCADO UNC;GRADO 2;TORNILLERIA;Tornillería;tornilleria;alta;23900
T302210RP;TORNILLO HEXG-2 ZINC UNC 1/2 X 5 ROSCA PARCIAL;TORNILLO HEX  G-2 ZINCADO UNC;GRADO 2;TORNILLERIA;Tornillería;tornilleria;alta;2200
T302211;TORNILLO HEXG-2 ZINC UNC 1/2 X 5 1/2;TORNILLO HEX  G-2 ZINCADO UNC;VARIOS;TORNILLERIA;Tornillería;tornilleria;alta;18500
T302212;TORNILLO HEXG-2 ZINC UNC 1/2 X 6;TORNILLO HEX  G-2 ZINCADO UNC;GRADO 2;TORNILLERIA;Tornillería;tornilleria;alta;8400
T302212RP;TORNILLO HEXG-2 ZINC UNC 1/2 X 6 ROSCA PARCIAL;TORNILLO HEX  G-2 ZINCADO UNC;GRADO 2;TORNILLERIA;Tornillería;tornilleria;alta;21500
T302214;TORNILLO HEXG-1 ZINC UNC 1/2 X 7;TORNILLO HEX  G-2 ZINCADO UNC;GRADO 2;TORNILLERIA;Tornillería;tornilleria;alta;5600
T302216;TORNILLO HEXG-1 ZINC UNC 1/2 X 8;TORNILLO HEX  G-2 ZINCADO UNC;GRADO 2;TORNILLERIA;Tornillería;tornilleria;alta;20000
T302218;TORNILLO HEXG-1 ZINC UNC 1/2 X 9;TORNILLO HEX  G-2 ZINCADO UNC;GRADO 2;TORNILLERIA;Tornillería;tornilleria;alta;18100
T302219;TORNILLO HEXG-1 ZINC UNC 1/2 X 10;TORNILLO HEX  G-2 ZINCADO UNC;GRADO 2;TORNILLERIA;Tornillería;tornilleria;alta;22000
T302220;TORNILLO HEXG-1 ZINC UNC 1/2 X 11;TORNILLO HEX  G-2 ZINCADO UNC;VARIOS;TORNILLERIA;Tornillería;tornilleria;alta;3100
T302221;TORNILLO HEXG-1 ZINC UNC 1/2 X 12;TORNILLO HEX  G-2 ZINCADO UNC;VARIOS;TORNILLERIA;Tornillería;tornilleria;alta;13200
T302222;TORNILLO HEXG-1 ZINC UNC 1/2 X 14;TORNILLO HEX  G-2 ZINCADO UNC;VARIOS;TORNILLERIA;Tornillería;tornilleria;alta;10900
T302223;TORNILLO HEXG-1 ZINC UNC 1/2 X 16;TORNILLO HEX  G-2 ZINCADO UNC;VARIOS;TORNILLERIA;Tornillería;tornilleria;alta;5300
T302224;TORNILLO HEXG-1 ZINC UNC 1/2 X 18;TORNILLO HEX  G-2 ZINCADO UNC;VARIOS;TORNILLERIA;Tornillería;tornilleria;alta;9100
T302225;TORNILLO HEXG-1 ZINC UNC 1/2 X 20;TORNILLO HEX  G-2 ZINCADO UNC;VARIOS;TORNILLERIA;Tornillería;tornilleria;alta;1500
T302232;TORNILLO HEXG-2 ZINC UNC 9/16 X 1 1/2;TORNILLO HEX  G-2 ZINCADO UNC;VARIOS;TORNILLERIA;Tornillería;tornilleria;alta;7800
T302233;TORNILLO HEXG-2 ZINC UNC 9/16 X 2;TORNILLO HEX  G-2 ZINCADO UNC;VARIOS;TORNILLERIA;Tornillería;tornilleria;alta;14800
T302234;TORNILLO HEXG-2 ZINC UNC 9/16 X 2 1/2;TORNILLO HEX  G-2 ZINCADO UNC;VARIOS;TORNILLERIA;Tornillería;tornilleria;alta;9600
T302235;TORNILLO HEXG-2 ZINC UNC 9/16 X 3;TORNILLO HEX  G-2 ZINCADO UNC;VARIOS;TORNILLERIA;Tornillería;tornilleria;alta;9600
T302255;TORNILLO HEXG-2 ZINC UNC 5/8 X 1;TORNILLO HEX  G-2 ZINCADO UNC;VARIOS;TORNILLERIA;Tornillería;tornilleria;alta;10300
T302256;TORNILLO HEXG-2 ZINC UNC 5/8 X 1 1/4;TORNILLO HEX  G-2 ZINCADO UNC;VARIOS;TORNILLERIA;Tornillería;tornilleria;alta;16900
T302257;TORNILLO HEXG-2 ZINC UNC 5/8 X 1 1/2;TORNILLO HEX  G-2 ZINCADO UNC;GRADO 2;TORNILLERIA;Tornillería;tornilleria;alta;16100
T302259;TORNILLO HEXG-2 ZINC UNC 5/8 X 2;TORNILLO HEX  G-2 ZINCADO UNC;GRADO 2;TORNILLERIA;Tornillería;tornilleria;alta;24700
T302261;TORNILLO HEXG-2 ZINC UNC 5/8 X 2 1/2;TORNILLO HEX  G-2 ZINCADO UNC;GRADO 2;TORNILLERIA;Tornillería;tornilleria;alta;1400
T302263;TORNILLO HEXG-2 ZINC UNC 5/8 X 3;TORNILLO HEX  G-2 ZINCADO UNC;GRADO 2;TORNILLERIA;Tornillería;tornilleria;alta;20300
T302265;TORNILLO HEXG-2 ZINC UNC 5/8 X 3 1/2;TORNILLO HEX  G-2 ZINCADO UNC;GRADO 2;TORNILLERIA;Tornillería;tornilleria;alta;15500
T302267;TORNILLO HEXG-2 ZINC UNC 5/8 X 4;TORNILLO HEX  G-2 ZINCADO UNC;GRADO 2;TORNILLERIA;Tornillería;tornilleria;alta;5400
T302269;TORNILLO HEXG-2 ZINC UNC 5/8 X 4 1/2;TORNILLO HEX  G-2 ZINCADO UNC;GRADO 2;TORNILLERIA;Tornillería;tornilleria;alta;15300
T302270;TORNILLO HEXG-2 ZINC UNC 5/8 X 5;TORNILLO HEX  G-2 ZINCADO UNC;GRADO 2;TORNILLERIA;Tornillería;tornilleria;alta;11700
T302271;TORNILLO HEXG-2 ZINC UNC 5/8 X 5 1/2;TORNILLO HEX  G-2 ZINCADO UNC;VARIOS;TORNILLERIA;Tornillería;tornilleria;alta;9300
T302272;TORNILLO HEXG-2 ZINC UNC 5/8 X 6;TORNILLO HEX  G-2 ZINCADO UNC;VARIOS;TORNILLERIA;Tornillería;tornilleria;alta;5000
T302274;TORNILLO HEXG-2 ZINC UNC 5/8 X 7;TORNILLO HEX  G-2 ZINCADO UNC;VARIOS;TORNILLERIA;Tornillería;tornilleria;alta;16400
T302276;TORNILLO HEXG-2 ZINC UNC 5/8 X 8;TORNILLO HEX  G-2 ZINCADO UNC;VARIOS;TORNILLERIA;Tornillería;tornilleria;alta;14400
T302277;TORNILLO HEXG-2 ZINC UNC 5/8 X 9;TORNILLO HEX  G-2 ZINCADO UNC;VARIOS;TORNILLERIA;Tornillería;tornilleria;alta;17900
T302278;TORNILLO HEXG-2 ZINC UNC 5/8 X 10;TORNILLO HEX  G-2 ZINCADO UNC;VARIOS;TORNILLERIA;Tornillería;tornilleria;alta;4500
T302279;TORNILLO HEXG-2 ZINC UNC 5/8 X 11;TORNILLO HEX  G-2 ZINCADO UNC;VARIOS;TORNILLERIA;Tornillería;tornilleria;alta;19200
T302280;TORNILLO HEXG-2 ZINC UNC 5/8 X 12;TORNILLO HEX  G-2 ZINCADO UNC;VARIOS;TORNILLERIA;Tornillería;tornilleria;alta;16400
T302281;TORNILLO HEXG-1 ZINC UNC 5/8 X 14;TORNILLO HEX  G-2 ZINCADO UNC;VARIOS;TORNILLERIA;Tornillería;tornilleria;alta;6200
T302282;TORNILLO HEXG-1 ZINC UNC 5/8 X 16;TORNILLO HEX  G-2 ZINCADO UNC;VARIOS;TORNILLERIA;Tornillería;tornilleria;alta;13800
T302283;TORNILLO HEXG-1 ZINC UNC 5/8 X 18;TORNILLO HEX  G-2 ZINCADO UNC;VARIOS;TORNILLERIA;Tornillería;tornilleria;alta;15400
T302284;TORNILLO HEXG-1 ZINC UNC 5/8 X 20;TORNILLO HEX  G-2 ZINCADO UNC;VARIOS;TORNILLERIA;Tornillería;tornilleria;alta;7900
T302295;TORNILLO HEXG-2 ZINC UNC 3/4 X 1 1/2;TORNILLO HEX  G-2 ZINCADO UNC;VARIOS;TORNILLERIA;Tornillería;tornilleria;alta;18500
T302297;TORNILLO HEXG-2 ZINC UNC 3/4 X 2;TORNILLO HEX  G-2 ZINCADO UNC;GRADO 2;TORNILLERIA;Tornillería;tornilleria;alta;18600
T302299;TORNILLO HEXG-2 ZINC UNC 3/4 X 2 1/2;TORNILLO HEX  G-2 ZINCADO UNC;GRADO 2;TORNILLERIA;Tornillería;tornilleria;alta;13600
T302301;TORNILLO HEXG-2 ZINC UNC 3/4 X 3;TORNILLO HEX  G-2 ZINCADO UNC;GRADO 2;TORNILLERIA;Tornillería;tornilleria;alta;23200
T302303;TORNILLO HEXG-2 ZINC UNC 3/4 X 3 1/2;TORNILLO HEX  G-2 ZINCADO UNC;VARIOS;TORNILLERIA;Tornillería;tornilleria;alta;13200
T302305;TORNILLO HEXG-2 ZINC UNC 3/4 X 4;TORNILLO HEX  G-2 ZINCADO UNC;VARIOS;TORNILLERIA;Tornillería;tornilleria;alta;17400
T302306;TORNILLO HEXG-2 ZINC UNC 3/4 X 4 1/2;TORNILLO HEX  G-2 ZINCADO UNC;VARIOS;TORNILLERIA;Tornillería;tornilleria;alta;12900
T302307;TORNILLO HEXG-2 ZINC UNC 3/4 X 5;TORNILLO HEX  G-2 ZINCADO UNC;VARIOS;TORNILLERIA;Tornillería;tornilleria;alta;8900
T302308;TORNILLO HEXG-2 ZINC UNC 3/4 X 5 1/2;TORNILLO HEX  G-2 ZINCADO UNC;VARIOS;TORNILLERIA;Tornillería;tornilleria;alta;22500
T302309;TORNILLO HEXG-2 ZINC UNC 3/4 X 6;TORNILLO HEX  G-2 ZINCADO UNC;VARIOS;TORNILLERIA;Tornillería;tornilleria;alta;3200
T302311;TORNILLO HEXG-2 ZINC UNC 3/4 X 7;TORNILLO HEX  G-2 ZINCADO UNC;VARIOS;TORNILLERIA;Tornillería;tornilleria;alta;7700
T302313;TORNILLO HEXG-2 ZINC UNC 3/4 X 8;TORNILLO HEX  G-2 ZINCADO UNC;VARIOS;TORNILLERIA;Tornillería;tornilleria;alta;12700
T302315;TORNILLO HEXG-2 ZINC UNC 3/4 X 9;TORNILLO HEX  G-2 ZINCADO UNC;VARIOS;TORNILLERIA;Tornillería;tornilleria;alta;20500
T302317;TORNILLO HEXG-2 ZINC UNC 3/4 X 10;TORNILLO HEX  G-2 ZINCADO UNC;VARIOS;TORNILLERIA;Tornillería;tornilleria;alta;2800
T302318;TORNILLO HEXG-2 ZINC UNC 3/4 X 11;TORNILLO HEX  G-2 ZINCADO UNC;VARIOS;TORNILLERIA;Tornillería;tornilleria;alta;10200
T302319;TORNILLO HEXG-2 ZINC UNC 3/4 X 12;TORNILLO HEX  G-2 ZINCADO UNC;VARIOS;TORNILLERIA;Tornillería;tornilleria;alta;23800
T302320;TORNILLO HEXG-1 ZINC UNC 3/4 X 14;TORNILLO HEX  G-2 ZINCADO UNC;VARIOS;TORNILLERIA;Tornillería;tornilleria;alta;4100
T302321;TORNILLO HEXG-1 ZINC UNC 3/4 X 16;TORNILLO HEX  G-2 ZINCADO UNC;VARIOS;TORNILLERIA;Tornillería;tornilleria;alta;5600
T302322;TORNILLO HEXG-1 ZINC UNC 3/4 X 18;TORNILLO HEX  G-2 ZINCADO UNC;VARIOS;TORNILLERIA;Tornillería;tornilleria;alta;5400
T302323;TORNILLO HEXG-1 ZINC UNC 3/4 X 20;TORNILLO HEX  G-2 ZINCADO UNC;VARIOS;TORNILLERIA;Tornillería;tornilleria;alta;18400
T304140;TORNILLO HEXG-2 NEGRO UNC 3/8 X 1 1/2;TLLO HEX. G-2 NEGRO UNC;VARIOS;OTRA TORNILLERIA;Tornillería;tornilleria;alta;24900
T544210;TUERCA HEXAGONAL INOX 304 A2 DIN 934 M6-1,0;TLLO HEX. G-2 NEGRO UNC;INOXIDABLE;TORNILLERIA;Tornillería;tornilleria;alta;9500
T544219;TUERCA HEXAGONAL INOX 304 A2 DIN 934 M8-1,25;TLLO HEX. G-2 NEGRO UNC;INOXIDABLE;TORNILLERIA;Tornillería;tornilleria;alta;5900
T307077;TORN HEXAGONAL GRADO 5 UNC 1/4 X 1/2;TORNILLO HEXAGONAL GRADO 5 UNC;GRADO 5;TORNILLERIA;Tornillería;tornilleria;alta;14900
T307079;TORN HEXAGONAL GRADO 5 UNC 1/4 X 3/4;TORNILLO HEXAGONAL GRADO 5 UNC;GRADO 5;TORNILLERIA;Tornillería;tornilleria;alta;13700
T307081;TORN HEXAGONAL GRADO 5 UNC 1/4 X 1;TORNILLO HEXAGONAL GRADO 5 UNC;GRADO 5;TORNILLERIA;Tornillería;tornilleria;alta;18600
T307082;TORN HEXAGONAL GRADO 5 UNC 1/4 X 1 1/4;TORNILLO HEXAGONAL GRADO 5 UNC;GRADO 5;TORNILLERIA;Tornillería;tornilleria;alta;18000
T307083;TORN HEXAGONAL GRADO 5 UNC 1/4 X 1 1/2;TORNILLO HEXAGONAL GRADO 5 UNC;GRADO 5;TORNILLERIA;Tornillería;tornilleria;alta;900
T307085;TORN HEXAGONAL GRADO 5 UNC 1/4 X 2;TORNILLO HEXAGONAL GRADO 5 UNC;GRADO 5;TORNILLERIA;Tornillería;tornilleria;alta;19500
T307087;TORN HEXAGONAL GRADO 5 UNC 1/4 X 2 1/2;TORNILLO HEXAGONAL GRADO 5 UNC;GRADO 5;TORNILLERIA;Tornillería;tornilleria;alta;24100
T307090;TORN HEXAGONAL GRADO 5 UNC 1/4 X 3;TORNILLO HEXAGONAL GRADO 5 UNC;GRADO 5;TORNILLERIA;Tornillería;tornilleria;alta;14700
T307091;TORN HEXAGONAL GRADO 5 UNC 1/4 X 3 1/2;TORNILLO HEXAGONAL GRADO 5 UNC;GRADO 5;TORNILLERIA;Tornillería;tornilleria;alta;4800
T307092;TORN HEXAGONAL GRADO 5 UNC 1/4 X 4;TORNILLO HEXAGONAL GRADO 5 UNC;GRADO 5;TORNILLERIA;Tornillería;tornilleria;alta;15700
T307093;TORN HEXAGONAL GRADO 5 UNC 1/4 X 4 1/2;TORNILLO HEXAGONAL GRADO 5 UNC;GRADO 5;TORNILLERIA;Tornillería;tornilleria;alta;4900
T307094;TORN HEXAGONAL GRADO 5 UNC 1/4 X 5;TORNILLO HEXAGONAL GRADO 5 UNC;GRADO 5;TORNILLERIA;Tornillería;tornilleria;alta;18000
T307096;TORN HEXAGONAL GRADO 5 UNC 1/4 X 6;TORNILLO HEXAGONAL GRADO 5 UNC;GRADO 5;TORNILLERIA;Tornillería;tornilleria;alta;5500
T307106;TORN HEXAGONAL GRADO 5 UNC 5/16 X 1/2;TORNILLO HEXAGONAL GRADO 5 UNC;GRADO 5;TORNILLERIA;Tornillería;tornilleria;alta;21000
T307108;TORN HEXAGONAL GRADO 5 UNC 5/16 X 3/4;TORNILLO HEXAGONAL GRADO 5 UNC;GRADO 5;TORNILLERIA;Tornillería;tornilleria;alta;15400
T307110;TORN HEXAGONAL GRADO 5 UNC 5/16 X 1;TORNILLO HEXAGONAL GRADO 5 UNC;GRADO 5;TORNILLERIA;Tornillería;tornilleria;alta;7900
T307111;TORN HEXAGONAL GRADO 5 UNC 5/16 X 1 1/4;TORNILLO HEXAGONAL GRADO 5 UNC;GRADO 5;TORNILLERIA;Tornillería;tornilleria;alta;20000
T307112;TORN HEXAGONAL GRADO 5 UNC 5/16 X 1 1/2;TORNILLO HEXAGONAL GRADO 5 UNC;GRADO 5;TORNILLERIA;Tornillería;tornilleria;alta;2200
T307114;TORN HEXAGONAL GRADO 5 UNC 5/16 X 2;TORNILLO HEXAGONAL GRADO 5 UNC;GRADO 5;TORNILLERIA;Tornillería;tornilleria;alta;11600
T307116;TORN HEXAGONAL GRADO 5 UNC 5/16 X 2 1/2;TORNILLO HEXAGONAL GRADO 5 UNC;GRADO 5;TORNILLERIA;Tornillería;tornilleria;alta;22800
T307118;TORN HEXAGONAL GRADO 5 UNC 5/16 X 3;TORNILLO HEXAGONAL GRADO 5 UNC;GRADO 5;TORNILLERIA;Tornillería;tornilleria;alta;18500
T307119;TORN HEXAGONAL GRADO 5 UNC 5/16 X 3 1/2;TORNILLO HEXAGONAL GRADO 5 UNC;GRADO 5;TORNILLERIA;Tornillería;tornilleria;alta;6000
T307120;TORN HEXAGONAL GRADO 5 UNC 5/16 X 4;TORNILLO HEXAGONAL GRADO 5 UNC;GRADO 5;TORNILLERIA;Tornillería;tornilleria;alta;14400
T307121;TORN HEXAGONAL GRADO 5 UNC 5/16 X 4 1/2;TORNILLO HEXAGONAL GRADO 5 UNC;GRADO 5;TORNILLERIA;Tornillería;tornilleria;alta;20400
T307122;TORN HEXAGONAL GRADO 5 UNC 5/16 X 5;TORNILLO HEXAGONAL GRADO 5 UNC;GRADO 5;TORNILLERIA;Tornillería;tornilleria;alta;4600
T307124;TORN HEXAGONAL GRADO 5 UNC 5/16 X 6;TORNILLO HEXAGONAL GRADO 5 UNC;GRADO 5;TORNILLERIA;Tornillería;tornilleria;alta;4100
T307136;TORN HEXAGONAL GRADO 5 UNC 3/8 X 3/4;TORNILLO HEXAGONAL GRADO 5 UNC;GRADO 5;TORNILLERIA;Tornillería;tornilleria;alta;22700
T307138;TORN HEXAGONAL GRADO 5 UNC 3/8 X 1;TORNILLO HEXAGONAL GRADO 5 UNC;GRADO 5;TORNILLERIA;Tornillería;tornilleria;alta;19600
T307139;TORN HEXAGONAL GRADO 5 UNC 3/8 X 1 1/4;TORNILLO HEXAGONAL GRADO 5 UNC;GRADO 5;TORNILLERIA;Tornillería;tornilleria;alta;6500
T307140;TORN HEXAGONAL GRADO 5 UNC 3/8 X 1 1/2;TORNILLO HEXAGONAL GRADO 5 UNC;GRADO 5;TORNILLERIA;Tornillería;tornilleria;alta;22000
T307142;TORN HEXAGONAL GRADO 5 UNC 3/8 X 2;TORNILLO HEXAGONAL GRADO 5 UNC;GRADO 5;TORNILLERIA;Tornillería;tornilleria;alta;21100
T307144;TORN HEXAGONAL GRADO 5 UNC 3/8 X 2 1/2;TORNILLO HEXAGONAL GRADO 5 UNC;GRADO 5;TORNILLERIA;Tornillería;tornilleria;alta;21400
T307146;TORN HEXAGONAL GRADO 5 UNC 3/8 X 3;TORNILLO HEXAGONAL GRADO 5 UNC;GRADO 5;TORNILLERIA;Tornillería;tornilleria;alta;12100
T307147;TORN HEXAGONAL GRADO 5 UNC 3/8 X 3 1/2;TORNILLO HEXAGONAL GRADO 5 UNC;GRADO 5;TORNILLERIA;Tornillería;tornilleria;alta;7100
T307148;TORN HEXAGONAL GRADO 5 UNC 3/8 X 4;TORNILLO HEXAGONAL GRADO 5 UNC;GRADO 5;TORNILLERIA;Tornillería;tornilleria;alta;6100
T307149;TORN HEXAGONAL GRADO 5 UNC 3/8 X 4 1/2;TORNILLO HEXAGONAL GRADO 5 UNC;GRADO 5;TORNILLERIA;Tornillería;tornilleria;alta;6400
T307150;TORN HEXAGONAL GRADO 5 UNC 3/8 X 5;TORNILLO HEXAGONAL GRADO 5 UNC;GRADO 5;TORNILLERIA;Tornillería;tornilleria;alta;1400
T307151;TORN HEXAGONAL GRADO 5 UNC 3/8 X 5 1/2;TORNILLO HEXAGONAL GRADO 5 UNC;VARIOS;TORNILLERIA;Tornillería;tornilleria;alta;6400
T307152;TORN HEXAGONAL GRADO 5 UNC 3/8 X 6;TORNILLO HEXAGONAL GRADO 5 UNC;GRADO 5;TORNILLERIA;Tornillería;tornilleria;alta;19000
T307154;TORN HEXAGONAL GRADO 5 UNC 3/8 X 7;TORNILLO HEXAGONAL GRADO 5 UNC;VARIOS;TORNILLERIA;Tornillería;tornilleria;alta;8000
T307156;TORN HEXAGONAL GRADO 5 UNC 3/8 X 8;TORNILLO HEXAGONAL GRADO 5 UNC;VARIOS;TORNILLERIA;Tornillería;tornilleria;alta;11200
T307157;TORN HEXAGONAL GRADO 5 UNC 3/8 X 9;TORNILLO HEXAGONAL GRADO 5 UNC;VARIOS;TORNILLERIA;Tornillería;tornilleria;alta;17500
T307158;TORN HEXAGONAL GRADO 5 UNC 3/8 X 10;TORNILLO HEXAGONAL GRADO 5 UNC;VARIOS;TORNILLERIA;Tornillería;tornilleria;alta;21300
T307168;TORN HEXAGONAL GRADO 5 UNC 7/16 X 3/4;TORNILLO HEXAGONAL GRADO 5 UNC;VARIOS;TORNILLERIA;Tornillería;tornilleria;alta;10400
T307169;TORN HEXAGONAL GRADO 5 UNC 7/16 X 1;TORNILLO HEXAGONAL GRADO 5 UNC;GRADO 5;TORNILLERIA;Tornillería;tornilleria;alta;9900
T307170;TORN HEXAGONAL GRADO 5 UNC 7/16 X 1 1/4;TORNILLO HEXAGONAL GRADO 5 UNC;GRADO 5;TORNILLERIA;Tornillería;tornilleria;alta;10800
T307171;TORN HEXAGONAL GRADO 5 UNC 7/16 X 1 1/2;TORNILLO HEXAGONAL GRADO 5 UNC;GRADO 5;TORNILLERIA;Tornillería;tornilleria;alta;18700
T307173;TORN HEXAGONAL GRADO 5 UNC 7/16 X 2;TORNILLO HEXAGONAL GRADO 5 UNC;GRADO 5;TORNILLERIA;Tornillería;tornilleria;alta;21600
T307175;TORN HEXAGONAL GRADO 5 UNC 7/16 X 2 1/2;TORNILLO HEXAGONAL GRADO 5 UNC;GRADO 5;TORNILLERIA;Tornillería;tornilleria;alta;11500
T307176;TORN HEXAGONAL GRADO 5 UNC 7/16 X 3;TORNILLO HEXAGONAL GRADO 5 UNC;GRADO 5;TORNILLERIA;Tornillería;tornilleria;alta;20200
T307177;TORN HEXAGONAL GRADO 5 UNC 7/16 X 3 1/2;TORNILLO HEXAGONAL GRADO 5 UNC;GRADO 5;TORNILLERIA;Tornillería;tornilleria;alta;20400
T307178;TORN HEXAGONAL GRADO 5 UNC 7/16 X 4;TORNILLO HEXAGONAL GRADO 5 UNC;GRADO 5;TORNILLERIA;Tornillería;tornilleria;alta;2400
T307179;TORN HEXAGONAL GRADO 5 UNC 7/16 X 4 1/2;TORNILLO HEXAGONAL GRADO 5 UNC;GRADO 5;TORNILLERIA;Tornillería;tornilleria;alta;9900
T307180;TORN HEXAGONAL GRADO 5 UNC 7/16 X 5;TORNILLO HEXAGONAL GRADO 5 UNC;GRADO 5;TORNILLERIA;Tornillería;tornilleria;alta;3300
T307181;TORN HEXAGONAL GRADO 5 UNC 7/16 X 5 1/2;TORNILLO HEXAGONAL GRADO 5 UNC;VARIOS;TORNILLERIA;Tornillería;tornilleria;alta;500
T307182;TORN HEXAGONAL GRADO 5 UNC 7/16 X 6;TORNILLO HEXAGONAL GRADO 5 UNC;GRADO 5;TORNILLERIA;Tornillería;tornilleria;alta;2500
T307184;TORN HEXAGONAL GRADO 5 UNC 7/16 X 7;TORNILLO HEXAGONAL GRADO 5 UNC;VARIOS;TORNILLERIA;Tornillería;tornilleria;alta;19000
T307186;TORN HEXAGONAL GRADO 5 UNC 7/16 X 8;TORNILLO HEXAGONAL GRADO 5 UNC;VARIOS;TORNILLERIA;Tornillería;tornilleria;alta;24700
T307196;TORN HEXAGONAL GRADO 5 UNC 1/2 X 3/4;TORNILLO HEXAGONAL GRADO 5 UNC;GRADO 5;TORNILLERIA;Tornillería;tornilleria;alta;12900
T307198;TORN HEXAGONAL GRADO 5 UNC 1/2 X 1;TORNILLO HEXAGONAL GRADO 5 UNC;GRADO 5;TORNILLERIA;Tornillería;tornilleria;alta;9700
T307199;TORN HEXAGONAL GRADO 5 UNC 1/2 X 1 1/4;TORNILLO HEXAGONAL GRADO 5 UNC;GRADO 5;TORNILLERIA;Tornillería;tornilleria;alta;2400
T307200;TORN HEXAGONAL GRADO 5 UNC 1/2 X 1 1/2;TORNILLO HEXAGONAL GRADO 5 UNC;GRADO 5;TORNILLERIA;Tornillería;tornilleria;alta;9400
T307201;TORN HEXAGONAL GRADO 5 UNC 1/2 X 1 3/4;TORNILLO HEXAGONAL GRADO 5 UNC;VARIOS;TORNILLERIA;Tornillería;tornilleria;alta;6200
T307202;TORN HEXAGONAL GRADO 5 UNC 1/2 X 2;TORNILLO HEXAGONAL GRADO 5 UNC;GRADO 5;TORNILLERIA;Tornillería;tornilleria;alta;17100
T307204;TORN HEXAGONAL GRADO 5 UNC 1/2 X 2 1/2;TORNILLO HEXAGONAL GRADO 5 UNC;GRADO 5;TORNILLERIA;Tornillería;tornilleria;alta;2600
T307206;TORN HEXAGONAL GRADO 5 UNC 1/2 X 3;TORNILLO HEXAGONAL GRADO 5 UNC;GRADO 5;TORNILLERIA;Tornillería;tornilleria;alta;19500
T307207;TORN HEXAGONAL GRADO 5 UNC 1/2 X 3 1/2;TORNILLO HEXAGONAL GRADO 5 UNC;GRADO 5;TORNILLERIA;Tornillería;tornilleria;alta;9000
T307208;TORN HEXAGONAL GRADO 5 UNC 1/2 X 4;TORNILLO HEXAGONAL GRADO 5 UNC;GRADO 5;TORNILLERIA;Tornillería;tornilleria;alta;8500
T307209;TORN HEXAGONAL GRADO 5 UNC 1/2 X 4 1/2;TORNILLO HEXAGONAL GRADO 5 UNC;GRADO 5;TORNILLERIA;Tornillería;tornilleria;alta;12400
T307210;TORN HEXAGONAL GRADO 5 UNC 1/2 X 5;TORNILLO HEXAGONAL GRADO 5 UNC;GRADO 5;TORNILLERIA;Tornillería;tornilleria;alta;18200
T307211;TORN HEXAGONAL GRADO 5 UNC 1/2 X 5 1/2;TORNILLO HEXAGONAL GRADO 5 UNC;GRADO 5;TORNILLERIA;Tornillería;tornilleria;alta;7500
T307212;TORN HEXAGONAL GRADO 5 UNC 1/2 X 6;TORNILLO HEXAGONAL GRADO 5 UNC;GRADO 5;TORNILLERIA;Tornillería;tornilleria;alta;1900
T307217;TORN HEXAGONAL GRADO 5 UNC 1/2 X 7;TORNILLO HEXAGONAL GRADO 5 UNC;GRADO 5;TORNILLERIA;Tornillería;tornilleria;alta;11200
T307218;TORN HEXAGONAL GRADO 5 UNC 1/2 X 7;TORNILLO HEXAGONAL GRADO 5 UNC;VARIOS;TORNILLERIA;Tornillería;tornilleria;alta;24500
T307219;TORN HEXAGONAL GRADO 5 UNC 1/2 X 8;TORNILLO HEXAGONAL GRADO 5 UNC;GRADO 5;TORNILLERIA;Tornillería;tornilleria;alta;11100
T307220;TORN HEXAGONAL GRADO 5 UNC 1/2 X 8;TORNILLO HEXAGONAL GRADO 5 UNC;VARIOS;TORNILLERIA;Tornillería;tornilleria;alta;24200
T307221;TORN HEXAGONAL GRADO 5 UNC 1/2 X 9;TORNILLO HEXAGONAL GRADO 5 UNC;GRADO 5;TORNILLERIA;Tornillería;tornilleria;alta;24600
T307222;TORN HEXAGONAL GRADO 5 UNC 1/2 X 9;TORNILLO HEXAGONAL GRADO 5 UNC;VARIOS;TORNILLERIA;Tornillería;tornilleria;alta;19200
T307223;TORN HEXAGONAL GRADO 5 UNC 1/2 X 10;TORNILLO HEXAGONAL GRADO 5 UNC;GRADO 5;TORNILLERIA;Tornillería;tornilleria;alta;1900
T307224;TORN HEXAGONAL GRADO 5 UNC 1/2 X 10;TORNILLO HEXAGONAL GRADO 5 UNC;VARIOS;TORNILLERIA;Tornillería;tornilleria;alta;7300
T307226;TORN HEXAGONAL GRADO 5 UNC 1/2 X 11;TORNILLO HEXAGONAL GRADO 5 UNC;VARIOS;TORNILLERIA;Tornillería;tornilleria;alta;20800
T307228;TORN HEXAGONAL GRADO 5 UNC 1/2 X 12;TORNILLO HEXAGONAL GRADO 5 UNC;VARIOS;TORNILLERIA;Tornillería;tornilleria;alta;3200
T307230;TORN HEXAGONAL GRADO 5 UNC 9/16 X 1;TORNILLO HEXAGONAL GRADO 5 UNC;GRADO 5;TORNILLERIA;Tornillería;tornilleria;alta;700
T307231;TORN HEXAGONAL GRADO 5 UNC 9/16 X 1 1/4;TORNILLO HEXAGONAL GRADO 5 UNC;GRADO 5;TORNILLERIA;Tornillería;tornilleria;alta;8600
T307232;TORN HEXAGONAL GRADO 5 UNC 9/16 X 1 1/2;TORNILLO HEXAGONAL GRADO 5 UNC;GRADO 5;TORNILLERIA;Tornillería;tornilleria;alta;19600
T307233;TORN HEXAGONAL GRADO 5 UNC 9/16 X 2;TORNILLO HEXAGONAL GRADO 5 UNC;GRADO 5;TORNILLERIA;Tornillería;tornilleria;alta;4800
T307234;TORN HEXAGONAL GRADO 5 UNC 9/16 X 2 1/2;TORNILLO HEXAGONAL GRADO 5 UNC;GRADO 5;TORNILLERIA;Tornillería;tornilleria;alta;6800
T307235;TORN HEXAGONAL GRADO 5 UNC 9/16 X 3;TORNILLO HEXAGONAL GRADO 5 UNC;GRADO 5;TORNILLERIA;Tornillería;tornilleria;alta;16100
T307236;TORN HEXAGONAL GRADO 5 UNC 9/16 X 3 1/2;TORNILLO HEXAGONAL GRADO 5 UNC;GRADO 5;TORNILLERIA;Tornillería;tornilleria;alta;22400
T307237;TORN HEXAGONAL GRADO 5 UNC 9/16 X 4;TORNILLO HEXAGONAL GRADO 5 UNC;GRADO 5;TORNILLERIA;Tornillería;tornilleria;alta;1200
T307238;TORN HEXAGONAL GRADO 5 UNC 9/16 X 4 1/2;TORNILLO HEXAGONAL GRADO 5 UNC;GRADO 5;TORNILLERIA;Tornillería;tornilleria;alta;11900
T307239;TORN HEXAGONAL GRADO 5 UNC 9/16 X 5;TORNILLO HEXAGONAL GRADO 5 UNC;GRADO 5;TORNILLERIA;Tornillería;tornilleria;alta;15100
T307240;TORN HEXAGONAL GRADO 5 UNC 9/16 X 6;TORNILLO HEXAGONAL GRADO 5 UNC;GRADO 5;TORNILLERIA;Tornillería;tornilleria;alta;22900
T307242;TORN HEXAGONAL GRADO 5 UNC 9/16 X 7;TORNILLO HEXAGONAL GRADO 5 UNC;VARIOS;TORNILLERIA;Tornillería;tornilleria;alta;8600
T307244;TORN HEXAGONAL GRADO 5 UNC 9/16 X 8;TORNILLO HEXAGONAL GRADO 5 UNC;VARIOS;TORNILLERIA;Tornillería;tornilleria;alta;8300
T307246;TORN HEXAGONAL GRADO 5 UNC 9/16 X 9;TORNILLO HEXAGONAL GRADO 5 UNC;VARIOS;TORNILLERIA;Tornillería;tornilleria;alta;22800
T307250;TORN HEXAGONAL GRADO 5 UNC 9/16 X 10;TORNILLO HEXAGONAL GRADO 5 UNC;VARIOS;TORNILLERIA;Tornillería;tornilleria;alta;5900
T307255;TORN HEXAGONAL GRADO 5 UNC 5/8 X 1;TORNILLO HEXAGONAL GRADO 5 UNC;GRADO 5;TORNILLERIA;Tornillería;tornilleria;alta;23000
T307256;TORN HEXAGONAL GRADO 5 UNC 5/8 X 1 1/4;TORNILLO HEXAGONAL GRADO 5 UNC;VARIOS;TORNILLERIA;Tornillería;tornilleria;alta;19400
T307257;TORN HEXAGONAL GRADO 5 UNC 5/8 X 1 1/2;TORNILLO HEXAGONAL GRADO 5 UNC;GRADO 5;TORNILLERIA;Tornillería;tornilleria;alta;16300
T307259;TORN HEXAGONAL GRADO 5 UNC 5/8 X 2;TORNILLO HEXAGONAL GRADO 5 UNC;GRADO 5;TORNILLERIA;Tornillería;tornilleria;alta;21600
T307261;TORN HEXAGONAL GRADO 5 UNC 5/8 X 2 1/2;TORNILLO HEXAGONAL GRADO 5 UNC;GRADO 5;TORNILLERIA;Tornillería;tornilleria;alta;16500
T307263;TORN HEXAGONAL GRADO 5 UNC 5/8 X 3;TORNILLO HEXAGONAL GRADO 5 UNC;GRADO 5;TORNILLERIA;Tornillería;tornilleria;alta;2800
T307265;TORN HEXAGONAL GRADO 5 UNC 5/8 X 3 1/2;TORNILLO HEXAGONAL GRADO 5 UNC;GRADO 5;TORNILLERIA;Tornillería;tornilleria;alta;23100
T307267;TORN HEXAGONAL GRADO 5 UNC 5/8 X 4;TORNILLO HEXAGONAL GRADO 5 UNC;GRADO 5;TORNILLERIA;Tornillería;tornilleria;alta;17000
T307269;TORN HEXAGONAL GRADO 5 UNC 5/8 X 4 1/2;TORNILLO HEXAGONAL GRADO 5 UNC;GRADO 5;TORNILLERIA;Tornillería;tornilleria;alta;17700
T307270;TORN HEXAGONAL GRADO 5 UNC 5/8 X 5;TORNILLO HEXAGONAL GRADO 5 UNC;GRADO 5;TORNILLERIA;Tornillería;tornilleria;alta;23000
T307271;TORN HEXAGONAL GRADO 5 UNC 5/8 X 5 1/2;TORNILLO HEXAGONAL GRADO 5 UNC;GRADO 5;TORNILLERIA;Tornillería;tornilleria;alta;300
T307272;TORN HEXAGONAL GRADO 5 UNC 5/8 X 6;TORNILLO HEXAGONAL GRADO 5 UNC;GRADO 5;TORNILLERIA;Tornillería;tornilleria;alta;900
T307274;TORN HEXAGONAL GRADO 5 UNC 5/8 X 7;TORNILLO HEXAGONAL GRADO 5 UNC;GRADO 5;TORNILLERIA;Tornillería;tornilleria;alta;900
T307276;TORN HEXAGONAL GRADO 5 UNC 5/8 X 8;TORNILLO HEXAGONAL GRADO 5 UNC;GRADO 5;TORNILLERIA;Tornillería;tornilleria;alta;21300
T307277;TORN HEXAGONAL GRADO 5 UNC 5/8 X 9;TORNILLO HEXAGONAL GRADO 5 UNC;GRADO 5;TORNILLERIA;Tornillería;tornilleria;alta;1100
T307278;TORN HEXAGONAL GRADO 5 UNC 5/8 X 10;TORNILLO HEXAGONAL GRADO 5 UNC;GRADO 5;TORNILLERIA;Tornillería;tornilleria;alta;22100
T307279;TORN HEXAGONAL GRADO 5 UNC 5/8 X 11;TORNILLO HEXAGONAL GRADO 5 UNC;GRADO 5;TORNILLERIA;Tornillería;tornilleria;alta;12500
T307280;TORN HEXAGONAL GRADO 5 UNC 5/8 X 12;TORNILLO HEXAGONAL GRADO 5 UNC;GRADO 5;TORNILLERIA;Tornillería;tornilleria;alta;14300
T307295;TORN HEXAGONAL GRADO 5 UNC 3/4 X 1 1/2;TORNILLO HEXAGONAL GRADO 5 UNC;GRADO 5;TORNILLERIA;Tornillería;tornilleria;alta;21800
T307297;TORN HEXAGONAL GRADO 5 UNC 3/4 X 2;TORNILLO HEXAGONAL GRADO 5 UNC;GRADO 5;TORNILLERIA;Tornillería;tornilleria;alta;4400
T307299;TORN HEXAGONAL GRADO 5 UNC 3/4 X 2 1/2;TORNILLO HEXAGONAL GRADO 5 UNC;GRADO 5;TORNILLERIA;Tornillería;tornilleria;alta;2300
T307301;TORN HEXAGONAL GRADO 5 UNC 3/4 X 3;TORNILLO HEXAGONAL GRADO 5 UNC;GRADO 5;TORNILLERIA;Tornillería;tornilleria;alta;24900
T307303;TORN HEXAGONAL GRADO 5 UNC 3/4 X 3 1/2;TORNILLO HEXAGONAL GRADO 5 UNC;GRADO 5;TORNILLERIA;Tornillería;tornilleria;alta;20500
T307305;TORN HEXAGONAL GRADO 5 UNC 3/4 X 4;TORNILLO HEXAGONAL GRADO 5 UNC;GRADO 5;TORNILLERIA;Tornillería;tornilleria;alta;3300
T307306;TORN HEXAGONAL GRADO 5 UNC 3/4 X 4 1/2;TORNILLO HEXAGONAL GRADO 5 UNC;GRADO 5;TORNILLERIA;Tornillería;tornilleria;alta;10900
T307307;TORN HEXAGONAL GRADO 5 UNC 3/4 X 5;TORNILLO HEXAGONAL GRADO 5 UNC;GRADO 5;TORNILLERIA;Tornillería;tornilleria;alta;1200
T307308;TORN HEXAGONAL GRADO 5 UNC 3/4 X 5 1/2;TORNILLO HEXAGONAL GRADO 5 UNC;GRADO 5;TORNILLERIA;Tornillería;tornilleria;alta;15000
T307309;TORN HEXAGONAL GRADO 5 UNC 3/4 X 6;TORNILLO HEXAGONAL GRADO 5 UNC;GRADO 5;TORNILLERIA;Tornillería;tornilleria;alta;13200
T307311;TORN HEXAGONAL GRADO 5 UNC 3/4 X 7;TORNILLO HEXAGONAL GRADO 5 UNC;GRADO 5;TORNILLERIA;Tornillería;tornilleria;alta;9100
T307313;TORN HEXAGONAL GRADO 5 UNC 3/4 X 8;TORNILLO HEXAGONAL GRADO 5 UNC;GRADO 5;TORNILLERIA;Tornillería;tornilleria;alta;6300
T307315;TORN HEXAGONAL GRADO 5 UNC 3/4 X 9;TORNILLO HEXAGONAL GRADO 5 UNC;GRADO 5;TORNILLERIA;Tornillería;tornilleria;alta;24300
T307317;TORN HEXAGONAL GRADO 5 UNC 3/4 X 10;TORNILLO HEXAGONAL GRADO 5 UNC;GRADO 5;TORNILLERIA;Tornillería;tornilleria;alta;19400
T307318;TORN HEXAGONAL GRADO 5 UNC 3/4 X 11;TORNILLO HEXAGONAL GRADO 5 UNC;GRADO 5;TORNILLERIA;Tornillería;tornilleria;alta;19400
T307319;TORN HEXAGONAL GRADO 5 UNC 3/4 X 12;TORNILLO HEXAGONAL GRADO 5 UNC;GRADO 5;TORNILLERIA;Tornillería;tornilleria;alta;15100
T307322;TORN HEXAGONAL GRADO 5 UNC 3/4 X 12;TORNILLO HEXAGONAL GRADO 5 UNC;VARIOS;TORNILLERIA;Tornillería;tornilleria;alta;2500
T307328;TORN HEXAGONAL GRADO 5 UNC 7/8 X 1 1/2;TORNILLO HEXAGONAL GRADO 5 UNC;VARIOS;TORNILLERIA;Tornillería;tornilleria;alta;16300
T307329;TORN HEXAGONAL GRADO 5 UNC 7/8 X 2;TORNILLO HEXAGONAL GRADO 5 UNC;GRADO 5;TORNILLERIA;Tornillería;tornilleria;alta;22000
T307330;TORN HEXAGONAL GRADO 5 UNC 7/8 X 2 1/2;TORNILLO HEXAGONAL GRADO 5 UNC;GRADO 5;TORNILLERIA;Tornillería;tornilleria;alta;19800
T307331;TORN HEXAGONAL GRADO 5 UNC 7/8 X 3;TORNILLO HEXAGONAL GRADO 5 UNC;GRADO 5;TORNILLERIA;Tornillería;tornilleria;alta;24200
T307332;TORN HEXAGONAL GRADO 5 UNC 7/8 X 3 1/2;TORNILLO HEXAGONAL GRADO 5 UNC;GRADO 5;TORNILLERIA;Tornillería;tornilleria;alta;5100
T307333;TORN HEXAGONAL GRADO 5 UNC 7/8 X 4;TORNILLO HEXAGONAL GRADO 5 UNC;GRADO 5;TORNILLERIA;Tornillería;tornilleria;alta;500
T307334;TORN HEXAGONAL GRADO 5 UNC 7/8 X 4 1/2;TORNILLO HEXAGONAL GRADO 5 UNC;GRADO 5;TORNILLERIA;Tornillería;tornilleria;alta;18500
T307335;TORN HEXAGONAL GRADO 5 UNC 7/8 X 5;TORNILLO HEXAGONAL GRADO 5 UNC;GRADO 5;TORNILLERIA;Tornillería;tornilleria;alta;1600
T307336;TORN HEXAGONAL GRADO 5 UNC 7/8 X 5 1/2;TORNILLO HEXAGONAL GRADO 5 UNC;VARIOS;TORNILLERIA;Tornillería;tornilleria;alta;2500
T307337;TORN HEXAGONAL GRADO 5 UNC 7/8 X 6;TORNILLO HEXAGONAL GRADO 5 UNC;GRADO 5;TORNILLERIA;Tornillería;tornilleria;alta;600
T307339;TORN HEXAGONAL GRADO 5 UNC 7/8 X 7;TORNILLO HEXAGONAL GRADO 5 UNC;GRADO 5;TORNILLERIA;Tornillería;tornilleria;alta;2900
T307341;TORN HEXAGONAL GRADO 5 UNC 7/8 X 8;TORNILLO HEXAGONAL GRADO 5 UNC;GRADO 5;TORNILLERIA;Tornillería;tornilleria;alta;2500
T307342;TORN HEXAGONAL GRADO 5 UNC 7/8 X 9;TORNILLO HEXAGONAL GRADO 5 UNC;GRADO 5;TORNILLERIA;Tornillería;tornilleria;alta;18000
T307343;TORN HEXAGONAL GRADO 5 UNC 7/8 X 10;TORNILLO HEXAGONAL GRADO 5 UNC;GRADO 5;TORNILLERIA;Tornillería;tornilleria;alta;2800
T307345;TORN HEXAGONAL GRADO 5 UNC 7/8 X 11;TORNILLO HEXAGONAL GRADO 5 UNC;GRADO 5;TORNILLERIA;Tornillería;tornilleria;alta;4500
T307347;TORN HEXAGONAL GRADO 5 UNC 7/8 X 12;TORNILLO HEXAGONAL GRADO 5 UNC;GRADO 5;TORNILLERIA;Tornillería;tornilleria;alta;16600
T307352;TORN HEXAGONAL GRADO 5 UNC 1 X 2;TORNILLO HEXAGONAL GRADO 5 UNC;GRADO 5;TORNILLERIA;Tornillería;tornilleria;alta;17400
T307353;TORN HEXAGONAL GRADO 5 UNC 1 X 2 1/2;TORNILLO HEXAGONAL GRADO 5 UNC;GRADO 5;TORNILLERIA;Tornillería;tornilleria;alta;2900
T307354;TORN HEXAGONAL GRADO 5 UNC 1 X 3;TORNILLO HEXAGONAL GRADO 5 UNC;GRADO 5;TORNILLERIA;Tornillería;tornilleria;alta;14900
T307355;TORN HEXAGONAL GRADO 5 UNC 1 X 3 1/2;TORNILLO HEXAGONAL GRADO 5 UNC;GRADO 5;TORNILLERIA;Tornillería;tornilleria;alta;11600
T307356;TORN HEXAGONAL GRADO 5 UNC 1 X 4;TORNILLO HEXAGONAL GRADO 5 UNC;GRADO 5;TORNILLERIA;Tornillería;tornilleria;alta;4000
T307357;TORN HEXAGONAL GRADO 5 UNC 1 X 4 1/2;TORNILLO HEXAGONAL GRADO 5 UNC;GRADO 5;TORNILLERIA;Tornillería;tornilleria;alta;19200
T307358;TORN HEXAGONAL GRADO 5 UNC 1 X 5;TORNILLO HEXAGONAL GRADO 5 UNC;GRADO 5;TORNILLERIA;Tornillería;tornilleria;alta;4000
T307359;TORN HEXAGONAL GRADO 5 UNC 1 X 5 1/2;TORNILLO HEXAGONAL GRADO 5 UNC;VARIOS;TORNILLERIA;Tornillería;tornilleria;alta;4400
T307360;TORN HEXAGONAL GRADO 5 UNC 1 X 6;TORNILLO HEXAGONAL GRADO 5 UNC;GRADO 5;TORNILLERIA;Tornillería;tornilleria;alta;15200
T307362;TORN HEXAGONAL GRADO 5 UNC 1 X 7;TORNILLO HEXAGONAL GRADO 5 UNC;GRADO 5;TORNILLERIA;Tornillería;tornilleria;alta;6300
T307364;TORN HEXAGONAL GRADO 5 UNC 1 X 8;TORNILLO HEXAGONAL GRADO 5 UNC;GRADO 5;TORNILLERIA;Tornillería;tornilleria;alta;3900
T307366;TORN HEXAGONAL GRADO 5 UNC 1 X 9;TORNILLO HEXAGONAL GRADO 5 UNC;GRADO 5;TORNILLERIA;Tornillería;tornilleria;alta;4800
T307368;TORN HEXAGONAL GRADO 5 UNC 1 X 10;TORNILLO HEXAGONAL GRADO 5 UNC;GRADO 5;TORNILLERIA;Tornillería;tornilleria;alta;12100
T307370;TORN HEXAGONAL GRADO 5 UNC 1 X 12;TORNILLO HEXAGONAL GRADO 5 UNC;VARIOS;TORNILLERIA;Tornillería;tornilleria;alta;5200
T307372;TORN HEXAGONAL GRADO 5 UNC 1 X 14;TORNILLO HEXAGONAL GRADO 5 UNC;VARIOS;TORNILLERIA;Tornillería;tornilleria;alta;13400
T307405;TORN HEXAGONAL GRADO 5 UNC 1 X 11;TORNILLO HEXAGONAL GRADO 5 UNC;GRADO 5;TORNILLERIA;Tornillería;tornilleria;alta;2700
T307407;TORN HEXAGONAL GRADO 5 UNC 1 X 12;TORNILLO HEXAGONAL GRADO 5 UNC;GRADO 5;TORNILLERIA;Tornillería;tornilleria;alta;17800
T307408;TORN HEXAGONAL GRADO 5 UNC 1-1/8 X 2-1/2;TORNILLO HEXAGONAL GRADO 5 UNC;GRADO 5;TORNILLERIA;Tornillería;tornilleria;alta;11000
T307410;TORN HEXAGONAL GRADO 5 UNC 1-1/8 X 3;TORNILLO HEXAGONAL GRADO 5 UNC;GRADO 5;TORNILLERIA;Tornillería;tornilleria;alta;17300
T307412;TORN HEXAGONAL GRADO 5 UNC 1-1/8 X 3-1/2;TORNILLO HEXAGONAL GRADO 5 UNC;GRADO 5;TORNILLERIA;Tornillería;tornilleria;alta;12100
T307414;TORN HEXAGONAL GRADO 5 UNC 1-1/8 X 4;TORNILLO HEXAGONAL GRADO 5 UNC;GRADO 5;TORNILLERIA;Tornillería;tornilleria;alta;22200
T307416;TORN HEXAGONAL GRADO 5 UNC 1-1/8 X 4-1/2;TORNILLO HEXAGONAL GRADO 5 UNC;GRADO 5;TORNILLERIA;Tornillería;tornilleria;alta;19400
T307418;TORN HEXAGONAL GRADO 5 UNC 1-1/8 X 5;TORNILLO HEXAGONAL GRADO 5 UNC;GRADO 5;TORNILLERIA;Tornillería;tornilleria;alta;21600
T307420;TORNILLO HEXAGONAL GRADO 5 UNC 1 1/8X 6;TORNILLO HEXAGONAL GRADO 5 UNC;VARIOS;TORNILLERIA;Tornillería;tornilleria;alta;1400
T307422;TORN HEXAGONAL GRADO 5 UNC 1-1/8 X 7;TORNILLO HEXAGONAL GRADO 5 UNC;GRADO 5;TORNILLERIA;Tornillería;tornilleria;alta;5500
T307424;TORN HEXAGONAL GRADO 5 UNC 1-1/8 X 8;TORNILLO HEXAGONAL GRADO 5 UNC;GRADO 5;TORNILLERIA;Tornillería;tornilleria;alta;14400
T307426;TORN HEXAGONAL GRADO 5 UNC 1-1/8 X 9;TORNILLO HEXAGONAL GRADO 5 UNC;GRADO 5;TORNILLERIA;Tornillería;tornilleria;alta;9300
T307428;TORN HEXAGONAL GRADO 5 UNC 1-1/8 X 10;TORNILLO HEXAGONAL GRADO 5 UNC;GRADO 5;TORNILLERIA;Tornillería;tornilleria;alta;21900
T307430;TORN HEXAGONAL GRADO 5 UNC 1-1/4 X 2-1/2;TORNILLO HEXAGONAL GRADO 5 UNC;GRADO 5;TORNILLERIA;Tornillería;tornilleria;alta;2900
T307432;TORN HEXAGONAL GRADO 5 UNC 1-1/4 X 3;TORNILLO HEXAGONAL GRADO 5 UNC;GRADO 5;TORNILLERIA;Tornillería;tornilleria;alta;17400
T307434;TORN HEXAGONAL GRADO 5 UNC 1-1/4 X 3-1/2;TORNILLO HEXAGONAL GRADO 5 UNC;GRADO 5;TORNILLERIA;Tornillería;tornilleria;alta;400
T307436;TORN HEXAGONAL GRADO 5 UNC 1-1/4 X 4;TORNILLO HEXAGONAL GRADO 5 UNC;GRADO 5;TORNILLERIA;Tornillería;tornilleria;alta;13700
T307438;TORN HEXAGONAL GRADO 5 UNC 1-1/4 X 4-1/2;TORNILLO HEXAGONAL GRADO 5 UNC;GRADO 5;TORNILLERIA;Tornillería;tornilleria;alta;22700
T307440;TORN HEXAGONAL GRADO 5 UNC 1-1/4 X 5;TORNILLO HEXAGONAL GRADO 5 UNC;GRADO 5;TORNILLERIA;Tornillería;tornilleria;alta;11800
T307442;TORN HEXAGONAL GRADO 5 UNC 1-1/4 X 6;TORNILLO HEXAGONAL GRADO 5 UNC;GRADO 5;TORNILLERIA;Tornillería;tornilleria;alta;23900
T307444;TORN HEXAGONAL GRADO 5 UNC 1-1/4 X 7;TORNILLO HEXAGONAL GRADO 5 UNC;GRADO 5;TORNILLERIA;Tornillería;tornilleria;alta;2900
T307446;TORN HEXAGONAL GRADO 5 UNC 1-1/4 X 8;TORNILLO HEXAGONAL GRADO 5 UNC;GRADO 5;TORNILLERIA;Tornillería;tornilleria;alta;6800
T307448;TORN HEXAGONAL GRADO 5 UNC 1-1/4 X 9;TORNILLO HEXAGONAL GRADO 5 UNC;GRADO 5;TORNILLERIA;Tornillería;tornilleria;alta;8400
T307450;TORN HEXAGONAL GRADO 5 UNC 1-1/4 X 10;TORNILLO HEXAGONAL GRADO 5 UNC;GRADO 5;TORNILLERIA;Tornillería;tornilleria;alta;16300
T310077;TORN HEXAGONAL GRADO 8 UNC 1/4 X 1/2;TLLO HEX GRADO 8 UNC;GRADO 8;TORNILLERIA;Tornillería;tornilleria;alta;7000
T310079;TORN HEXAGONAL GRADO 8 UNC 1/4 X 3/4;TLLO HEX GRADO 8 UNC;GRADO 8;TORNILLERIA;Tornillería;tornilleria;alta;22700
T310081;TORN HEXAGONAL GRADO 8 UNC 1/4 X 1;TLLO HEX GRADO 8 UNC;GRADO 8;TORNILLERIA;Tornillería;tornilleria;alta;22900
T310082;TORN HEXAGONAL GRADO 8 UNC 1/4 X 1 1/4;TLLO HEX GRADO 8 UNC;GRADO 8;TORNILLERIA;Tornillería;tornilleria;alta;5500
T310083;TORN HEXAGONAL GRADO 8 UNC 1/4 X 1 1/2;TLLO HEX GRADO 8 UNC;GRADO 8;TORNILLERIA;Tornillería;tornilleria;alta;2300
T310085;TORN HEXAGONAL GRADO 8 UNC 1/4 X 2;TLLO HEX GRADO 8 UNC;GRADO 8;TORNILLERIA;Tornillería;tornilleria;alta;5500
T310087;TORN HEXAGONAL GRADO 8 UNC 1/4 X 2 1/2;TLLO HEX GRADO 8 UNC;GRADO 8;TORNILLERIA;Tornillería;tornilleria;alta;24300
T310090;TORN HEXAGONAL GRADO 8 UNC 1/4 X 3;TLLO HEX GRADO 8 UNC;GRADO 8;TORNILLERIA;Tornillería;tornilleria;alta;14000
T310091;TORN HEXAGONAL GRADO 8 UNC 1/4 X 3 1/2;TLLO HEX GRADO 8 UNC;GRADO 8;TORNILLERIA;Tornillería;tornilleria;alta;19200
T310092;TORN HEXAGONAL GRADO 8 UNC 1/4 X 4;TLLO HEX GRADO 8 UNC;GRADO 8;TORNILLERIA;Tornillería;tornilleria;alta;19700
T310093;TORN HEXAGONAL GRADO 8 UNC 1/4 X 4 1/2;TLLO HEX GRADO 8 UNC;GRADO 8;TORNILLERIA;Tornillería;tornilleria;alta;10500
T310094;TORN HEXAGONAL GRADO 8 UNC 1/4 X 5;TLLO HEX GRADO 8 UNC;GRADO 8;TORNILLERIA;Tornillería;tornilleria;alta;16500
T310097;TORN HEXAGONAL GRADO 8 UNC 1/4 X 6;TLLO HEX GRADO 8 UNC;GRADO 8;TORNILLERIA;Tornillería;tornilleria;alta;7500
T310108;TORN HEXAGONAL GRADO 8 UNC 5/16 X 3/4;TLLO HEX GRADO 8 UNC;GRADO 8;TORNILLERIA;Tornillería;tornilleria;alta;15800
T310110;TORN HEXAGONAL GRADO 8 UNC 5/16 X 1;TLLO HEX GRADO 8 UNC;GRADO 8;TORNILLERIA;Tornillería;tornilleria;alta;2500
T310111;TORN HEXAGONAL GRADO 8 UNC 5/16 X 1 1/4;TLLO HEX GRADO 8 UNC;GRADO 8;TORNILLERIA;Tornillería;tornilleria;alta;23300
T310112;TORN HEXAGONAL GRADO 8 UNC 5/16 X 1 1/2;TLLO HEX GRADO 8 UNC;GRADO 8;TORNILLERIA;Tornillería;tornilleria;alta;19000
T310114;TORN HEXAGONAL GRADO 8 UNC 5/16 X 2;TLLO HEX GRADO 8 UNC;GRADO 8;TORNILLERIA;Tornillería;tornilleria;alta;6400
T310116;TORN HEXAGONAL GRADO 8 UNC 5/16 X 2 1/2;TLLO HEX GRADO 8 UNC;GRADO 8;TORNILLERIA;Tornillería;tornilleria;alta;4600
T310118;TORN HEXAGONAL GRADO 8 UNC 5/16 X 3;TLLO HEX GRADO 8 UNC;GRADO 8;TORNILLERIA;Tornillería;tornilleria;alta;16500
T310119;TORN HEXAGONAL GRADO 8 UNC 5/16 X 3 1/2;TLLO HEX GRADO 8 UNC;GRADO 8;TORNILLERIA;Tornillería;tornilleria;alta;15800
T310120;TORN HEXAGONAL GRADO 8 UNC 5/16 X 4;TLLO HEX GRADO 8 UNC;GRADO 8;TORNILLERIA;Tornillería;tornilleria;alta;23800
T310121;TORN HEXAGONAL GRADO 8 UNC 5/16 X 4 1/2;TLLO HEX GRADO 8 UNC;GRADO 8;TORNILLERIA;Tornillería;tornilleria;alta;19600
T310122;TORN HEXAGONAL GRADO 8 UNC 5/16 X 5;TLLO HEX GRADO 8 UNC;GRADO 8;TORNILLERIA;Tornillería;tornilleria;alta;23600
T310123;TORN HEXAGONAL GRADO 8 UNC 5/16 X 5 1/2;TLLO HEX GRADO 8 UNC;GRADO 8;TORNILLERIA;Tornillería;tornilleria;alta;1600
T310124;TORN HEXAGONAL GRADO 8 UNC 5/16 X 6;TLLO HEX GRADO 8 UNC;GRADO 8;TORNILLERIA;Tornillería;tornilleria;alta;4100
T310136;TORN HEXAGONAL GRADO 8 UNC 3/8 X 3/4;TLLO HEX GRADO 8 UNC;GRADO 8;TORNILLERIA;Tornillería;tornilleria;alta;10100
T310138;TORN HEXAGONAL GRADO 8 UNC 3/8 X 1;TLLO HEX GRADO 8 UNC;GRADO 8;TORNILLERIA;Tornillería;tornilleria;alta;19300
T310139;TORN HEXAGONAL GRADO 8 UNC 3/8 X 1 1/4;TLLO HEX GRADO 8 UNC;GRADO 8;TORNILLERIA;Tornillería;tornilleria;alta;17000
T310140;TORN HEXAGONAL GRADO 8 UNC 3/8 X 1 1/2;TLLO HEX GRADO 8 UNC;GRADO 8;TORNILLERIA;Tornillería;tornilleria;alta;13500
T310142;TORN HEXAGONAL GRADO 8 UNC 3/8 X 2;TLLO HEX GRADO 8 UNC;GRADO 8;TORNILLERIA;Tornillería;tornilleria;alta;5700
T310144;TORN HEXAGONAL GRADO 8 UNC 3/8 X 2 1/2;TLLO HEX GRADO 8 UNC;GRADO 8;TORNILLERIA;Tornillería;tornilleria;alta;5800
T310146;TORN HEXAGONAL GRADO 8 UNC 3/8 X 3;TLLO HEX GRADO 8 UNC;GRADO 8;TORNILLERIA;Tornillería;tornilleria;alta;21000
T310147;TORN HEXAGONAL GRADO 8 UNC 3/8 X 3 1/2;TLLO HEX GRADO 8 UNC;GRADO 8;TORNILLERIA;Tornillería;tornilleria;alta;4300
T310148;TORN HEXAGONAL GRADO 8 UNC 3/8 X 4;TLLO HEX GRADO 8 UNC;GRADO 8;TORNILLERIA;Tornillería;tornilleria;alta;19500
T310149;TORN HEXAGONAL GRADO 8 UNC 3/8 X 4 1/2;TLLO HEX GRADO 8 UNC;GRADO 8;TORNILLERIA;Tornillería;tornilleria;alta;22200
T310150;TORN HEXAGONAL GRADO 8 UNC 3/8 X 5;TLLO HEX GRADO 8 UNC;GRADO 8;TORNILLERIA;Tornillería;tornilleria;alta;19500
T310151;TORN HEXAGONAL GRADO 8 UNC 3/8 X 5 1/2;TLLO HEX GRADO 8 UNC;GRADO 8;TORNILLERIA;Tornillería;tornilleria;alta;1900
T310152;TORN HEXAGONAL GRADO 8 UNC 3/8 X 6;TLLO HEX GRADO 8 UNC;GRADO 8;TORNILLERIA;Tornillería;tornilleria;alta;15200
T310154;TORN HEXAGONAL GRADO 8 UNC 3/8 X 7;TLLO HEX GRADO 8 UNC;GRADO 8;TORNILLERIA;Tornillería;tornilleria;alta;8100
T310156;TORN HEXAGONAL GRADO 8 UNC 3/8 X 8;TLLO HEX GRADO 8 UNC;GRADO 8;TORNILLERIA;Tornillería;tornilleria;alta;2000
T310169;TORN HEXAGONAL GRADO 8 UNC 7/16 X 1;TLLO HEX GRADO 8 UNC;GRADO 8;TORNILLERIA;Tornillería;tornilleria;alta;20500
T310170;TORN HEXAGONAL GRADO 8 UNC 7/16 X 1 1/4;TLLO HEX GRADO 8 UNC;GRADO 8;TORNILLERIA;Tornillería;tornilleria;alta;700
T310171;TORN HEXAGONAL GRADO 8 UNC 7/16 X 1 1/2;TLLO HEX GRADO 8 UNC;GRADO 8;TORNILLERIA;Tornillería;tornilleria;alta;10100
T310173;TORN HEXAGONAL GRADO 8 UNC 7/16 X 2;TLLO HEX GRADO 8 UNC;GRADO 8;TORNILLERIA;Tornillería;tornilleria;alta;19500
T310175;TORN HEXAGONAL GRADO 8 UNC 7/16 X 2 1/2;TLLO HEX GRADO 8 UNC;GRADO 8;TORNILLERIA;Tornillería;tornilleria;alta;3500
T310176;TORN HEXAGONAL GRADO 8 UNC 7/16 X 3;TLLO HEX GRADO 8 UNC;GRADO 8;TORNILLERIA;Tornillería;tornilleria;alta;24800
T310177;TORN HEXAGONAL GRADO 8 UNC 7/16 X 3 1/2;TLLO HEX GRADO 8 UNC;GRADO 8;TORNILLERIA;Tornillería;tornilleria;alta;11900
T310178;TORN HEXAGONAL GRADO 8 UNC 7/16 X 4;TLLO HEX GRADO 8 UNC;GRADO 8;TORNILLERIA;Tornillería;tornilleria;alta;21700
T310179;TORN HEXAGONAL GRADO 8 UNC 7/16 X 4 1/2;TLLO HEX GRADO 8 UNC;GRADO 8;TORNILLERIA;Tornillería;tornilleria;alta;15200
T310180;TORN HEXAGONAL GRADO 8 UNC 7/16 X 5;TLLO HEX GRADO 8 UNC;GRADO 8;TORNILLERIA;Tornillería;tornilleria;alta;23700
T310181;TORN HEXAGONAL GRADO 8 UNC 7/16 X 5 1/2;TLLO HEX GRADO 8 UNC;GRADO 8;TORNILLERIA;Tornillería;tornilleria;alta;10300
T310182;TORN HEXAGONAL GRADO 8 UNC 7/16 X 6;TLLO HEX GRADO 8 UNC;GRADO 8;TORNILLERIA;Tornillería;tornilleria;alta;3500
T310184;TORN HEXAGONAL GRADO 8 UNC 7/16 X 7;TLLO HEX GRADO 8 UNC;GRADO 8;TORNILLERIA;Tornillería;tornilleria;alta;5700
T310185;TORN HEXAGONAL GRADO 8 UNC 7/16 X 8;TLLO HEX GRADO 8 UNC;GRADO 8;TORNILLERIA;Tornillería;tornilleria;alta;24600
T310198;TORN HEXAGONAL GRADO 8 UNC 1/2 X 1;TLLO HEX GRADO 8 UNC;GRADO 8;TORNILLERIA;Tornillería;tornilleria;alta;10000
T310199;TORN HEXAGONAL GRADO 8 UNC 1/2 X 1 1/4;TLLO HEX GRADO 8 UNC;GRADO 8;TORNILLERIA;Tornillería;tornilleria;alta;800
T310200;TORN HEXAGONAL GRADO 8 UNC 1/2 X 1 1/2;TLLO HEX GRADO 8 UNC;GRADO 8;TORNILLERIA;Tornillería;tornilleria;alta;15300
T310202;TORN HEXAGONAL GRADO 8 UNC 1/2 X 2;TLLO HEX GRADO 8 UNC;GRADO 8;TORNILLERIA;Tornillería;tornilleria;alta;2500
T310204;TORN HEXAGONAL GRADO 8 UNC 1/2 X 2 1/2;TLLO HEX GRADO 8 UNC;GRADO 8;TORNILLERIA;Tornillería;tornilleria;alta;9900
T310206;TORN HEXAGONAL GRADO 8 UNC 1/2 X 3;TLLO HEX GRADO 8 UNC;GRADO 8;TORNILLERIA;Tornillería;tornilleria;alta;14200
T310207;TORN HEXAGONAL GRADO 8 UNC 1/2 X 3 1/2;TLLO HEX GRADO 8 UNC;GRADO 8;TORNILLERIA;Tornillería;tornilleria;alta;23700
T310208;TORN HEXAGONAL GRADO 8 UNC 1/2 X 4;TLLO HEX GRADO 8 UNC;GRADO 8;TORNILLERIA;Tornillería;tornilleria;alta;6300
T310209;TORN HEXAGONAL GRADO 8 UNC 1/2 X 4 1/2;TLLO HEX GRADO 8 UNC;GRADO 8;TORNILLERIA;Tornillería;tornilleria;alta;9700
T310210;TORN HEXAGONAL GRADO 8 UNC 1/2 X 5;TLLO HEX GRADO 8 UNC;GRADO 8;TORNILLERIA;Tornillería;tornilleria;alta;14200
T310211;TORN HEXAGONAL GRADO 8 UNC 1/2 X 5 1/2;TLLO HEX GRADO 8 UNC;GRADO 8;TORNILLERIA;Tornillería;tornilleria;alta;10900
T310212;TORN HEXAGONAL GRADO 8 UNC 1/2 X 6;TLLO HEX GRADO 8 UNC;GRADO 8;TORNILLERIA;Tornillería;tornilleria;alta;4600
T310214;TORN HEXAGONAL GRADO 8 UNC 1/2 X 7;TLLO HEX GRADO 8 UNC;GRADO 8;TORNILLERIA;Tornillería;tornilleria;alta;19500
T310216;TORN HEXAGONAL GRADO 8 UNC 1/2 X 8;TLLO HEX GRADO 8 UNC;GRADO 8;TORNILLERIA;Tornillería;tornilleria;alta;7500
T310218;TORN HEXAGONAL GRADO 8 UNC 1/2 X 9;TLLO HEX GRADO 8 UNC;GRADO 8;TORNILLERIA;Tornillería;tornilleria;alta;14800
T310219;TORN HEXAGONAL GRADO 8 UNC 1/2 X 10;TLLO HEX GRADO 8 UNC;GRADO 8;TORNILLERIA;Tornillería;tornilleria;alta;5300
T310230;TORN HEXAGONAL GRADO 8 UNC 9/16 X 1;TLLO HEX GRADO 8 UNC;GRADO 8;TORNILLERIA;Tornillería;tornilleria;alta;9900
T310231;TORN HEXAGONAL GRADO 8 UNC 9/16 X 1 1/4;TLLO HEX GRADO 8 UNC;GRADO 8;TORNILLERIA;Tornillería;tornilleria;alta;23400
T310232;TORN HEXAGONAL GRADO 8 UNC 9/16 X 1 1/2;TLLO HEX GRADO 8 UNC;GRADO 8;TORNILLERIA;Tornillería;tornilleria;alta;14900
T310233;TORN HEXAGONAL GRADO 8 UNC 9/16 X 2;TLLO HEX GRADO 8 UNC;GRADO 8;TORNILLERIA;Tornillería;tornilleria;alta;2300
T310234;TORN HEXAGONAL GRADO 8 UNC 9/16 X 2 1/2;TLLO HEX GRADO 8 UNC;GRADO 8;TORNILLERIA;Tornillería;tornilleria;alta;22800
T310235;TORN HEXAGONAL GRADO 8 UNC 9/16 X 3;TLLO HEX GRADO 8 UNC;GRADO 8;TORNILLERIA;Tornillería;tornilleria;alta;9100
T310236;TORN HEXAGONAL GRADO 8 UNC 9/16 X 3 1/2;TLLO HEX GRADO 8 UNC;GRADO 8;TORNILLERIA;Tornillería;tornilleria;alta;18200
T310237;TORN HEXAGONAL GRADO 8 UNC 9/16 X 4;TLLO HEX GRADO 8 UNC;GRADO 8;TORNILLERIA;Tornillería;tornilleria;alta;24500
T310238;TORN HEXAGONAL GRADO 8 UNC 9/16 X 4 1/2;TLLO HEX GRADO 8 UNC;GRADO 8;TORNILLERIA;Tornillería;tornilleria;alta;9600
T310239;TORN HEXAGONAL GRADO 8 UNC 9/16 X 5;TLLO HEX GRADO 8 UNC;GRADO 8;TORNILLERIA;Tornillería;tornilleria;alta;19600
T310241;TORN HEXAGONAL GRADO 8 UNC 9/16 X 6;TLLO HEX GRADO 8 UNC;GRADO 8;TORNILLERIA;Tornillería;tornilleria;alta;1000
T310242;TORN HEXAGONAL GRADO 8 UNC 9/16 X 7;TLLO HEX GRADO 8 UNC;GRADO 8;TORNILLERIA;Tornillería;tornilleria;alta;9700
T310244;TORN HEXAGONAL GRADO 8 UNC 9/16 X 8;TLLO HEX GRADO 8 UNC;GRADO 8;TORNILLERIA;Tornillería;tornilleria;alta;6600
T310246;TORN HEXAGONAL GRADO 8 UNC 9/16 X 10;TLLO HEX GRADO 8 UNC;GRADO 8;TORNILLERIA;Tornillería;tornilleria;alta;4900
T310255;TORN HEXAGONAL GRADO 8 UNC 5/8 X 1;TLLO HEX GRADO 8 UNC;GRADO 8;TORNILLERIA;Tornillería;tornilleria;alta;1200
T310256;TORN HEXAGONAL GRADO 8 UNC 5/8 X 1 1/4;TLLO HEX GRADO 8 UNC;GRADO 8;TORNILLERIA;Tornillería;tornilleria;alta;4000
T310257;TORN HEXAGONAL GRADO 8 UNC 5/8 X 1 1/2;TLLO HEX GRADO 8 UNC;GRADO 8;TORNILLERIA;Tornillería;tornilleria;alta;9100
T310259;TORN HEXAGONAL GRADO 8 UNC 5/8 X 2;TLLO HEX GRADO 8 UNC;GRADO 8;TORNILLERIA;Tornillería;tornilleria;alta;5400
T310261;TORN HEXAGONAL GRADO 8 UNC 5/8 X 2 1/2;TLLO HEX GRADO 8 UNC;GRADO 8;TORNILLERIA;Tornillería;tornilleria;alta;17400
T310263;TORN HEXAGONAL GRADO 8 UNC 5/8 X 3;TLLO HEX GRADO 8 UNC;GRADO 8;TORNILLERIA;Tornillería;tornilleria;alta;13400
T310265;TORN HEXAGONAL GRADO 8 UNC 5/8 X 3 1/2;TLLO HEX GRADO 8 UNC;GRADO 8;TORNILLERIA;Tornillería;tornilleria;alta;20800
T310267;TORN HEXAGONAL GRADO 8 UNC 5/8 X 4;TLLO HEX GRADO 8 UNC;GRADO 8;TORNILLERIA;Tornillería;tornilleria;alta;3900
T310269;TORN HEXAGONAL GRADO 8 UNC 5/8 X 4 1/2;TLLO HEX GRADO 8 UNC;GRADO 8;TORNILLERIA;Tornillería;tornilleria;alta;400
T310270;TORN HEXAGONAL GRADO 8 UNC 5/8 X 5;TLLO HEX GRADO 8 UNC;GRADO 8;TORNILLERIA;Tornillería;tornilleria;alta;24800
T310271;TORN HEXAGONAL GRADO 8 UNC 5/8 X 5 1/2;TLLO HEX GRADO 8 UNC;GRADO 8;TORNILLERIA;Tornillería;tornilleria;alta;13300
T310272;TORN HEXAGONAL GRADO 8 UNC 5/8 X 6;TLLO HEX GRADO 8 UNC;GRADO 8;TORNILLERIA;Tornillería;tornilleria;alta;11900
T310273;TORN HEXAGONAL GRADO 8 UNC 5/8 X 6 1/2;TLLO HEX GRADO 8 UNC;GRADO 8;TORNILLERIA;Tornillería;tornilleria;alta;14600
T310274;TORN HEXAGONAL GRADO 8 UNC 5/8 X 7;TLLO HEX GRADO 8 UNC;GRADO 8;TORNILLERIA;Tornillería;tornilleria;alta;10000
T310276;TORN HEXAGONAL GRADO 8 UNC 5/8 X 8;TLLO HEX GRADO 8 UNC;GRADO 8;TORNILLERIA;Tornillería;tornilleria;alta;18900
T310277;TORN HEXAGONAL GRADO 8 UNC 5/8 X 9;TLLO HEX GRADO 8 UNC;GRADO 8;TORNILLERIA;Tornillería;tornilleria;alta;11700
T310278;TORN HEXAGONAL GRADO 8 UNC 5/8 X 10;TLLO HEX GRADO 8 UNC;GRADO 8;TORNILLERIA;Tornillería;tornilleria;alta;24000
T310279;TORN HEXAGONAL GRADO 8 UNC 5/8 X 11;TLLO HEX GRADO 8 UNC;GRADO 8;TORNILLERIA;Tornillería;tornilleria;alta;20300
T310280;TORN HEXAGONAL GRADO 8 UNC 5/8 X 12;TLLO HEX GRADO 8 UNC;GRADO 8;TORNILLERIA;Tornillería;tornilleria;alta;17000
T310295;TORN HEXAGONAL GRADO 8 UNC 3/4 X 1 1/2;TLLO HEX GRADO 8 UNC;GRADO 8;TORNILLERIA;Tornillería;tornilleria;alta;12000
T310297;TORN HEXAGONAL GRADO 8 UNC 3/4 X 2;TLLO HEX GRADO 8 UNC;GRADO 8;TORNILLERIA;Tornillería;tornilleria;alta;9200
T310299;TORN HEXAGONAL GRADO 8 UNC 3/4 X 2 1/2;TLLO HEX GRADO 8 UNC;GRADO 8;TORNILLERIA;Tornillería;tornilleria;alta;14400
T310301;TORN HEXAGONAL GRADO 8 UNC 3/4 X 3;TLLO HEX GRADO 8 UNC;GRADO 8;TORNILLERIA;Tornillería;tornilleria;alta;1000
T310303;TORN HEXAGONAL GRADO 8 UNC 3/4 X 3 1/2;TLLO HEX GRADO 8 UNC;GRADO 8;TORNILLERIA;Tornillería;tornilleria;alta;15100
T310305;TORN HEXAGONAL GRADO 8 UNC 3/4 X 4;TLLO HEX GRADO 8 UNC;GRADO 8;TORNILLERIA;Tornillería;tornilleria;alta;1900
T310306;TORN HEXAGONAL GRADO 8 UNC 3/4 X 4 1/2;TLLO HEX GRADO 8 UNC;GRADO 8;TORNILLERIA;Tornillería;tornilleria;alta;23600
T310307;TORN HEXAGONAL GRADO 8 UNC 3/4 X 5;TLLO HEX GRADO 8 UNC;GRADO 8;TORNILLERIA;Tornillería;tornilleria;alta;5200
T310308;TORN HEXAGONAL GRADO 8 UNC 3/4 X 5 1/2;TLLO HEX GRADO 8 UNC;GRADO 8;TORNILLERIA;Tornillería;tornilleria;alta;7600
T310309;TORN HEXAGONAL GRADO 8 UNC 3/4 X 6;TLLO HEX GRADO 8 UNC;GRADO 8;TORNILLERIA;Tornillería;tornilleria;alta;13000
T310311;TORN HEXAGONAL GRADO 8 UNC 3/4 X 7;TLLO HEX GRADO 8 UNC;GRADO 8;TORNILLERIA;Tornillería;tornilleria;alta;16000
T310313;TORN HEXAGONAL GRADO 8 UNC 3/4 X 8;TLLO HEX GRADO 8 UNC;GRADO 8;TORNILLERIA;Tornillería;tornilleria;alta;16500
T310315;TORN HEXAGONAL GRADO 8 UNC 3/4 X 9;TLLO HEX GRADO 8 UNC;GRADO 8;TORNILLERIA;Tornillería;tornilleria;alta;9700
T310317;TORN HEXAGONAL GRADO 8 UNC 3/4 X 10;TLLO HEX GRADO 8 UNC;GRADO 8;TORNILLERIA;Tornillería;tornilleria;alta;20900
T310318;TORN HEXAGONAL GRADO 8 UNC 3/4 X 11;TLLO HEX GRADO 8 UNC;GRADO 8;TORNILLERIA;Tornillería;tornilleria;alta;2200
T310319;TORN HEXAGONAL GRADO 8 UNC 3/4 X 12;TLLO HEX GRADO 8 UNC;GRADO 8;TORNILLERIA;Tornillería;tornilleria;alta;17800
T310328;TORN HEXAGONAL GRADO 8 UNC 7/8 X 1 1/2;TLLO HEX GRADO 8 UNC;GRADO 8;TORNILLERIA;Tornillería;tornilleria;alta;17800
T310329;TORN HEXAGONAL GRADO 8 UNC 7/8 X 2;TLLO HEX GRADO 8 UNC;GRADO 8;TORNILLERIA;Tornillería;tornilleria;alta;4900
T310330;TORN HEXAGONAL GRADO 8 UNC 7/8 X 2 1/2;TLLO HEX GRADO 8 UNC;GRADO 8;TORNILLERIA;Tornillería;tornilleria;alta;12200
T310331;TORN HEXAGONAL GRADO 8 UNC 7/8 X 3;TLLO HEX GRADO 8 UNC;GRADO 8;TORNILLERIA;Tornillería;tornilleria;alta;20500
T310332;TORN HEXAGONAL GRADO 8 UNC 7/8 X 3 1/2;TLLO HEX GRADO 8 UNC;GRADO 8;TORNILLERIA;Tornillería;tornilleria;alta;23800
T310333;TORN HEXAGONAL GRADO 8 UNC 7/8 X 4;TLLO HEX GRADO 8 UNC;GRADO 8;TORNILLERIA;Tornillería;tornilleria;alta;8900
T310334;TORN HEXAGONAL GRADO 8 UNC 7/8 X 4 1/2;TLLO HEX GRADO 8 UNC;GRADO 8;TORNILLERIA;Tornillería;tornilleria;alta;1000
T310335;TORN HEXAGONAL GRADO 8 UNC 7/8 X 5;TLLO HEX GRADO 8 UNC;GRADO 8;TORNILLERIA;Tornillería;tornilleria;alta;400
T310336;TORN HEXAGONAL GRADO 8 UNC 7/8 X 5 1/2;TLLO HEX GRADO 8 UNC;GRADO 8;TORNILLERIA;Tornillería;tornilleria;alta;15300
T310337;TORN HEXAGONAL GRADO 8 UNC 7/8 X 6;TLLO HEX GRADO 8 UNC;GRADO 8;TORNILLERIA;Tornillería;tornilleria;alta;11100
T310339;TORN HEXAGONAL GRADO 8 UNC 7/8 X 7;TLLO HEX GRADO 8 UNC;GRADO 8;TORNILLERIA;Tornillería;tornilleria;alta;4700
T310341;TORN HEXAGONAL GRADO 8 UNC 7/8 X 8;TLLO HEX GRADO 8 UNC;GRADO 8;TORNILLERIA;Tornillería;tornilleria;alta;4900
T310342;TORN HEXAGONAL GRADO 8 UNC 7/8 X 9;TLLO HEX GRADO 8 UNC;GRADO 8;TORNILLERIA;Tornillería;tornilleria;alta;2800
T310343;TORN HEXAGONAL GRADO 8 UNC 7/8 X 10;TLLO HEX GRADO 8 UNC;GRADO 8;TORNILLERIA;Tornillería;tornilleria;alta;9100
T310344;TORN HEXAGONAL GRADO 8 UNC 7/8 X 11;TLLO HEX GRADO 8 UNC;GRADO 8;TORNILLERIA;Tornillería;tornilleria;alta;22900
T310345;TORN HEXAGONAL GRADO 8 UNC 7/8 X 12;TLLO HEX GRADO 8 UNC;GRADO 8;TORNILLERIA;Tornillería;tornilleria;alta;3400
T310352;TORN HEXAGONAL GRADO 8 UNC 1 X 2;TLLO HEX GRADO 8 UNC;GRADO 8;TORNILLERIA;Tornillería;tornilleria;alta;22700
T310353;TORN HEXAGONAL GRADO 8 UNC 1 X 2 1/2;TLLO HEX GRADO 8 UNC;GRADO 8;TORNILLERIA;Tornillería;tornilleria;alta;22500
T310354;TORN HEXAGONAL GRADO 8 UNC 1 X 3;TLLO HEX GRADO 8 UNC;GRADO 8;TORNILLERIA;Tornillería;tornilleria;alta;2400
T310355;TORN HEXAGONAL GRADO 8 UNC 1 X 3 1/2;TLLO HEX GRADO 8 UNC;GRADO 8;TORNILLERIA;Tornillería;tornilleria;alta;8100
T310356;TORN HEXAGONAL GRADO 8 UNC 1 X 4;TLLO HEX GRADO 8 UNC;GRADO 8;TORNILLERIA;Tornillería;tornilleria;alta;300
T310357;TORN HEXAGONAL GRADO 8 UNC 1 X 4 1/2;TLLO HEX GRADO 8 UNC;GRADO 8;TORNILLERIA;Tornillería;tornilleria;alta;4000
T310358;TORN HEXAGONAL GRADO 8 UNC 1 X 5;TLLO HEX GRADO 8 UNC;GRADO 8;TORNILLERIA;Tornillería;tornilleria;alta;9900
T310360;TORN HEXAGONAL GRADO 8 UNC 1 X 6;TLLO HEX GRADO 8 UNC;GRADO 8;TORNILLERIA;Tornillería;tornilleria;alta;24800
T310362;TORN HEXAGONAL GRADO 8 UNC 1 X 7;TLLO HEX GRADO 8 UNC;GRADO 8;TORNILLERIA;Tornillería;tornilleria;alta;12300
T310364;TORN HEXAGONAL GRADO 8 UNC 1 X 8;TLLO HEX GRADO 8 UNC;GRADO 8;TORNILLERIA;Tornillería;tornilleria;alta;18300
T310366;TORN HEXAGONAL GRADO 8 UNC 1 X 9;TLLO HEX GRADO 8 UNC;GRADO 8;TORNILLERIA;Tornillería;tornilleria;alta;11700
T310368;TORN HEXAGONAL GRADO 8 UNC 1 X 10;TLLO HEX GRADO 8 UNC;GRADO 8;TORNILLERIA;Tornillería;tornilleria;alta;1100
T310369;TORN HEXAGONAL GRADO 8 UNC 1 X 11;TLLO HEX GRADO 8 UNC;GRADO 8;TORNILLERIA;Tornillería;tornilleria;alta;6400
T310370;TORN HEXAGONAL GRADO 8 UNC 1 X 12;TLLO HEX GRADO 8 UNC;GRADO 8;TORNILLERIA;Tornillería;tornilleria;alta;1900
T310380;TORNILLO HEXAGONAL GRADO 8 UNC 1 1/8 X 4 1/2;TLLO HEX GRADO 8 UNC;GRADO 8;TORNILLERIA;Tornillería;tornilleria;alta;1900
T310420;TUERCA HEXAGONAL SAE G5 UNC 1 1/2-6;TLLO HEX GRADO 8 UNC;GRADO 8;TORNILLERIA;Tornillería;tornilleria;alta;18100
T501065;"ARANDELA PLANA NEGRA X UNIDAD 3/4""";TLLO HEX GRADO 8 UNC;GRADO 8;TORNILLERIA;Tornillería;tornilleria;alta;23000
T318077;TORNILLO HEX INOX 304 A2 UNC 1/4 X 1/2;TORN. HEX INOX 304;INOXIDABLE;TORNILLERIA;Tornillería;tornilleria;alta;20800
T318079;TORNILLO HEX INOX 304 A2 UNC 1/4 X 3/4;TORN. HEX INOX 304;INOXIDABLE;TORNILLERIA;Tornillería;tornilleria;alta;3800
T318081;TORNILLO HEX INOX 304 A2 UNC 1/4 X 1;TORN. HEX INOX 304;INOXIDABLE;TORNILLERIA;Tornillería;tornilleria;alta;21900
T318082;TORNILLO HEX INOX 304 A2 UNC 1/4 X 1 1/4;TORN. HEX INOX 304;INOXIDABLE;TORNILLERIA;Tornillería;tornilleria;alta;10400
T318083;TORNILLO HEX INOX 304 A2 UNC 1/4 X 1 1/2;TORN. HEX INOX 304;INOXIDABLE;TORNILLERIA;Tornillería;tornilleria;alta;22300
T318085;TORNILLO HEX INOX 304 A2 UNC 1/4 X 2;TORN. HEX INOX 304;INOXIDABLE;TORNILLERIA;Tornillería;tornilleria;alta;7500
T318087;TORNILLO HEX INOX 304 A2 UNC 1/4 X 2 1/2;TORN. HEX INOX 304;INOXIDABLE;TORNILLERIA;Tornillería;tornilleria;alta;20900
T318090;TORNILLO HEX INOX 304 A2 UNC 1/4 X 3;TORN. HEX INOX 304;INOXIDABLE;TORNILLERIA;Tornillería;tornilleria;alta;21100
T318108;TORNILLO HEX INOX 304 A2 UNC 5/16 X 3/4;TORN. HEX INOX 304;INOXIDABLE;TORNILLERIA;Tornillería;tornilleria;alta;5900
T318110;TORNILLO HEX INOX 304 A2 UNC 5/16 X 1;TORN. HEX INOX 304;INOXIDABLE;TORNILLERIA;Tornillería;tornilleria;alta;18200
T318111;TORNILLO HEX INOX 304 A2 UNC 5/16 X 1 1/4;TORN. HEX INOX 304;INOXIDABLE;TORNILLERIA;Tornillería;tornilleria;alta;22200
T318112;TORNILLO HEX INOX 304 A2 UNC 5/16 X 1 1/2;TORN. HEX INOX 304;INOXIDABLE;TORNILLERIA;Tornillería;tornilleria;alta;2300
T318114;TORNILLO HEX INOX 304 A2 UNC 5/16 X 2;TORN. HEX INOX 304;INOXIDABLE;TORNILLERIA;Tornillería;tornilleria;alta;18800
T318114RP;TORNILLO HEX INOX 304 A2 UNC 5/16 X 2 ROSCA PARCIAL;TORN. HEX INOX 304;INOXIDABLE;TORNILLERIA;Tornillería;tornilleria;alta;16100
T318116;TORNILLO HEX INOX 304 A2 UNC 5/16 X 2 1/2;TORN. HEX INOX 304;INOXIDABLE;TORNILLERIA;Tornillería;tornilleria;alta;5500
T318118;TORNILLO HEX INOX 304 A2 UNC 5/16 X 3;TORN. HEX INOX 304;INOXIDABLE;TORNILLERIA;Tornillería;tornilleria;alta;4000
T318119;TORNILLO HEX INOX 304 A2 UNC 5/16 X 3 1/2;TORN. HEX INOX 304;INOXIDABLE;TORNILLERIA;Tornillería;tornilleria;alta;12700
T318120;TORNILLO HEX INOX 304 A2 UNC 5/16 X 4;TORN. HEX INOX 304;INOXIDABLE;TORNILLERIA;Tornillería;tornilleria;alta;23800
T318136;TORNILLO HEX INOX 304 A2 UNC 3/8 X 3/4;TORN. HEX INOX 304;INOXIDABLE;TORNILLERIA;Tornillería;tornilleria;alta;13200
T318138;TORNILLO HEX INOX 304 A2 UNC 3/8 X 1;TORN. HEX INOX 304;INOXIDABLE;TORNILLERIA;Tornillería;tornilleria;alta;3700
T318139;TORNILLO HEX INOX 304 A2 UNC 3/8 X 1 1/4;TORN. HEX INOX 304;INOXIDABLE;TORNILLERIA;Tornillería;tornilleria;alta;8000
T318140;TORNILLO HEX INOX 304 A2 UNC 3/8 X 1 1/2;TORN. HEX INOX 304;INOXIDABLE;TORNILLERIA;Tornillería;tornilleria;alta;21000
T318142;TORNILLO HEX INOX 304 A2 UNC 3/8 X 2;TORN. HEX INOX 304;INOXIDABLE;TORNILLERIA;Tornillería;tornilleria;alta;9800
T318144;TORNILLO HEX INOX 304 A2 UNC 3/8 X 2 1/2;TORN. HEX INOX 304;INOXIDABLE;TORNILLERIA;Tornillería;tornilleria;alta;19200
T318146;TORNILLO HEX INOX 304 A2 UNC 3/8 X 3;TORN. HEX INOX 304;INOXIDABLE;TORNILLERIA;Tornillería;tornilleria;alta;20600
T318147;TORNILLO HEX INOX 304 A2 UNC 3/8 X 3 1/2;TORN. HEX INOX 304;INOXIDABLE;TORNILLERIA;Tornillería;tornilleria;alta;1600
T318148;TORNILLO HEX INOX 304 A2 UNC 3/8 X 4;TORN. HEX INOX 304;INOXIDABLE;TORNILLERIA;Tornillería;tornilleria;alta;15900
T318169;TORNILLO HEX INOX 304 A2 UNC 7/16 X 1;TORN. HEX INOX 304;INOXIDABLE;TORNILLERIA;Tornillería;tornilleria;alta;17100
T318171;TORNILLO HEX INOX 304 A2 UNC 7/16 X 1 1/2;TORN. HEX INOX 304;INOXIDABLE;TORNILLERIA;Tornillería;tornilleria;alta;23700
T318173;TORNILLO HEX INOX 304 A2 UNC 7/16 X 2;TORN. HEX INOX 304;INOXIDABLE;TORNILLERIA;Tornillería;tornilleria;alta;19200
T318198;TORNILLO HEX INOX 304 A2 UNC 1/2 X 1;TORN. HEX INOX 304;INOXIDABLE;TORNILLERIA;Tornillería;tornilleria;alta;1300
T318199;TORNILLO HEX INOX 304 A2 UNC 1/2 X 1 1/4;TORN. HEX INOX 304;INOXIDABLE;TORNILLERIA;Tornillería;tornilleria;alta;22900
T318200;TORNILLO HEX INOX 304 A2 UNC 1/2 X 1 1/2;TORN. HEX INOX 304;INOXIDABLE;TORNILLERIA;Tornillería;tornilleria;alta;18200
T318202;TORNILLO HEX INOX 304 A2 UNC 1/2 X 2;TORN. HEX INOX 304;INOXIDABLE;TORNILLERIA;Tornillería;tornilleria;alta;3900
T318204;TORNILLO HEX INOX 304 A2 UNC 1/2 X 2 1/2;TORN. HEX INOX 304;INOXIDABLE;TORNILLERIA;Tornillería;tornilleria;alta;9900
T318206;TORNILLO HEX INOX 304 A2 UNC 1/2 X 3;TORN. HEX INOX 304;INOXIDABLE;TORNILLERIA;Tornillería;tornilleria;alta;11300
T318206RP;TORNILLO HEX INOX 304 A2 UNC 1/2 X 3 - ROSCA PARCIAL;TORN. HEX INOX 304;INOXIDABLE;TORNILLERIA;Tornillería;tornilleria;alta;21200
T318207;TORNILLO HEX INOX 304 A2 UNC 1/2 X 3 1/2;TORN. HEX INOX 304;INOXIDABLE;TORNILLERIA;Tornillería;tornilleria;alta;15500
T318208;TORNILLO HEX INOX 304 A2 UNC 1/2 X 4;TORN. HEX INOX 304;INOXIDABLE;TORNILLERIA;Tornillería;tornilleria;alta;16000
T318257;TORNILLO HEX INOX 304 A2 UNC 5/8 X 1 1/2;TORN. HEX INOX 304;INOXIDABLE;TORNILLERIA;Tornillería;tornilleria;alta;2000
T318259;TORNILLO HEX INOX 304 A2 UNC 5/8 X 2;TORN. HEX INOX 304;INOXIDABLE;TORNILLERIA;Tornillería;tornilleria;alta;1000
T318261;TORNILLO HEX INOX 304 A2 UNC 5/8 X 2 1/2;TORN. HEX INOX 304;INOXIDABLE;TORNILLERIA;Tornillería;tornilleria;alta;22500
T318263;TORNILLO HEX INOX 304 A2 UNC 5/8 X 3;TORN. HEX INOX 304;INOXIDABLE;TORNILLERIA;Tornillería;tornilleria;alta;17600
T318265;TORNILLO HEX INOX 304 A2 UNC 5/8 X 3 1/2;TORN. HEX INOX 304;VARIOS;TORNILLERIA;Tornillería;tornilleria;alta;20600
T318297;TORNILLO HEX INOX 304 A2 UNC 3/4 X 2;TORN. HEX INOX 304;INOXIDABLE;TORNILLERIA;Tornillería;tornilleria;alta;1400
T318299;TORNILLO HEX INOX 304 A2 UNC 3/4 X 2 1/2;TORN. HEX INOX 304;INOXIDABLE;TORNILLERIA;Tornillería;tornilleria;alta;5200
T318301;TORNILLO HEX INOX 304 A2 UNC 3/4 X 3;TORN. HEX INOX 304;INOXIDABLE;TORNILLERIA;Tornillería;tornilleria;alta;11300
T326008;TORN CABEZA REDONDA COMB ZINC 1/8 X 3/8;TORNILLO CABEZA REDONDA ZINCADO;CABEZA REDONDA;TORNILLERIA;Tornillería;tornilleria;alta;8600
T326009;TORN CABEZA REDONDA COMB ZINC 1/8 X 1/2;TORNILLO CABEZA REDONDA ZINCADO;CABEZA REDONDA;TORNILLERIA;Tornillería;tornilleria;alta;7800
T326011;TORN CABEZA REDONDA COMB ZINC 1/8 X 3/4;TORNILLO CABEZA REDONDA ZINCADO;CABEZA REDONDA;TORNILLERIA;Tornillería;tornilleria;alta;3000
T326012;TORN CABEZA REDONDA COMB ZINC 1/8 X 1;TORNILLO CABEZA REDONDA ZINCADO;CABEZA REDONDA;TORNILLERIA;Tornillería;tornilleria;alta;18000
T326013;TORN CABEZA REDONDA COMB ZINC 1/8 X 1 1/4;TORNILLO CABEZA REDONDA ZINCADO;CABEZA REDONDA;TORNILLERIA;Tornillería;tornilleria;alta;7700
T326014;TORN CABEZA REDONDA COMB ZINC 1/8 X 1 1/2;TORNILLO CABEZA REDONDA ZINCADO;CABEZA REDONDA;TORNILLERIA;Tornillería;tornilleria;alta;13400
T326015;TORN CABEZA REDONDA COMB ZINC 1/8 X 2;TORNILLO CABEZA REDONDA ZINCADO;CABEZA REDONDA;TORNILLERIA;Tornillería;tornilleria;alta;16900
T326017;TORN CABEZA REDONDA COMB ZINC 5 X 2-1/2;TORNILLO CABEZA REDONDA ZINCADO;VARIOS;TORNILLERIA;Tornillería;tornilleria;alta;8900
T326019;TORN CABEZA REDONDA COMB ZINC 1/8 X 3;TORNILLO CABEZA REDONDA ZINCADO;VARIOS;TORNILLERIA;Tornillería;tornilleria;alta;15700
T326032;TORN CABEZA REDONDA COMB ZINC 5/32 X 3/8;TORNILLO CABEZA REDONDA ZINCADO;CABEZA REDONDA;TORNILLERIA;Tornillería;tornilleria;alta;21000
T326033;TORN CABEZA REDONDA COMB ZINC 5/32 X 1/2;TORNILLO CABEZA REDONDA ZINCADO;CABEZA REDONDA;TORNILLERIA;Tornillería;tornilleria;alta;9100
T326034;TORN CABEZA REDONDA COMB ZINC 5/32 X 5/8;TORNILLO CABEZA REDONDA ZINCADO;CABEZA REDONDA;TORNILLERIA;Tornillería;tornilleria;alta;1700
T326035;TORN CABEZA REDONDA COMB ZINC 5/32 X 3/4;TORNILLO CABEZA REDONDA ZINCADO;CABEZA REDONDA;TORNILLERIA;Tornillería;tornilleria;alta;5800
T326036;TORN CABEZA REDONDA COMB ZINC 5/32 X 1;TORNILLO CABEZA REDONDA ZINCADO;CABEZA REDONDA;TORNILLERIA;Tornillería;tornilleria;alta;6100
T326037;TORN CABEZA REDONDA COMB ZINC 5/32 X 1 1/4;TORNILLO CABEZA REDONDA ZINCADO;CABEZA REDONDA;TORNILLERIA;Tornillería;tornilleria;alta;900
T326038;TORN CABEZA REDONDA COMB ZINC 5/32 X 1 1/2;TORNILLO CABEZA REDONDA ZINCADO;CABEZA REDONDA;TORNILLERIA;Tornillería;tornilleria;alta;21000
T326039;TORN CABEZA REDONDA COMB ZINC 5/32 X 2;TORNILLO CABEZA REDONDA ZINCADO;CABEZA REDONDA;TORNILLERIA;Tornillería;tornilleria;alta;14800
T326040;TORN CABEZA REDONDA COMB ZINC 5/32 X 2 1/2;TORNILLO CABEZA REDONDA ZINCADO;CABEZA REDONDA;TORNILLERIA;Tornillería;tornilleria;alta;5700
T326041;TORN CABEZA REDONDA COMB ZINC 5/32 X 3;TORNILLO CABEZA REDONDA ZINCADO;CABEZA REDONDA;TORNILLERIA;Tornillería;tornilleria;alta;24800
T326042;TORN CABEZA REDONDA COMB ZINC 5/32 X 3 1/2;TORNILLO CABEZA REDONDA ZINCADO;CABEZA REDONDA;TORNILLERIA;Tornillería;tornilleria;alta;5700
T326043;TORN CABEZA REDONDA COMB ZINC 5/32 X 4;TORNILLO CABEZA REDONDA ZINCADO;CABEZA REDONDA;TORNILLERIA;Tornillería;tornilleria;alta;24500
T326051;TORN CABEZA REDONDA COMB ZINC 3/16 X 3/8;TORNILLO CABEZA REDONDA ZINCADO;CABEZA REDONDA;TORNILLERIA;Tornillería;tornilleria;alta;16700
T326052;TORN CABEZA REDONDA COMB ZINC 3/16 X 1/2;TORNILLO CABEZA REDONDA ZINCADO;CABEZA REDONDA;TORNILLERIA;Tornillería;tornilleria;alta;6500
T326053;TORN CABEZA REDONDA COMB ZINC 3/16 X 5/8;TORNILLO CABEZA REDONDA ZINCADO;CABEZA REDONDA;TORNILLERIA;Tornillería;tornilleria;alta;17000
T326054;TORN CABEZA REDONDA COMB ZINC 3/16 X 3/4;TORNILLO CABEZA REDONDA ZINCADO;CABEZA REDONDA;TORNILLERIA;Tornillería;tornilleria;alta;10900
T326056;TORN CABEZA REDONDA COMB ZINC 3/16 X 1;TORNILLO CABEZA REDONDA ZINCADO;CABEZA REDONDA;TORNILLERIA;Tornillería;tornilleria;alta;3800
T326057;TORN CABEZA REDONDA COMB ZINC 3/16 X 1 1/4;TORNILLO CABEZA REDONDA ZINCADO;CABEZA REDONDA;TORNILLERIA;Tornillería;tornilleria;alta;14800
T326058;TORN CABEZA REDONDA COMB ZINC 3/16 X 1 1/2;TORNILLO CABEZA REDONDA ZINCADO;CABEZA REDONDA;TORNILLERIA;Tornillería;tornilleria;alta;600
T326059;TORN CABEZA REDONDA COMB ZINC 3/16 X 2;TORNILLO CABEZA REDONDA ZINCADO;CABEZA REDONDA;TORNILLERIA;Tornillería;tornilleria;alta;18000
T326060;TORN CABEZA REDONDA COMB ZINC 3/16 X 2 1/2;TORNILLO CABEZA REDONDA ZINCADO;CABEZA REDONDA;TORNILLERIA;Tornillería;tornilleria;alta;3700
T326061;TORN CABEZA REDONDA COMB ZINC 3/16 X 3;TORNILLO CABEZA REDONDA ZINCADO;CABEZA REDONDA;TORNILLERIA;Tornillería;tornilleria;alta;17500
T326062;TORN CABEZA REDONDA COMB ZINC 3/16 X 4;TORNILLO CABEZA REDONDA ZINCADO;CABEZA REDONDA;TORNILLERIA;Tornillería;tornilleria;alta;13500
T326067;TORN CABEZA REDONDA COMB ZINC 3/16 X 3 1/2;TORNILLO CABEZA REDONDA ZINCADO;CABEZA REDONDA;TORNILLERIA;Tornillería;tornilleria;alta;20400
T326077;TORN CABEZA REDONDA COMB ZINC 1/4 X 1/2;TORNILLO CABEZA REDONDA ZINCADO;CABEZA REDONDA;TORNILLERIA;Tornillería;tornilleria;alta;19100
T326079;TORN CABEZA REDONDA COMB ZINC 1/4 X 3/4;TORNILLO CABEZA REDONDA ZINCADO;CABEZA REDONDA;TORNILLERIA;Tornillería;tornilleria;alta;24000
T326081;TORN CABEZA REDONDA COMB ZINC 1/4 X 1;TORNILLO CABEZA REDONDA ZINCADO;CABEZA REDONDA;TORNILLERIA;Tornillería;tornilleria;alta;6900
T326082;TORN CABEZA REDONDA COMB ZINC 1/4 X 1 1/4;TORNILLO CABEZA REDONDA ZINCADO;CABEZA REDONDA;TORNILLERIA;Tornillería;tornilleria;alta;10600
T326083;TORN CABEZA REDONDA COMB ZINC 1/4 X 1 1/2;TORNILLO CABEZA REDONDA ZINCADO;CABEZA REDONDA;TORNILLERIA;Tornillería;tornilleria;alta;21600
T326085;TORN CABEZA REDONDA COMB ZINC 1/4 X 2;TORNILLO CABEZA REDONDA ZINCADO;CABEZA REDONDA;TORNILLERIA;Tornillería;tornilleria;alta;1600
T326087;TORN CABEZA REDONDA COMB ZINC 1/4 X 2 1/2;TORNILLO CABEZA REDONDA ZINCADO;CABEZA REDONDA;TORNILLERIA;Tornillería;tornilleria;alta;11700
T326090;TORN CABEZA REDONDA COMB ZINC 1/4 X 3;TORNILLO CABEZA REDONDA ZINCADO;CABEZA REDONDA;TORNILLERIA;Tornillería;tornilleria;alta;17900
T326092;TORN CABEZA REDONDA COMB ZINC 1/4 X 4;TORNILLO CABEZA REDONDA ZINCADO;CABEZA REDONDA;TORNILLERIA;Tornillería;tornilleria;alta;9800
T326094;TORN CABEZA REDONDA COMB ZINC 1/4 X 5;TORNILLO CABEZA REDONDA ZINCADO;CABEZA REDONDA;TORNILLERIA;Tornillería;tornilleria;alta;16000
T328051;TORN CABEZA AVELLAN PHILL ZINC 3/16 X 3/8;TORNILLO CABEZA AVELLAN ZINCADO;CABEZA AVELLANADA;TORNILLERIA;Tornillería;tornilleria;alta;7100
T328052;TORN CABEZA AVELLAN PHILL ZINC 3/16 X 1/2;TORNILLO CABEZA AVELLAN ZINCADO;CABEZA AVELLANADA;TORNILLERIA;Tornillería;tornilleria;alta;13400
T328054;TORN CABEZA AVELLAN PHILL ZINC 3/16 X 3/4;TORNILLO CABEZA AVELLAN ZINCADO;CABEZA AVELLANADA;TORNILLERIA;Tornillería;tornilleria;alta;9100
T328056;TORN CABEZA AVELLAN PHILL ZINC 3/16 X 1;TORNILLO CABEZA AVELLAN ZINCADO;CABEZA AVELLANADA;TORNILLERIA;Tornillería;tornilleria;alta;22600
T328057;TORN CABEZA AVELLAN PHILL ZINC 3/16 X 1 1/4;TORNILLO CABEZA AVELLAN ZINCADO;CABEZA AVELLANADA;TORNILLERIA;Tornillería;tornilleria;alta;7200
T328058;TORN CABEZA AVELLAN PHILL ZINC 3/16 X 1 1/2;TORNILLO CABEZA AVELLAN ZINCADO;CABEZA AVELLANADA;TORNILLERIA;Tornillería;tornilleria;alta;10200
T328059;TORN CABEZA AVELLAN PHILL ZINC 3/16 X 2;TORNILLO CABEZA AVELLAN ZINCADO;CABEZA AVELLANADA;TORNILLERIA;Tornillería;tornilleria;alta;2700
T328077;TORN CABEZA AVELLAN PHILL ZINC 1/4 X 1/2;TORNILLO CABEZA AVELLAN ZINCADO;CABEZA AVELLANADA;TORNILLERIA;Tornillería;tornilleria;alta;5300
T328079;TORN CABEZA AVELLAN PHILL ZINC 1/4 X 3/4;TORNILLO CABEZA AVELLAN ZINCADO;CABEZA AVELLANADA;TORNILLERIA;Tornillería;tornilleria;alta;23000
T328081;TORN CABEZA AVELLAN PHILL ZINC 1/4 X 1;TORNILLO CABEZA AVELLAN ZINCADO;CABEZA AVELLANADA;TORNILLERIA;Tornillería;tornilleria;alta;11500
T328082;TORN CABEZA AVELLAN PHILL ZINC 1/4 X 1 1/4;TORNILLO CABEZA AVELLAN ZINCADO;CABEZA AVELLANADA;TORNILLERIA;Tornillería;tornilleria;alta;20300
T328083;TORN CABEZA AVELLAN PHILL ZINC 1/4 X 1 1/2;TORNILLO CABEZA AVELLAN ZINCADO;CABEZA AVELLANADA;TORNILLERIA;Tornillería;tornilleria;alta;15700
T328085;TORN CABEZA AVELLAN PHILL ZINC 1/4 X 2;TORNILLO CABEZA AVELLAN ZINCADO;CABEZA AVELLANADA;TORNILLERIA;Tornillería;tornilleria;alta;11000
T328087;TORN CABEZA AVELLAN PHILL ZINC 1/4 X 2 1/2;TORNILLO CABEZA AVELLAN ZINCADO;CABEZA AVELLANADA;TORNILLERIA;Tornillería;tornilleria;alta;2700
T328089;TORN CABEZA AVELLAN PHILL ZINC 1/4 X 3;TORNILLO CABEZA AVELLAN ZINCADO;VARIOS;TORNILLERIA;Tornillería;tornilleria;alta;13700
T340085;TORN HEX TIRAFONDO ZINC. 1/4 X 2;TLLO HEX TIRAFONDO ZIN;TIRAFONDO;TORNILLERIA;Tornillería;tornilleria;alta;8200
T340087;TORN HEX TIRAFONDO ZINC. 1/4 X 2 1/2;TLLO HEX TIRAFONDO ZIN;TIRAFONDO;TORNILLERIA;Tornillería;tornilleria;alta;6700
T340090;TORN HEX TIRAFONDO ZINC. 1/4 X 3;TLLO HEX TIRAFONDO ZIN;TIRAFONDO;TORNILLERIA;Tornillería;tornilleria;alta;23600
T340091;TORN HEX TIRAFONDO ZINC. 1/4 X 3 1/2;TLLO HEX TIRAFONDO ZIN;TIRAFONDO;TORNILLERIA;Tornillería;tornilleria;alta;18500
T340092;TORN HEX TIRAFONDO ZINC. 1/4 X 4;TLLO HEX TIRAFONDO ZIN;TIRAFONDO;TORNILLERIA;Tornillería;tornilleria;alta;5900
T340093;TORN HEX TIRAFONDO ZINC. 1/4 X 4 1/2;TLLO HEX TIRAFONDO ZIN;TIRAFONDO;TORNILLERIA;Tornillería;tornilleria;alta;2500
T340094;TORN HEX TIRAFONDO ZINC. 1/4 X 5;TLLO HEX TIRAFONDO ZIN;TIRAFONDO;TORNILLERIA;Tornillería;tornilleria;alta;23300
T340097;TORN HEX TIRAFONDO ZINC. 1/4 X 6;TLLO HEX TIRAFONDO ZIN;TIRAFONDO;TORNILLERIA;Tornillería;tornilleria;alta;13700
T340112;TORN HEX TIRAFONDO ZINC. 5/16 X 1 1/2;TLLO HEX TIRAFONDO ZIN;TIRAFONDO;TORNILLERIA;Tornillería;tornilleria;alta;16700
T340114;TORN HEX TIRAFONDO ZINC. 5/16 X 2;TLLO HEX TIRAFONDO ZIN;TIRAFONDO;TORNILLERIA;Tornillería;tornilleria;alta;20000
T340116;TORN HEX TIRAFONDO ZINC. 5/16 X 2 1/2;TLLO HEX TIRAFONDO ZIN;TIRAFONDO;TORNILLERIA;Tornillería;tornilleria;alta;23700
T340118;TORN HEX TIRAFONDO ZINC. 5/16 X 3;TLLO HEX TIRAFONDO ZIN;TIRAFONDO;TORNILLERIA;Tornillería;tornilleria;alta;10500
T340119;TORN HEX TIRAFONDO ZINC. 5/16 X 3 1/2;TLLO HEX TIRAFONDO ZIN;TIRAFONDO;TORNILLERIA;Tornillería;tornilleria;alta;4900
T340120;TORN HEX TIRAFONDO ZINC. 5/16 X 4;TLLO HEX TIRAFONDO ZIN;TIRAFONDO;TORNILLERIA;Tornillería;tornilleria;alta;1200
T340121;TORN HEX TIRAFONDO ZINC. 5/16 X 4 1/2;TLLO HEX TIRAFONDO ZIN;TIRAFONDO;TORNILLERIA;Tornillería;tornilleria;alta;4900
T340122;TORN HEX TIRAFONDO ZINC. 5/16 X 5;TLLO HEX TIRAFONDO ZIN;TIRAFONDO;TORNILLERIA;Tornillería;tornilleria;alta;8300
T340124;TORN HEX TIRAFONDO ZINC. 5/16 X 6;TLLO HEX TIRAFONDO ZIN;TIRAFONDO;TORNILLERIA;Tornillería;tornilleria;alta;23100
T340140;TORN HEX TIRAFONDO ZINC. 3/8 X 1 1/2;TLLO HEX TIRAFONDO ZIN;TIRAFONDO;TORNILLERIA;Tornillería;tornilleria;alta;9600
T340142;TORN HEX TIRAFONDO ZINC. 3/8 X 2;TLLO HEX TIRAFONDO ZIN;TIRAFONDO;TORNILLERIA;Tornillería;tornilleria;alta;9500
T340144;TORN HEX TIRAFONDO ZINC. 3/8 X 2 1/2;TLLO HEX TIRAFONDO ZIN;TIRAFONDO;TORNILLERIA;Tornillería;tornilleria;alta;2100
T340146;TORN HEX TIRAFONDO ZINC. 3/8 X 3;TLLO HEX TIRAFONDO ZIN;TIRAFONDO;TORNILLERIA;Tornillería;tornilleria;alta;4000
T340147;TORN HEX TIRAFONDO ZINC. 3/8 X 3 1/2;TLLO HEX TIRAFONDO ZIN;TIRAFONDO;TORNILLERIA;Tornillería;tornilleria;alta;3700
T340148;TORN HEX TIRAFONDO ZINC. 3/8 X 4;TLLO HEX TIRAFONDO ZIN;TIRAFONDO;TORNILLERIA;Tornillería;tornilleria;alta;16800
T340149;TORN HEX TIRAFONDO ZINC. 3/8 X 4 1/2;TLLO HEX TIRAFONDO ZIN;TIRAFONDO;TORNILLERIA;Tornillería;tornilleria;alta;10500
T340150;TORN HEX TIRAFONDO ZINC. 3/8 X 5;TLLO HEX TIRAFONDO ZIN;TIRAFONDO;TORNILLERIA;Tornillería;tornilleria;alta;2300
T340152;TORN HEX TIRAFONDO ZINC. 3/8 X 6;TLLO HEX TIRAFONDO ZIN;TIRAFONDO;TORNILLERIA;Tornillería;tornilleria;alta;10700
T340154;TORN HEX TIRAFONDO ZINC. 3/8 X 8;TLLO HEX TIRAFONDO ZIN;TIRAFONDO;TORNILLERIA;Tornillería;tornilleria;alta;23300
T340156;TORN HEX TIRAFONDO ZINC. 3/8 X 8;TLLO HEX TIRAFONDO ZIN;TIRAFONDO;TORNILLERIA;Tornillería;tornilleria;alta;7600
T349077;TORNILLO CARRIAGE ZINCADO 1/4 X 1/2;TORNILLO CARRIAGE ZINCADO 1/4 X 1/2;CARRIAGE;TORNILLERIA;Tornillería;tornilleria;alta;15600
T349079;TORNILLO CARRIAGE ZINCADO 1/4 X 3/4;TORNILLO CARRIAGE ZINCADO 1/4 X 1/2;CARRIAGE;TORNILLERIA;Tornillería;tornilleria;alta;18700
T349081;TORNILLO CARRIAGE ZINCADO 1/4 X 1;TORNILLO CARRIAGE ZINCADO 1/4 X 1/2;CARRIAGE;TORNILLERIA;Tornillería;tornilleria;alta;13900
T349082;TORNILLO CARRIAGE ZINCADO 1/4 X 1 1/4;TORNILLO CARRIAGE ZINCADO 1/4 X 1/2;CARRIAGE;TORNILLERIA;Tornillería;tornilleria;alta;6900
T349083;TORNILLO CARRIAGE ZINCADO 1/4 X 1 1/2;TORNILLO CARRIAGE ZINCADO 1/4 X 1/2;CARRIAGE;TORNILLERIA;Tornillería;tornilleria;alta;13200
T349084;TORNILLO CARRIAGE ZINCADO 1/4 X 1 3/4;TORNILLO CARRIAGE ZINCADO 1/4 X 1/2;VARIOS;TORNILLERIA;Tornillería;tornilleria;alta;7400
T349085;TORNILLO CARRIAGE ZINCADO 1/4 X 2;TORNILLO CARRIAGE ZINCADO 1/4 X 1/2;CARRIAGE;TORNILLERIA;Tornillería;tornilleria;alta;11100
T349086;TORNILLO CARRIAGE ZINCADO 1/4 X 2 1/4;TORNILLO CARRIAGE ZINCADO 1/4 X 1/2;CARRIAGE;TORNILLERIA;Tornillería;tornilleria;alta;22600
T349087;TORNILLO CARRIAGE ZINCADO 1/4 X 2 1/2;TORNILLO CARRIAGE ZINCADO 1/4 X 1/2;CARRIAGE;TORNILLERIA;Tornillería;tornilleria;alta;3800
T349090;TORNILLO CARRIAGE ZINCADO 1/4 X 3;TORNILLO CARRIAGE ZINCADO 1/4 X 1/2;CARRIAGE;TORNILLERIA;Tornillería;tornilleria;alta;11700
T349091;TORNILLO CARRIAGE ZINCADO 1/4 X 3 1/2;TORNILLO CARRIAGE ZINCADO 1/4 X 1/2;CARRIAGE;TORNILLERIA;Tornillería;tornilleria;alta;20700
T349092;TORNILLO CARRIAGE ZINCADO 1/4 X 4;TORNILLO CARRIAGE ZINCADO 1/4 X 1/2;CARRIAGE;TORNILLERIA;Tornillería;tornilleria;alta;3800
T349093;TORNILLO CARRIAGE ZINCADO 1/4 X 4 1/2;TORNILLO CARRIAGE ZINCADO 1/4 X 1/2;CARRIAGE;TORNILLERIA;Tornillería;tornilleria;alta;11800
T349094;TORNILLO CARRIAGE ZINCADO 1/4 X 5;TORNILLO CARRIAGE ZINCADO 1/4 X 1/2;CARRIAGE;TORNILLERIA;Tornillería;tornilleria;alta;7800
T349095;TORNILLO CARRIAGE ZINCADO 1/4 X 5 1/2;TORNILLO CARRIAGE ZINCADO 1/4 X 1/2;VARIOS;TORNILLERIA;Tornillería;tornilleria;alta;5300
T349097;TORNILLO CARRIAGE ZINCADO 1/4 X 6;TORNILLO CARRIAGE ZINCADO 1/4 X 1/2;VARIOS;TORNILLERIA;Tornillería;tornilleria;alta;5500
T349108;TORNILLO CARRIAGE ZINCADO 5/16 X 3/4;TORNILLO CARRIAGE ZINCADO 1/4 X 1/2;CARRIAGE;TORNILLERIA;Tornillería;tornilleria;alta;23900
T349110;TORNILLO CARRIAGE ZINCADO 5/16 X 1;TORNILLO CARRIAGE ZINCADO 1/4 X 1/2;CARRIAGE;TORNILLERIA;Tornillería;tornilleria;alta;5600
T349111;TORNILLO CARRIAGE ZINCADO 5/16 X 1 1/4;TORNILLO CARRIAGE ZINCADO 1/4 X 1/2;CARRIAGE;TORNILLERIA;Tornillería;tornilleria;alta;24400
T349112;TORNILLO CARRIAGE ZINCADO 5/16 X 1 1/2;TORNILLO CARRIAGE ZINCADO 1/4 X 1/2;CARRIAGE;TORNILLERIA;Tornillería;tornilleria;alta;21500
T349114;TORNILLO CARRIAGE ZINCADO 5/16 X 2;TORNILLO CARRIAGE ZINCADO 1/4 X 1/2;CARRIAGE;TORNILLERIA;Tornillería;tornilleria;alta;24300
T349115;TORNILLO CARRIAGE ZINCADO 5/16 X 2 1/4;TORNILLO CARRIAGE ZINCADO 1/4 X 1/2;CARRIAGE;TORNILLERIA;Tornillería;tornilleria;alta;4700
T349116;TORNILLO CARRIAGE ZINCADO 5/16 X 2 1/2;TORNILLO CARRIAGE ZINCADO 1/4 X 1/2;CARRIAGE;TORNILLERIA;Tornillería;tornilleria;alta;17900
T349118;TORNILLO CARRIAGE ZINCADO 5/16 X 3;TORNILLO CARRIAGE ZINCADO 1/4 X 1/2;CARRIAGE;TORNILLERIA;Tornillería;tornilleria;alta;4700
T349119;TORNILLO CARRIAGE ZINCADO 5/16 X 3 1/2;TORNILLO CARRIAGE ZINCADO 1/4 X 1/2;CARRIAGE;TORNILLERIA;Tornillería;tornilleria;alta;3700
T349120;TORNILLO CARRIAGE ZINCADO 5/16 X 4;TORNILLO CARRIAGE ZINCADO 1/4 X 1/2;CARRIAGE;TORNILLERIA;Tornillería;tornilleria;alta;20200
T349121;TORNILLO CARRIAGE ZINCADO 5/16 X 4 1/2;TORNILLO CARRIAGE ZINCADO 1/4 X 1/2;CARRIAGE;TORNILLERIA;Tornillería;tornilleria;alta;8800
T349122;TORNILLO CARRIAGE ZINCADO 5/16 X 5;TORNILLO CARRIAGE ZINCADO 1/4 X 1/2;CARRIAGE;TORNILLERIA;Tornillería;tornilleria;alta;4600
T349123;TORNILLO CARRIAGE ZINCADO 5/16 X 5 1/2;TORNILLO CARRIAGE ZINCADO 1/4 X 1/2;CARRIAGE;TORNILLERIA;Tornillería;tornilleria;alta;2600
T349124;TORNILLO CARRIAGE ZINCADO 5/16 X 6;TORNILLO CARRIAGE ZINCADO 1/4 X 1/2;CARRIAGE;TORNILLERIA;Tornillería;tornilleria;alta;1700
T349136;TORNILLO CARRIAGE ZINCADO 3/8 X 3/4;TORNILLO CARRIAGE ZINCADO 1/4 X 1/2;VARIOS;TORNILLERIA;Tornillería;tornilleria;alta;6300
T349138;TORNILLO CARRIAGE ZINCADO 3/8 X 1;TORNILLO CARRIAGE ZINCADO 1/4 X 1/2;CARRIAGE;TORNILLERIA;Tornillería;tornilleria;alta;6900
T349139;TORNILLO CARRIAGE ZINCADO 3/8 X 1 1/4;TORNILLO CARRIAGE ZINCADO 1/4 X 1/2;CARRIAGE;TORNILLERIA;Tornillería;tornilleria;alta;19400
T349140;TORNILLO CARRIAGE ZINCADO 3/8 X 1 1/2;TORNILLO CARRIAGE ZINCADO 1/4 X 1/2;CARRIAGE;TORNILLERIA;Tornillería;tornilleria;alta;7500
T349142;TORNILLO CARRIAGE ZINCADO 3/8 X 2;TORNILLO CARRIAGE ZINCADO 1/4 X 1/2;CARRIAGE;TORNILLERIA;Tornillería;tornilleria;alta;14700
T349144;TORNILLO CARRIAGE ZINCADO 3/8 X 2 1/2;TORNILLO CARRIAGE ZINCADO 1/4 X 1/2;CARRIAGE;TORNILLERIA;Tornillería;tornilleria;alta;1200
T349146;TORNILLO CARRIAGE ZINCADO 3/8 X 3;TORNILLO CARRIAGE ZINCADO 1/4 X 1/2;CARRIAGE;TORNILLERIA;Tornillería;tornilleria;alta;14800
T349147;TORNILLO CARRIAGE ZINCADO 3/8 X 3 1/2;TORNILLO CARRIAGE ZINCADO 1/4 X 1/2;CARRIAGE;TORNILLERIA;Tornillería;tornilleria;alta;23100
T349148;TORNILLO CARRIAGE ZINCADO 3/8 X 4;TORNILLO CARRIAGE ZINCADO 1/4 X 1/2;CARRIAGE;TORNILLERIA;Tornillería;tornilleria;alta;12000
T349149;TORNILLO CARRIAGE ZINCADO 3/8 X 4 1/2;TORNILLO CARRIAGE ZINCADO 1/4 X 1/2;CARRIAGE;TORNILLERIA;Tornillería;tornilleria;alta;7700
T349150;TORNILLO CARRIAGE ZINCADO 3/8 X 5;TORNILLO CARRIAGE ZINCADO 1/4 X 1/2;CARRIAGE;TORNILLERIA;Tornillería;tornilleria;alta;10100
T349151;TORNILLO CARRIAGE ZINCADO 3/8 X 5 1/2;TORNILLO CARRIAGE ZINCADO 1/4 X 1/2;CARRIAGE;TORNILLERIA;Tornillería;tornilleria;alta;16500
T349152;TORNILLO CARRIAGE ZINCADO 3/8 X 6;TORNILLO CARRIAGE ZINCADO 1/4 X 1/2;CARRIAGE;TORNILLERIA;Tornillería;tornilleria;alta;9200
T349154;TORNILLO CARRIAGE ZINCADO 3/8 X 7;TORNILLO CARRIAGE ZINCADO 1/4 X 1/2;CARRIAGE;TORNILLERIA;Tornillería;tornilleria;alta;2300
T349155;TORNILLO CARRIAGE ZINCADO 3/8 X 8;TORNILLO CARRIAGE ZINCADO 1/4 X 1/2;CARRIAGE;TORNILLERIA;Tornillería;tornilleria;alta;4700
T349156;TORNILLO CARRIAGE ZINCADO 3/8 X 9;TORNILLO CARRIAGE ZINCADO 1/4 X 1/2;VARIOS;TORNILLERIA;Tornillería;tornilleria;alta;19500
T349157;TORNILLO CARRIAGE ZINCADO 3/8 X 10;TORNILLO CARRIAGE ZINCADO 1/4 X 1/2;VARIOS;TORNILLERIA;Tornillería;tornilleria;alta;20100
T349169;TORNILLO CARRIAGE ZINCADO 7/16 X 1;TORNILLO CARRIAGE ZINCADO 1/4 X 1/2;VARIOS;TORNILLERIA;Tornillería;tornilleria;alta;18300
T349170;TORNILLO CARRIAGE ZINCADO 7/16 X 1 1/4;TORNILLO CARRIAGE ZINCADO 1/4 X 1/2;VARIOS;TORNILLERIA;Tornillería;tornilleria;alta;8300
T349171;TORNILLO CARRIAGE ZINCADO 7/16 X 1 1/2;TORNILLO CARRIAGE ZINCADO 1/4 X 1/2;CARRIAGE;TORNILLERIA;Tornillería;tornilleria;alta;16000
T349173;TORNILLO CARRIAGE ZINCADO 7/16 X 2;TORNILLO CARRIAGE ZINCADO 1/4 X 1/2;CARRIAGE;TORNILLERIA;Tornillería;tornilleria;alta;17000
T349175;TORNILLO CARRIAGE ZINCADO 7/16 X 2 1/2;TORNILLO CARRIAGE ZINCADO 1/4 X 1/2;VARIOS;TORNILLERIA;Tornillería;tornilleria;alta;12100
T349176;TORNILLO CARRIAGE ZINCADO 7/16 X 3;TORNILLO CARRIAGE ZINCADO 1/4 X 1/2;VARIOS;TORNILLERIA;Tornillería;tornilleria;alta;9800
T349177;TORNILLO CARRIAGE ZINCADO 7/16 X 3 1/2;TORNILLO CARRIAGE ZINCADO 1/4 X 1/2;VARIOS;TORNILLERIA;Tornillería;tornilleria;alta;6300
T349178;TORNILLO CARRIAGE ZINCADO 7/16 X 4;TORNILLO CARRIAGE ZINCADO 1/4 X 1/2;VARIOS;TORNILLERIA;Tornillería;tornilleria;alta;11300
T349179;TORNILLO CARRIAGE ZINCADO 7/16 X 4 1/2;TORNILLO CARRIAGE ZINCADO 1/4 X 1/2;VARIOS;TORNILLERIA;Tornillería;tornilleria;alta;10100
T349180;TORNILLO CARRIAGE ZINCADO 7/16 X 5;TORNILLO CARRIAGE ZINCADO 1/4 X 1/2;VARIOS;TORNILLERIA;Tornillería;tornilleria;alta;22600
T349181;TORNILLO CARRIAGE ZINCADO 7/16 X 5 1/2;TORNILLO CARRIAGE ZINCADO 1/4 X 1/2;VARIOS;TORNILLERIA;Tornillería;tornilleria;alta;1600
T349182;TORNILLO CARRIAGE ZINCADO 7/16 X 6;TORNILLO CARRIAGE ZINCADO 1/4 X 1/2;VARIOS;TORNILLERIA;Tornillería;tornilleria;alta;8200
T349198;TORNILLO CARRIAGE ZINCADO 1/2 X 1;TORNILLO CARRIAGE ZINCADO 1/4 X 1/2;VARIOS;TORNILLERIA;Tornillería;tornilleria;alta;10600
T349199;TORNILLO CARRIAGE ZINCADO 1/2 X 1 1/4;TORNILLO CARRIAGE ZINCADO 1/4 X 1/2;VARIOS;TORNILLERIA;Tornillería;tornilleria;alta;14900
T349200;TORNILLO CARRIAGE ZINCADO 1/2 X 1 1/2;TORNILLO CARRIAGE ZINCADO 1/4 X 1/2;CARRIAGE;TORNILLERIA;Tornillería;tornilleria;alta;9700
T349202;TORNILLO CARRIAGE ZINCADO 1/2 X 2;TORNILLO CARRIAGE ZINCADO 1/4 X 1/2;CARRIAGE;TORNILLERIA;Tornillería;tornilleria;alta;16500
T349204;TORNILLO CARRIAGE ZINCADO 1/2 X 2 1/2;TORNILLO CARRIAGE ZINCADO 1/4 X 1/2;CARRIAGE;TORNILLERIA;Tornillería;tornilleria;alta;10500
T349206;TORNILLO CARRIAGE ZINCADO 1/2 X 3;TORNILLO CARRIAGE ZINCADO 1/4 X 1/2;CARRIAGE;TORNILLERIA;Tornillería;tornilleria;alta;16600
T349207;TORNILLO CARRIAGE ZINCADO 1/2 X 3 1/2;TORNILLO CARRIAGE ZINCADO 1/4 X 1/2;VARIOS;TORNILLERIA;Tornillería;tornilleria;alta;13300
T349208;TORNILLO CARRIAGE ZINCADO 1/2 X 4;TORNILLO CARRIAGE ZINCADO 1/4 X 1/2;VARIOS;TORNILLERIA;Tornillería;tornilleria;alta;8400
T349209;TORNILLO CARRIAGE ZINCADO 1/2 X 4 1/2;TORNILLO CARRIAGE ZINCADO 1/4 X 1/2;VARIOS;TORNILLERIA;Tornillería;tornilleria;alta;800
T349210;TORNILLO CARRIAGE ZINCADO 1/2 X 5;TORNILLO CARRIAGE ZINCADO 1/4 X 1/2;VARIOS;TORNILLERIA;Tornillería;tornilleria;alta;2600
T349211;TORNILLO CARRIAGE ZINCADO 1/2 X 5 1/2;TORNILLO CARRIAGE ZINCADO 1/4 X 1/2;VARIOS;TORNILLERIA;Tornillería;tornilleria;alta;18200
T349212;TORNILLO CARRIAGE ZINCADO 1/2 X 6;TORNILLO CARRIAGE ZINCADO 1/4 X 1/2;VARIOS;TORNILLERIA;Tornillería;tornilleria;alta;7600
T349214;TORNILLO CARRIAGE ZINCADO 1/2 X 7;TORNILLO CARRIAGE ZINCADO 1/4 X 1/2;VARIOS;TORNILLERIA;Tornillería;tornilleria;alta;12300
T349216;TORNILLO CARRIAGE ZINCADO 1/2 X 8;TORNILLO CARRIAGE ZINCADO 1/4 X 1/2;VARIOS;TORNILLERIA;Tornillería;tornilleria;alta;8300
T349218;TORNILLO CARRIAGE ZINCADO 1/2 X 9;TORNILLO CARRIAGE ZINCADO 1/4 X 1/2;VARIOS;TORNILLERIA;Tornillería;tornilleria;alta;400
T349219;TORNILLO CARRIAGE ZINCADO 1/2 X 10;TORNILLO CARRIAGE ZINCADO 1/4 X 1/2;VARIOS;TORNILLERIA;Tornillería;tornilleria;alta;17300
T349257;TORNILLO CARRIAGE ZINCADO 5/8 X 1 1/2;TORNILLO CARRIAGE ZINCADO 1/4 X 1/2;VARIOS;TORNILLERIA;Tornillería;tornilleria;alta;10300
T349259;TORNILLO CARRIAGE ZINCADO 5/8 X 2;TORNILLO CARRIAGE ZINCADO 1/4 X 1/2;VARIOS;TORNILLERIA;Tornillería;tornilleria;alta;10300
T349261;TORNILLO CARRIAGE ZINCADO 5/8 X 2 1/2;TORNILLO CARRIAGE ZINCADO 1/4 X 1/2;VARIOS;TORNILLERIA;Tornillería;tornilleria;alta;22000
T349263;TORNILLO CARRIAGE ZINCADO 5/8 X 3;TORNILLO CARRIAGE ZINCADO 1/4 X 1/2;VARIOS;TORNILLERIA;Tornillería;tornilleria;alta;20100
T349265;TORNILLO CARRIAGE ZINCADO 5/8 X 3 1/2;TORNILLO CARRIAGE ZINCADO 1/4 X 1/2;VARIOS;TORNILLERIA;Tornillería;tornilleria;alta;16100
T349267;TORNILLO CARRIAGE ZINCADO 5/8 X 4;TORNILLO CARRIAGE ZINCADO 1/4 X 1/2;VARIOS;TORNILLERIA;Tornillería;tornilleria;alta;8600
T349269;TORNILLO CARRIAGE ZINCADO 5/8 X 4 1/2;TORNILLO CARRIAGE ZINCADO 1/4 X 1/2;VARIOS;TORNILLERIA;Tornillería;tornilleria;alta;14100
T349270;TORNILLO CARRIAGE ZINCADO 5/8 X 5;TORNILLO CARRIAGE ZINCADO 1/4 X 1/2;VARIOS;TORNILLERIA;Tornillería;tornilleria;alta;7700
T349271;TORNILLO CARRIAGE ZINCADO 5/8 X 5 1/2;TORNILLO CARRIAGE ZINCADO 1/4 X 1/2;VARIOS;TORNILLERIA;Tornillería;tornilleria;alta;12000
T349272;TORNILLO CARRIAGE ZINCADO 5/8 X 6;TORNILLO CARRIAGE ZINCADO 1/4 X 1/2;CARRIAGE;TORNILLERIA;Tornillería;tornilleria;alta;17700
T349274;TORNILLO CARRIAGE ZINCADO 5/8 X 7;TORNILLO CARRIAGE ZINCADO 1/4 X 1/2;VARIOS;TORNILLERIA;Tornillería;tornilleria;alta;13300
T349276;TORNILLO CARRIAGE ZINCADO 5/8 X 8;TORNILLO CARRIAGE ZINCADO 1/4 X 1/2;VARIOS;TORNILLERIA;Tornillería;tornilleria;alta;8800
T349297;TORNILLO CARRIAGE ZINCADO 3/4 X 2;TORNILLO CARRIAGE ZINCADO 1/4 X 1/2;VARIOS;TORNILLERIA;Tornillería;tornilleria;alta;14900
T349299;TORNILLO CARRIAGE ZINCADO 3/4 X 2 1/2;TORNILLO CARRIAGE ZINCADO 1/4 X 1/2;VARIOS;TORNILLERIA;Tornillería;tornilleria;alta;20800
T349301;TORNILLO CARRIAGE ZINCADO 3/4 X 3;TORNILLO CARRIAGE ZINCADO 1/4 X 1/2;VARIOS;TORNILLERIA;Tornillería;tornilleria;alta;16600
T349309;TORNILLO CARRIAGE ZINCADO 3/4 X 6;TORNILLO CARRIAGE ZINCADO 1/4 X 1/2;CARRIAGE;TORNILLERIA;Tornillería;tornilleria;alta;4300
T349310;TORNILLO CARRIAGE ZINCADO 3/4 X 7;TORNILLO CARRIAGE ZINCADO 1/4 X 1/2;CARRIAGE;TORNILLERIA;Tornillería;tornilleria;alta;22000
T372400;TORN HEX FLANGE MM TROP 6-1,0 X 10;TORN HEX FLANGE MM TROP;FLANGE;TORNILLERIA;Tornillería;tornilleria;alta;17700
T372405;TORN HEX FLANGE MM TROP 6-1,0 X 12;TORN HEX FLANGE MM TROP;FLANGE;TORNILLERIA;Tornillería;tornilleria;alta;16800
T372410;TORN HEX FLANGE MM TROP 6-1,0 X 15;TORN HEX FLANGE MM TROP;FLANGE;TORNILLERIA;Tornillería;tornilleria;alta;20300
T372415;TORN HEX FLANGE MM TROP 6-1,0 X 20;TORN HEX FLANGE MM TROP;FLANGE;TORNILLERIA;Tornillería;tornilleria;alta;15500
T372420;TORN HEX FLANGE MM TROP 6-1,0 X 25;TORN HEX FLANGE MM TROP;FLANGE;TORNILLERIA;Tornillería;tornilleria;alta;20500
T372425;TORN HEX FLANGE MM TROP 6-1,0 X 30;TORN HEX FLANGE MM TROP;FLANGE;TORNILLERIA;Tornillería;tornilleria;alta;3600
T372430;TORN HEX FLANGE MM TROP 6-1,0 X 35;TORN HEX FLANGE MM TROP;FLANGE;TORNILLERIA;Tornillería;tornilleria;alta;21600
T372435;TORN HEX FLANGE MM TROP 6-1,0 X 40;TORN HEX FLANGE MM TROP;FLANGE;TORNILLERIA;Tornillería;tornilleria;alta;4100
T372440;TORN HEX FLANGE MM TROP 6-1,0 X 45;TORN HEX FLANGE MM TROP;FLANGE;TORNILLERIA;Tornillería;tornilleria;alta;2600
T372445;TORN HEX FLANGE MM TROP 6-1,0 X 50;TORN HEX FLANGE MM TROP;FLANGE;TORNILLERIA;Tornillería;tornilleria;alta;17600
T372450;TORN HEX FLANGE MM TROP 6-1,0 X 60;TORN HEX FLANGE MM TROP;FLANGE;TORNILLERIA;Tornillería;tornilleria;alta;1000
T372455;TORN HEX FLANGE MM TROP 8-1,25 X 15;TORN HEX FLANGE MM TROP;FLANGE;TORNILLERIA;Tornillería;tornilleria;alta;4300
T372460;TORN HEX FLANGE MM TROP 8-1,25 X 20;TORN HEX FLANGE MM TROP;FLANGE;TORNILLERIA;Tornillería;tornilleria;alta;7500
T372465;TORN HEX FLANGE MM TROP 8-1,25 X 25;TORN HEX FLANGE MM TROP;FLANGE;TORNILLERIA;Tornillería;tornilleria;alta;7200
T372470;TORN HEX FLANGE MM TROP 8-1,25 X 30;TORN HEX FLANGE MM TROP;FLANGE;TORNILLERIA;Tornillería;tornilleria;alta;13300
T372475;TORN HEX FLANGE MM TROP 8-1,25 X 35;TORN HEX FLANGE MM TROP;FLANGE;TORNILLERIA;Tornillería;tornilleria;alta;6200
T372480;TORN HEX FLANGE MM TROP 8-1,25 X 40;TORN HEX FLANGE MM TROP;FLANGE;TORNILLERIA;Tornillería;tornilleria;alta;19500
T372485;TORN HEX FLANGE MM TROP 8-1,25 X 50;TORN HEX FLANGE MM TROP;FLANGE;TORNILLERIA;Tornillería;tornilleria;alta;16100
T372490;TORN HEX FLANGE MM TROP 8-1,25 X 60;TORN HEX FLANGE MM TROP;FLANGE;TORNILLERIA;Tornillería;tornilleria;alta;3700
T372495;TORN HEX FLANGE MM TROP 8-1,25 X 70;TORN HEX FLANGE MM TROP;FLANGE;TORNILLERIA;Tornillería;tornilleria;alta;11000
T372500;TORN HEX FLANGE MM TROP 8-1,25 X 80;TORN HEX FLANGE MM TROP;FLANGE;TORNILLERIA;Tornillería;tornilleria;alta;5700
T372505;TORN HEX FLANGE MM TROP 8-1,25 X 90;TORN HEX FLANGE MM TROP;FLANGE;TORNILLERIA;Tornillería;tornilleria;alta;24400
T372510;TORN HEX FLANGE MM TROP 8-1,25 X 100;TORN HEX FLANGE MM TROP;FLANGE;TORNILLERIA;Tornillería;tornilleria;alta;24000
T372525;TORN HEX FLANGE MM TROP 10-1,25 X 20;TORN HEX FLANGE MM TROP;FLANGE;TORNILLERIA;Tornillería;tornilleria;alta;11200
T372530;TORN HEX FLANGE MM TROP 10-1,25 X 25;TORN HEX FLANGE MM TROP;FLANGE;TORNILLERIA;Tornillería;tornilleria;alta;24900
T372535;TORN HEX FLANGE MM TROP 10-1,25 X 30;TORN HEX FLANGE MM TROP;FLANGE;TORNILLERIA;Tornillería;tornilleria;alta;5200
T372540;TORN HEX FLANGE MM TROP 10-1,25 X 35;TORN HEX FLANGE MM TROP;FLANGE;TORNILLERIA;Tornillería;tornilleria;alta;23300
T372545;TORN HEX FLANGE MM TROP 10-1,25 X 40;TORN HEX FLANGE MM TROP;FLANGE;TORNILLERIA;Tornillería;tornilleria;alta;17000
T372550;TORN HEX FLANGE MM TROP 10-1,25 X 45;TORN HEX FLANGE MM TROP;FLANGE;TORNILLERIA;Tornillería;tornilleria;alta;4700
T372555;TORN HEX FLANGE MM TROP 10-1,25 X 50;TORN HEX FLANGE MM TROP;FLANGE;TORNILLERIA;Tornillería;tornilleria;alta;1000
T372560;TORN HEX FLANGE MM TROP 10-1,25 X 60;TORN HEX FLANGE MM TROP;FLANGE;TORNILLERIA;Tornillería;tornilleria;alta;23700
T372565;TORN HEX FLANGE MM TROP 10-1,25 X 70;TORN HEX FLANGE MM TROP;FLANGE;TORNILLERIA;Tornillería;tornilleria;alta;23500
T372570;TORN HEX FLANGE MM TROP 10-1,25 X 80;TORN HEX FLANGE MM TROP;FLANGE;TORNILLERIA;Tornillería;tornilleria;alta;6300
T372595;TORN HEX FLANGE MM TROP 10-1,50 X 20;TORN HEX FLANGE MM TROP;FLANGE;TORNILLERIA;Tornillería;tornilleria;alta;10900
T372600;TORN HEX FLANGE MM TROP 10-1,50 X 25;TORN HEX FLANGE MM TROP;FLANGE;TORNILLERIA;Tornillería;tornilleria;alta;1100
T372605;TORN HEX FLANGE MM TROP 10-1,50 X 30;TORN HEX FLANGE MM TROP;FLANGE;TORNILLERIA;Tornillería;tornilleria;alta;18000
T372610;TORN HEX FLANGE MM TROP 10-1,50 X 35;TORN HEX FLANGE MM TROP;FLANGE;TORNILLERIA;Tornillería;tornilleria;alta;1500
T372615;TORN HEX FLANGE MM TROP 10-1,50 X 40;TORN HEX FLANGE MM TROP;FLANGE;TORNILLERIA;Tornillería;tornilleria;alta;2400
T372620;TORN HEX FLANGE MM TROP 10-1,50 X 45;TORN HEX FLANGE MM TROP;FLANGE;TORNILLERIA;Tornillería;tornilleria;alta;1100
T372625;TORN HEX FLANGE MM TROP 10-1,50 X 50;TORN HEX FLANGE MM TROP;FLANGE;TORNILLERIA;Tornillería;tornilleria;alta;2600
T372630;TORN HEX FLANGE MM TROP 10-1,50 X 60;TORN HEX FLANGE MM TROP;FLANGE;TORNILLERIA;Tornillería;tornilleria;alta;21700
T372635;TORN HEX FLANGE MM TROP 10-1,50 X 70;TORN HEX FLANGE MM TROP;FLANGE;TORNILLERIA;Tornillería;tornilleria;alta;6900
T372640;TORN HEX FLANGE MM TROP 10-1,50 X 80;TORN HEX FLANGE MM TROP;FLANGE;TORNILLERIA;Tornillería;tornilleria;alta;13400
T372645;TORN HEX FLANGE MM TROP 10-1,50 X 90;TORN HEX FLANGE MM TROP;FLANGE;TORNILLERIA;Tornillería;tornilleria;alta;19800
T372650;TORN HEX FLANGE MM TROP 10-1,50 X 100;TORN HEX FLANGE MM TROP;FLANGE;TORNILLERIA;Tornillería;tornilleria;alta;15400
T372665;TORN HEX FLANGE MM TROP 12-1,25 X 25;TORN HEX FLANGE MM TROP;FLANGE;TORNILLERIA;Tornillería;tornilleria;alta;3800
T372670;TORN HEX FLANGE MM TROP 12-1,25 X 30;TORN HEX FLANGE MM TROP;FLANGE;TORNILLERIA;Tornillería;tornilleria;alta;16300
T372675;TORN HEX FLANGE MM TROP 12-1,25 X 35;TORN HEX FLANGE MM TROP;FLANGE;TORNILLERIA;Tornillería;tornilleria;alta;20300
T372680;TORN HEX FLANGE MM TROP 12-1,25 X 40;TORN HEX FLANGE MM TROP;FLANGE;TORNILLERIA;Tornillería;tornilleria;alta;22200
T372685;TORN HEX FLANGE MM TROP 12-1,25 X 45;TORN HEX FLANGE MM TROP;FLANGE;TORNILLERIA;Tornillería;tornilleria;alta;20200
T372690;TORN HEX FLANGE MM TROP 12-1,25 X 50;TORN HEX FLANGE MM TROP;FLANGE;TORNILLERIA;Tornillería;tornilleria;alta;3000
T372695;TORN HEX FLANGE MM TROP 12-1,25 X 60;TORN HEX FLANGE MM TROP;FLANGE;TORNILLERIA;Tornillería;tornilleria;alta;6500
T372700;TORN HEX FLANGE MM TROP 12-1,25 X 70;TORN HEX FLANGE MM TROP;FLANGE;TORNILLERIA;Tornillería;tornilleria;alta;24100
T372705;TORN HEX FLANGE MM TROP 12-1,25 X 80;TORN HEX FLANGE MM TROP;FLANGE;TORNILLERIA;Tornillería;tornilleria;alta;6200
T379541;TORNILLO BRISTOL C C DIN 912 8.8 ZINC MM 5 X 10;TORNILLO BRISTOL C C DIN 912 8.8 ZINC MM;BRISTOL;TORNILLERIA;Tornillería;tornilleria;alta;4700
T379542;TORNILLO BRISTOL C C DIN 912 8.8 ZINC MM 5 X 12;TORNILLO BRISTOL C C DIN 912 8.8 ZINC MM;BRISTOL;TORNILLERIA;Tornillería;tornilleria;alta;7000
T379544;TORNILLO BRISTOL C C DIN 912 8.8 ZINC MM 5 X 16;TORNILLO BRISTOL C C DIN 912 8.8 ZINC MM;BRISTOL;TORNILLERIA;Tornillería;tornilleria;alta;24900
T379545;TORNILLO BRISTOL C C DIN 912 8.8 ZINC MM 5 X 20;TORNILLO BRISTOL C C DIN 912 8.8 ZINC MM;BRISTOL;TORNILLERIA;Tornillería;tornilleria;alta;11500
T379546;TORNILLO BRISTOL C C DIN 912 8.8 ZINC MM 5 X 25;TORNILLO BRISTOL C C DIN 912 8.8 ZINC MM;BRISTOL;TORNILLERIA;Tornillería;tornilleria;alta;8000
T379547;TORNILLO BRISTOL C C DIN 912 8.8 ZINC MM 5 X 30;TORNILLO BRISTOL C C DIN 912 8.8 ZINC MM;BRISTOL;TORNILLERIA;Tornillería;tornilleria;alta;8200
T379549;TORNILLO BRISTOL C C DIN 912 8.8 ZINC MM 5 X 40;TORNILLO BRISTOL C C DIN 912 8.8 ZINC MM;BRISTOL;TORNILLERIA;Tornillería;tornilleria;alta;2600
T379550;TORNILLO BRISTOL C C DIN 912 8.8 ZINC MM 5 X 45;TORNILLO BRISTOL C C DIN 912 8.8 ZINC MM;BRISTOL;TORNILLERIA;Tornillería;tornilleria;alta;24400
T379551;TORNILLO BRISTOL C C DIN 912 8.8 ZINC MM 5 X 50;TORNILLO BRISTOL C C DIN 912 8.8 ZINC MM;BRISTOL;TORNILLERIA;Tornillería;tornilleria;alta;15200
T379561;TORNILLO BRISTOL C C DIN 912 8.8 ZINC MM 6 X 10;TORNILLO BRISTOL C C DIN 912 8.8 ZINC MM;BRISTOL;TORNILLERIA;Tornillería;tornilleria;alta;20000
T379562;TORNILLO BRISTOL C C DIN 912 8.8 ZINC MM 6 X 12;TORNILLO BRISTOL C C DIN 912 8.8 ZINC MM;BRISTOL;TORNILLERIA;Tornillería;tornilleria;alta;1400
T379564;TORNILLO BRISTOL C C DIN 912 8.8 ZINC MM 6 X 16;TORNILLO BRISTOL C C DIN 912 8.8 ZINC MM;BRISTOL;TORNILLERIA;Tornillería;tornilleria;alta;9600
T379565;TORNILLO BRISTOL C C DIN 912 8.8 ZINC MM 6 X 20;TORNILLO BRISTOL C C DIN 912 8.8 ZINC MM;BRISTOL;TORNILLERIA;Tornillería;tornilleria;alta;9400
T379566;TORNILLO BRISTOL C C DIN 912 8.8 ZINC MM 6 X 25;TORNILLO BRISTOL C C DIN 912 8.8 ZINC MM;BRISTOL;TORNILLERIA;Tornillería;tornilleria;alta;2600
T379567;TORNILLO BRISTOL C C DIN 912 8.8 ZINC MM 6 X 30;TORNILLO BRISTOL C C DIN 912 8.8 ZINC MM;BRISTOL;TORNILLERIA;Tornillería;tornilleria;alta;8300
T379568;TORNILLO BRISTOL C C DIN 912 8.8 ZINC MM 6 X 35;TORNILLO BRISTOL C C DIN 912 8.8 ZINC MM;BRISTOL;TORNILLERIA;Tornillería;tornilleria;alta;700
T379569;TORNILLO BRISTOL C C DIN 912 8.8 ZINC MM 6 X 40;TORNILLO BRISTOL C C DIN 912 8.8 ZINC MM;BRISTOL;TORNILLERIA;Tornillería;tornilleria;alta;900
T379571;TORNILLO BRISTOL C C DIN 912 8.8 ZINC MM 6 X 50;TORNILLO BRISTOL C C DIN 912 8.8 ZINC MM;BRISTOL;TORNILLERIA;Tornillería;tornilleria;alta;19300
T379607;TORNILLO BRISTOL C C DIN 912 8.8 ZINC MM 8 X 20;TORNILLO BRISTOL C C DIN 912 8.8 ZINC MM;BRISTOL;TORNILLERIA;Tornillería;tornilleria;alta;12300
T379608;TORNILLO BRISTOL C C DIN 912 8.8 ZINC MM 8 X 25;TORNILLO BRISTOL C C DIN 912 8.8 ZINC MM;BRISTOL;TORNILLERIA;Tornillería;tornilleria;alta;22700
T379609;TORNILLO BRISTOL C C DIN 912 8.8 ZINC MM 8 X 30;TORNILLO BRISTOL C C DIN 912 8.8 ZINC MM;BRISTOL;TORNILLERIA;Tornillería;tornilleria;alta;3200
T379610;TORNILLO BRISTOL C C DIN 912 8.8 ZINC MM 8 X 35;TORNILLO BRISTOL C C DIN 912 8.8 ZINC MM;BRISTOL;TORNILLERIA;Tornillería;tornilleria;alta;6100
T379611;TORNILLO BRISTOL C C DIN 912 8.8 ZINC MM 8 X 40;TORNILLO BRISTOL C C DIN 912 8.8 ZINC MM;BRISTOL;TORNILLERIA;Tornillería;tornilleria;alta;9400
T379612;TORNILLO BRISTOL C C DIN 912 8.8 ZINC MM 8 X 45;TORNILLO BRISTOL C C DIN 912 8.8 ZINC MM;BRISTOL;TORNILLERIA;Tornillería;tornilleria;alta;22900
T379613;TORNILLO BRISTOL C C DIN 912 8.8 ZINC MM 8 X 50;TORNILLO BRISTOL C C DIN 912 8.8 ZINC MM;BRISTOL;TORNILLERIA;Tornillería;tornilleria;alta;3700
T403803;TORN LAMINA PAN PHL ZINC 4X1/4;TLLO LAMINA PAN PHL ZINC;LAMINA PAN;TORNILLERIA;Tornillería;tornilleria;alta;1800
T403804;TORN LAMINA PAN PHL ZINC 4X3/8;TLLO LAMINA PAN PHL ZINC;LAMINA PAN;TORNILLERIA;Tornillería;tornilleria;alta;24500
T403805;TORN LAMINA PAN PHL ZINC 4X1/2;TLLO LAMINA PAN PHL ZINC;LAMINA PAN;TORNILLERIA;Tornillería;tornilleria;alta;23400
T403806;TORN LAMINA PAN PHL ZINC 4X5/8;TLLO LAMINA PAN PHL ZINC;LAMINA PAN;TORNILLERIA;Tornillería;tornilleria;alta;18100
T403807;TORN LAMINA PAN PHL ZINC 4X3/4;TLLO LAMINA PAN PHL ZINC;LAMINA PAN;TORNILLERIA;Tornillería;tornilleria;alta;23400
T403809;TORN LAMINA PAN PHL ZINC 4X1;TLLO LAMINA PAN PHL ZINC;LAMINA PAN;TORNILLERIA;Tornillería;tornilleria;alta;18600
T403819;TORN LAMINA PAN PHL ZINC 6X1/4;TLLO LAMINA PAN PHL ZINC;LAMINA PAN;TORNILLERIA;Tornillería;tornilleria;alta;11800
T403820;TORN LAMINA PAN PHL ZINC 6X3/8;TLLO LAMINA PAN PHL ZINC;LAMINA PAN;TORNILLERIA;Tornillería;tornilleria;alta;20400
T403821;TORN LAMINA PAN PHL ZINC 6X1/2;TLLO LAMINA PAN PHL ZINC;LAMINA PAN;TORNILLERIA;Tornillería;tornilleria;alta;8400
T403822;TORN LAMINA PAN PHL ZINC 6X5/8;TLLO LAMINA PAN PHL ZINC;LAMINA PAN;TORNILLERIA;Tornillería;tornilleria;alta;9700
T403823;TORN LAMINA PAN PHL ZINC 6X3/4;TLLO LAMINA PAN PHL ZINC;LAMINA PAN;TORNILLERIA;Tornillería;tornilleria;alta;3100
T403824;TORN LAMINA PAN PHL ZINC 6X7/8;TLLO LAMINA PAN PHL ZINC;VARIOS;TORNILLERIA;Tornillería;tornilleria;alta;1000
T403825;TORN LAMINA PAN PHL ZINC 6X1;TLLO LAMINA PAN PHL ZINC;LAMINA PAN;TORNILLERIA;Tornillería;tornilleria;alta;21000
T403826;TORN LAMINA PAN PHL ZINC 6X1.1/4;TLLO LAMINA PAN PHL ZINC;LAMINA PAN;TORNILLERIA;Tornillería;tornilleria;alta;16200
T403827;TORN LAMINA PAN PHL ZINC 6X1.1/2;TLLO LAMINA PAN PHL ZINC;LAMINA PAN;TORNILLERIA;Tornillería;tornilleria;alta;13400
T403828;TORN LAMINA PAN PHL ZINC 6X2;TLLO LAMINA PAN PHL ZINC;LAMINA PAN;TORNILLERIA;Tornillería;tornilleria;alta;12300
T403838;TORN LAMINA PAN PHL ZINC 8X3/8;TLLO LAMINA PAN PHL ZINC;LAMINA PAN;TORNILLERIA;Tornillería;tornilleria;alta;8000
T403839;TORN LAMINA PAN PHL ZINC 8X1/2;TLLO LAMINA PAN PHL ZINC;LAMINA PAN;TORNILLERIA;Tornillería;tornilleria;alta;24400
T403840;TORN LAMINA PAN PHL ZINC 8X5/8;TLLO LAMINA PAN PHL ZINC;LAMINA PAN;TORNILLERIA;Tornillería;tornilleria;alta;5900
T403841;TORN LAMINA PAN PHL ZINC 8X3/4;TLLO LAMINA PAN PHL ZINC;LAMINA PAN;TORNILLERIA;Tornillería;tornilleria;alta;17800
T403842;TORN LAMINA PAN PHL ZINC 8X7/8;TLLO LAMINA PAN PHL ZINC;VARIOS;TORNILLERIA;Tornillería;tornilleria;alta;24600
T403843;TORN LAMINA PAN PHL ZINC 8X1;TLLO LAMINA PAN PHL ZINC;LAMINA PAN;TORNILLERIA;Tornillería;tornilleria;alta;22700
T403844;TORN LAMINA PAN PHL ZINC 8X1.1/4;TLLO LAMINA PAN PHL ZINC;LAMINA PAN;TORNILLERIA;Tornillería;tornilleria;alta;21900
T403845;TORN LAMINA PAN PHL ZINC 8X1.1/2;TLLO LAMINA PAN PHL ZINC;LAMINA PAN;TORNILLERIA;Tornillería;tornilleria;alta;18700
T403847;TORN LAMINA PAN PHL ZINC 8X2;TLLO LAMINA PAN PHL ZINC;LAMINA PAN;TORNILLERIA;Tornillería;tornilleria;alta;15500
T403848;TORN LAMINA PAN PHL ZINC 8X2.1/2;TLLO LAMINA PAN PHL ZINC;LAMINA PAN;TORNILLERIA;Tornillería;tornilleria;alta;8300
T403849;TORN LAMINA PAN PHL ZINC 8X3;TLLO LAMINA PAN PHL ZINC;LAMINA PAN;TORNILLERIA;Tornillería;tornilleria;alta;16000
T403861;TORN LAMINA PAN PHL ZINC 10X3/8;TLLO LAMINA PAN PHL ZINC;VARIOS;TORNILLERIA;Tornillería;tornilleria;alta;9100
T403862;TORN LAMINA PAN PHL ZINC 10X1/2;TLLO LAMINA PAN PHL ZINC;LAMINA PAN;TORNILLERIA;Tornillería;tornilleria;alta;16500
T403863;TORN LAMINA PAN PHL ZINC 10X5/8;TLLO LAMINA PAN PHL ZINC;LAMINA PAN;TORNILLERIA;Tornillería;tornilleria;alta;300
T403864;TORN LAMINA PAN PHL ZINC 10X3/4;TLLO LAMINA PAN PHL ZINC;LAMINA PAN;TORNILLERIA;Tornillería;tornilleria;alta;24200
T403865;TORN LAMINA PAN PHL ZINC 10X7/8;TLLO LAMINA PAN PHL ZINC;LAMINA PAN;TORNILLERIA;Tornillería;tornilleria;alta;17800
T403866;TORN LAMINA PAN PHL ZINC 10X1;TLLO LAMINA PAN PHL ZINC;LAMINA PAN;TORNILLERIA;Tornillería;tornilleria;alta;21900
T403867;TORN LAMINA PAN PHL ZINC 10X1.1/4;TLLO LAMINA PAN PHL ZINC;LAMINA PAN;TORNILLERIA;Tornillería;tornilleria;alta;21000
T403868;TORN LAMINA PAN PHL ZINC 10X1.1/2;TLLO LAMINA PAN PHL ZINC;LAMINA PAN;TORNILLERIA;Tornillería;tornilleria;alta;23300
T403870;TORN LAMINA PAN PHL ZINC 10X2;TLLO LAMINA PAN PHL ZINC;LAMINA PAN;TORNILLERIA;Tornillería;tornilleria;alta;9900
T403871;TORN LAMINA PAN PHL ZINC 10X2.1/2;TLLO LAMINA PAN PHL ZINC;LAMINA PAN;TORNILLERIA;Tornillería;tornilleria;alta;21500
T403872;TORN LAMINA PAN PHL ZINC 10X3;TLLO LAMINA PAN PHL ZINC;LAMINA PAN;TORNILLERIA;Tornillería;tornilleria;alta;19700
T403876;TORN LAMINA PAN PHL ZINC 12X1/2;TLLO LAMINA PAN PHL ZINC;LAMINA PAN;TORNILLERIA;Tornillería;tornilleria;alta;17300
T403877;TORN LAMINA PAN PHL ZINC 12X5/8;TLLO LAMINA PAN PHL ZINC;VARIOS;TORNILLERIA;Tornillería;tornilleria;alta;18800
T403878;TORN LAMINA PAN PHL ZINC 12X3/4;TLLO LAMINA PAN PHL ZINC;LAMINA PAN;TORNILLERIA;Tornillería;tornilleria;alta;15400
T403879;TORN LAMINA PAN PHL ZINC 12X7/8;TLLO LAMINA PAN PHL ZINC;VARIOS;TORNILLERIA;Tornillería;tornilleria;alta;17000
T403880;TORN LAMINA PAN PHL ZINC 12X1;TLLO LAMINA PAN PHL ZINC;LAMINA PAN;TORNILLERIA;Tornillería;tornilleria;alta;18900
T403881;TORN LAMINA PAN PHL ZINC 12X1.1/4;TLLO LAMINA PAN PHL ZINC;LAMINA PAN;TORNILLERIA;Tornillería;tornilleria;alta;8900
T403882;TORN LAMINA PAN PHL ZINC 12X1.1/2;TLLO LAMINA PAN PHL ZINC;LAMINA PAN;TORNILLERIA;Tornillería;tornilleria;alta;2800
T403884;TORN LAMINA PAN PHL ZINC 12X2;TLLO LAMINA PAN PHL ZINC;LAMINA PAN;TORNILLERIA;Tornillería;tornilleria;alta;10800
T403885;TORN LAMINA PAN PHL ZINC 12X2.1/2;TLLO LAMINA PAN PHL ZINC;LAMINA PAN;TORNILLERIA;Tornillería;tornilleria;alta;12400
T403886;TORN LAMINA PAN PHL ZINC 12X3;TLLO LAMINA PAN PHL ZINC;LAMINA PAN;TORNILLERIA;Tornillería;tornilleria;alta;3800
T403890;TORN LAMINA PAN PHL ZINC 14X1/2;TLLO LAMINA PAN PHL ZINC;LAMINA PAN;TORNILLERIA;Tornillería;tornilleria;alta;12000
T403891;TORN LAMINA PAN PHL ZINC 14X5/8;TLLO LAMINA PAN PHL ZINC;VARIOS;TORNILLERIA;Tornillería;tornilleria;alta;11400
T403892;TORN LAMINA PAN PHL ZINC 14X3/4;TLLO LAMINA PAN PHL ZINC;LAMINA PAN;TORNILLERIA;Tornillería;tornilleria;alta;11400
T403894;TORN LAMINA PAN PHL ZINC 14X1;TLLO LAMINA PAN PHL ZINC;LAMINA PAN;TORNILLERIA;Tornillería;tornilleria;alta;14700
T403895;TORN LAMINA PAN PHL ZINC 14X1.1/4;TLLO LAMINA PAN PHL ZINC;LAMINA PAN;TORNILLERIA;Tornillería;tornilleria;alta;10600
T403896;TORN LAMINA PAN PHL ZINC 14X1.1/2;TLLO LAMINA PAN PHL ZINC;LAMINA PAN;TORNILLERIA;Tornillería;tornilleria;alta;7700
T403898;TORN LAMINA PAN PHL ZINC 14X2;TLLO LAMINA PAN PHL ZINC;LAMINA PAN;TORNILLERIA;Tornillería;tornilleria;alta;17400
T403899;TORN LAMINA PAN PHL ZINC 14X2.1/2;TLLO LAMINA PAN PHL ZINC;LAMINA PAN;TORNILLERIA;Tornillería;tornilleria;alta;7900
T403900;TORN LAMINA PAN PHL ZINC 14X3;TLLO LAMINA PAN PHL ZINC;LAMINA PAN;TORNILLERIA;Tornillería;tornilleria;alta;14100
T404820;TORN LAMINA AVELLAN PHL ZINC 6X3/8;TORN LAMINA PAN COMBINADO ZINC 4X1/4;LAMINA AV;TORNILLERIA;Tornillería;tornilleria;alta;8600
T404821;TORN LAMINA AVELLAN PHL ZINC 6X1/2;TORN LAMINA PAN COMBINADO ZINC 4X1/4;LAMINA AV;TORNILLERIA;Tornillería;tornilleria;alta;17900
T404822;TORN LAMINA AVELLAN PHL ZINC 6X5/8;TORN LAMINA PAN COMBINADO ZINC 4X1/4;LAMINA AV;TORNILLERIA;Tornillería;tornilleria;alta;24200
T404823;TORN LAMINA AVELLAN PHL ZINC 6X3/4;TORN LAMINA PAN COMBINADO ZINC 4X1/4;LAMINA AV;TORNILLERIA;Tornillería;tornilleria;alta;6600
T404825;TORN LAMINA AVELLAN PHL ZINC 6X1;TORN LAMINA PAN COMBINADO ZINC 4X1/4;LAMINA AV;TORNILLERIA;Tornillería;tornilleria;alta;16900
T404826;TORN LAMINA AVELLAN PHL ZINC 6X1.1/4;TORN LAMINA PAN COMBINADO ZINC 4X1/4;LAMINA AV;TORNILLERIA;Tornillería;tornilleria;alta;14100
T404827;TORN LAMINA AVELLAN PHL ZINC 6X1.1/2;TORN LAMINA PAN COMBINADO ZINC 4X1/4;LAMINA AV;TORNILLERIA;Tornillería;tornilleria;alta;17000
T404828;TORN LAMINA AVELLAN PHL ZINC 6X2;TORN LAMINA PAN COMBINADO ZINC 4X1/4;VARIOS;TORNILLERIA;Tornillería;tornilleria;alta;12700
T404829;TORN LAMINA AVELLAN PHL ZINC 6X2 FULL THREAD;TORN LAMINA PAN COMBINADO ZINC 4X1/4;VARIOS;TORNILLERIA;Tornillería;tornilleria;alta;13300
T404838;TORN LAMINA AVELLAN PHL ZINC 8X3/8;TORN LAMINA PAN COMBINADO ZINC 4X1/4;LAMINA AV;TORNILLERIA;Tornillería;tornilleria;alta;23000
T404839;TORN LAMINA AVELLAN PHL ZINC 8X1/2;TORN LAMINA PAN COMBINADO ZINC 4X1/4;LAMINA AV;TORNILLERIA;Tornillería;tornilleria;alta;8000
T404840;TORN LAMINA AVELLAN PHL ZINC 8X5/8;TORN LAMINA PAN COMBINADO ZINC 4X1/4;LAMINA AV;TORNILLERIA;Tornillería;tornilleria;alta;4300
T404841;TORN LAMINA AVELLAN PHL ZINC 8X3/4;TORN LAMINA PAN COMBINADO ZINC 4X1/4;LAMINA AV;TORNILLERIA;Tornillería;tornilleria;alta;4900
T404842;TORN LAMINA AVELLAN PHL ZINC 8X7/8;TORN LAMINA PAN COMBINADO ZINC 4X1/4;LAMINA AV;TORNILLERIA;Tornillería;tornilleria;alta;19400
T404843;TORN LAMINA AVELLAN PHL ZINC 8X1;TORN LAMINA PAN COMBINADO ZINC 4X1/4;LAMINA AV;TORNILLERIA;Tornillería;tornilleria;alta;3400
T404844;TORN LAMINA AVELLAN PHL ZINC 8X1.1/4;TORN LAMINA PAN COMBINADO ZINC 4X1/4;LAMINA AV;TORNILLERIA;Tornillería;tornilleria;alta;6600
T404845;TORN LAMINA AVELLAN PHL ZINC 8X1.1/2;TORN LAMINA PAN COMBINADO ZINC 4X1/4;LAMINA AV;TORNILLERIA;Tornillería;tornilleria;alta;8600
T404847;TORN LAMINA AVELLAN PHL ZINC 8X2;TORN LAMINA PAN COMBINADO ZINC 4X1/4;LAMINA AV;TORNILLERIA;Tornillería;tornilleria;alta;2500
T404848;TORN LAMINA AVELLAN PHL ZINC 8X2.1/2;TORN LAMINA PAN COMBINADO ZINC 4X1/4;LAMINA AV;TORNILLERIA;Tornillería;tornilleria;alta;6500
T404849;TORN LAMINA AVELLAN PHL ZINC 8X3;TORN LAMINA PAN COMBINADO ZINC 4X1/4;LAMINA AV;TORNILLERIA;Tornillería;tornilleria;alta;14200
T404861;TORN LAMINA AVELLAN PHL ZINC 10X3/8;TORN LAMINA PAN COMBINADO ZINC 4X1/4;VARIOS;TORNILLERIA;Tornillería;tornilleria;alta;500
T404862;TORN LAMINA AVELLAN PHL ZINC 10X1/2;TORN LAMINA PAN COMBINADO ZINC 4X1/4;LAMINA AV;TORNILLERIA;Tornillería;tornilleria;alta;19100
T404863;TORN LAMINA AVELLAN PHL ZINC 10X5/8;TORN LAMINA PAN COMBINADO ZINC 4X1/4;LAMINA AV;TORNILLERIA;Tornillería;tornilleria;alta;3900
T404864;TORN LAMINA AVELLAN PHL ZINC 10X3/4;TORN LAMINA PAN COMBINADO ZINC 4X1/4;LAMINA AV;TORNILLERIA;Tornillería;tornilleria;alta;12900
T404866;TORN LAMINA AVELLAN PHL ZINC 10X1;TORN LAMINA PAN COMBINADO ZINC 4X1/4;LAMINA AV;TORNILLERIA;Tornillería;tornilleria;alta;1200
T404867;TORN LAMINA AVELLAN PHL ZINC 10X1.1/4;TORN LAMINA PAN COMBINADO ZINC 4X1/4;LAMINA AV;TORNILLERIA;Tornillería;tornilleria;alta;14100
T404868;TORN LAMINA AVELLAN PHL ZINC 10X1.1/2;TORN LAMINA PAN COMBINADO ZINC 4X1/4;LAMINA AV;TORNILLERIA;Tornillería;tornilleria;alta;15900
T404870;TORN LAMINA AVELLAN PHL ZINC 10X2;TORN LAMINA PAN COMBINADO ZINC 4X1/4;LAMINA AV;TORNILLERIA;Tornillería;tornilleria;alta;16600
T404871;TORN LAMINA AVELLAN PHL ZINC 10X2.1/2;TORN LAMINA PAN COMBINADO ZINC 4X1/4;LAMINA AV;TORNILLERIA;Tornillería;tornilleria;alta;14900
T404872;TORN LAMINA AVELLAN PHL ZINC 10X3;TORN LAMINA PAN COMBINADO ZINC 4X1/4;LAMINA AV;TORNILLERIA;Tornillería;tornilleria;alta;6800
T404878;TORN LAMINA AVELLAN PHL ZINC 12X3/4;TORN LAMINA PAN COMBINADO ZINC 4X1/4;LAMINA AV;TORNILLERIA;Tornillería;tornilleria;alta;10600
T404880;TORN LAMINA AVELLAN PHL ZINC 12X1;TORN LAMINA PAN COMBINADO ZINC 4X1/4;LAMINA AV;TORNILLERIA;Tornillería;tornilleria;alta;19400
T404881;TORN LAMINA AVELLAN PHL ZINC 12X1.1/4;TORN LAMINA PAN COMBINADO ZINC 4X1/4;LAMINA AV;TORNILLERIA;Tornillería;tornilleria;alta;19300
T404882;TORN LAMINA AVELLAN PHL ZINC 12X1.1/2;TORN LAMINA PAN COMBINADO ZINC 4X1/4;LAMINA AV;TORNILLERIA;Tornillería;tornilleria;alta;4400
T404884;TORN LAMINA AVELLAN PHL ZINC 12X2;TORN LAMINA PAN COMBINADO ZINC 4X1/4;LAMINA AV;TORNILLERIA;Tornillería;tornilleria;alta;10600
T404885;TORN LAMINA AVELLAN PHL ZINC 12X2.1/2;TORN LAMINA PAN COMBINADO ZINC 4X1/4;LAMINA AV;TORNILLERIA;Tornillería;tornilleria;alta;8200
T404886;TORN LAMINA AVELLAN PHL ZINC 12X3;TORN LAMINA PAN COMBINADO ZINC 4X1/4;LAMINA AV;TORNILLERIA;Tornillería;tornilleria;alta;8800
T404894;TORN LAMINA AVELLAN PHL ZINC 14X1;TORN LAMINA PAN COMBINADO ZINC 4X1/4;LAMINA AV;TORNILLERIA;Tornillería;tornilleria;alta;18400
T404895;TORN LAMINA AVELLAN PHL ZINC 14X1.1/4;TORN LAMINA PAN COMBINADO ZINC 4X1/4;LAMINA AV;TORNILLERIA;Tornillería;tornilleria;alta;18200
T404896;TORN LAMINA AVELLAN PHL ZINC 14X1.1/2;TORN LAMINA PAN COMBINADO ZINC 4X1/4;LAMINA AV;TORNILLERIA;Tornillería;tornilleria;alta;10800
T404898;TORN LAMINA AVELLAN PHL ZINC 14X2;TORN LAMINA PAN COMBINADO ZINC 4X1/4;LAMINA AV;TORNILLERIA;Tornillería;tornilleria;alta;5900
T404899;TORN LAMINA AVELLAN PHL ZINC 14X2.1/2;TORN LAMINA PAN COMBINADO ZINC 4X1/4;LAMINA AV;TORNILLERIA;Tornillería;tornilleria;alta;2700
T404900;TORN LAMINA AVELLAN PHL ZINC 14X3;TORN LAMINA PAN COMBINADO ZINC 4X1/4;LAMINA AV;TORNILLERIA;Tornillería;tornilleria;alta;6100
T404910;TORN AUTOAVELLAN P/AGUDA NERVADO 6X7/8;TORN LAMINA PAN COMBINADO ZINC 4X1/4;LAMINA AV;TORNILLERIA;Tornillería;tornilleria;alta;10900
T409070;TORNILLO LAMINA HEX C/ARAN Y RAN 1/4 X 1/2;TORNILLO LAMINA HEX C/ARAN Y RAN;LAMINA HEX;TORNILLERIA;Tornillería;tornilleria;alta;17400
T409079;TORNILLO LAMINA HEX C/ARAN Y RAN 1/4 X 3/4;TORNILLO LAMINA HEX C/ARAN Y RAN;LAMINA HEX;TORNILLERIA;Tornillería;tornilleria;alta;4900
T409081;TORNILLO LAMINA HEX C/ARAN Y RAN 1/4 X 1;TORNILLO LAMINA HEX C/ARAN Y RAN;LAMINA HEX;TORNILLERIA;Tornillería;tornilleria;alta;8700
T409082;TORNILLO LAMINA HEX C/ARAN Y RAN 1/4 X 1 1/4;TORNILLO LAMINA HEX C/ARAN Y RAN;LAMINA HEX;TORNILLERIA;Tornillería;tornilleria;alta;19700
T409083;TORNILLO LAMINA HEX C/ARAN Y RAN 1/4 X 1 1/2;TORNILLO LAMINA HEX C/ARAN Y RAN;LAMINA HEX;TORNILLERIA;Tornillería;tornilleria;alta;9800
T409085;TORNILLO LAMINA HEX C/ARAN Y RAN 1/4 X 2;TORNILLO LAMINA HEX C/ARAN Y RAN;LAMINA HEX;TORNILLERIA;Tornillería;tornilleria;alta;19800
T409108;TORNILLO LAMINA HEX C/ARAN Y RAN 5/16 X 3/4;TORNILLO LAMINA HEX C/ARAN Y RAN;LAMINA HEX;TORNILLERIA;Tornillería;tornilleria;alta;16800
T409110;TORNILLO LAMINA HEX C/ARAN Y RAN 5/16 X 1;TORNILLO LAMINA HEX C/ARAN Y RAN;LAMINA HEX;TORNILLERIA;Tornillería;tornilleria;alta;800
T409111;TORNILLO LAMINA HEX C/ARAN Y RAN 5/16 X 1 1/4;TORNILLO LAMINA HEX C/ARAN Y RAN;LAMINA HEX;TORNILLERIA;Tornillería;tornilleria;alta;18300
T409112;TORNILLO LAMINA HEX C/ARAN Y RAN 5/16 X 1 1/2;TORNILLO LAMINA HEX C/ARAN Y RAN;LAMINA HEX;TORNILLERIA;Tornillería;tornilleria;alta;10400
T409114;TORNILLO LAMINA HEX C/ARAN Y RAN 5/16 X 2;TORNILLO LAMINA HEX C/ARAN Y RAN;LAMINA HEX;TORNILLERIA;Tornillería;tornilleria;alta;17900
T410079;TORN LAM HEX S/ARANDELA 1/4 X 3/4;TLLO LAMINA HEX S/ARANDELA;LAMINA HEX;TORNILLERIA;Tornillería;tornilleria;alta;20100
T410081;TORN LAM HEX S/ARANDELA 1/4 X 1;TLLO LAMINA HEX S/ARANDELA;LAMINA HEX;TORNILLERIA;Tornillería;tornilleria;alta;17300
T410082;TORN LAM HEX S/ARANDELA 1/4 X 1 1/4;TLLO LAMINA HEX S/ARANDELA;LAMINA HEX;TORNILLERIA;Tornillería;tornilleria;alta;13500
T410083;TORN LAM HEX S/ARANDELA 1/4 X 1 1/2;TLLO LAMINA HEX S/ARANDELA;LAMINA HEX;TORNILLERIA;Tornillería;tornilleria;alta;800
T410085;TORN LAM HEX S/ARANDELA 1/4 X 2;TLLO LAMINA HEX S/ARANDELA;LAMINA HEX;TORNILLERIA;Tornillería;tornilleria;alta;16100
T410108;TORN LAM HEX S/ARANDELA 5/16 X 3/4;TLLO LAMINA HEX S/ARANDELA;LAMINA HEX;TORNILLERIA;Tornillería;tornilleria;alta;9900
T410110;TORN LAM HEX S/ARANDELA 5/16 X 1;TLLO LAMINA HEX S/ARANDELA;LAMINA HEX;TORNILLERIA;Tornillería;tornilleria;alta;11400
T410111;TORN LAM HEX S/ARANDELA 5/16 X 1 1/4;TLLO LAMINA HEX S/ARANDELA;LAMINA HEX;TORNILLERIA;Tornillería;tornilleria;alta;14700
T410112;TORN LAM HEX S/ARANDELA 5/16 X 1 1/2;TLLO LAMINA HEX S/ARANDELA;LAMINA HEX;TORNILLERIA;Tornillería;tornilleria;alta;14700
T410114;TORN LAM HEX S/ARANDELA 5/16 X 2;TLLO LAMINA HEX S/ARANDELA;LAMINA HEX;TORNILLERIA;Tornillería;tornilleria;alta;5600
T413843;TOR LAM HEX C/ARAN NEOP P/BR ZN8 X 1;TORN LAM HEX C/ARAN NEOPRENO P/BROCA ZINC;LAMINA NEOPRENO;TORNILLERIA;Tornillería;tornilleria;alta;20900
T413844;TOR LAM HEX C/ARAN NEOP P/BR ZN8X1.1/4;TORN LAM HEX C/ARAN NEOPRENO P/BROCA ZINC;LAMINA NEOPRENO;TORNILLERIA;Tornillería;tornilleria;alta;9200
T413845;TOR LAM HEX C/ARAN NEOP P/BR ZN8X1.1/2;TORN LAM HEX C/ARAN NEOPRENO P/BROCA ZINC;LAMINA NEOPRENO;TORNILLERIA;Tornillería;tornilleria;alta;15700
T413864;TOR LAM HEX C/ARAN NEOP P/BR ZN10 X3/4;TORN LAM HEX C/ARAN NEOPRENO P/BROCA ZINC;LAMINA NEOPRENO;TORNILLERIA;Tornillería;tornilleria;alta;23800
T413866;TOR LAM HEX C/ARAN NEOP P/BR ZN10 X 1;TORN LAM HEX C/ARAN NEOPRENO P/BROCA ZINC;LAMINA NEOPRENO;TORNILLERIA;Tornillería;tornilleria;alta;13900
T413867;TOR LAM HEX C/ARAN NEOP P/BR ZN10X1.1/4;TORN LAM HEX C/ARAN NEOPRENO P/BROCA ZINC;LAMINA NEOPRENO;TORNILLERIA;Tornillería;tornilleria;alta;9800
T413868;TOR LAM HEX C/ARAN NEOP P/BR ZN10X1.1/2;TORN LAM HEX C/ARAN NEOPRENO P/BROCA ZINC;LAMINA NEOPRENO;TORNILLERIA;Tornillería;tornilleria;alta;7500
T413870;TOR LAM HEX C/ARAN NEOP P/BR ZN10 X 2;TORN LAM HEX C/ARAN NEOPRENO P/BROCA ZINC;LAMINA NEOPRENO;TORNILLERIA;Tornillería;tornilleria;alta;21600
T413871;TOR LAM HEX C/ARAN NEOP P/BR ZN10X2 1/2;TORN LAM HEX C/ARAN NEOPRENO P/BROCA ZINC;LAMINA NEOPRENO;TORNILLERIA;Tornillería;tornilleria;alta;500
T413872;TOR LAM HEX C/ARAN NEOP P/BR ZN10 X 3;TORN LAM HEX C/ARAN NEOPRENO P/BROCA ZINC;LAMINA NEOPRENO;TORNILLERIA;Tornillería;tornilleria;alta;8900
T413873;TOR LAM HEX C/ARAN NEOP P/BR ZN10 X 4;TORN LAM HEX C/ARAN NEOPRENO P/BROCA ZINC;LAMINA NEOPRENO;TORNILLERIA;Tornillería;tornilleria;alta;12600
T413874;TOR LAM HEX C/ARAN NEOP P/BR ZN10 X 5;TORN LAM HEX C/ARAN NEOPRENO P/BROCA ZINC;LAMINA NEOPRENO;TORNILLERIA;Tornillería;tornilleria;alta;7100
T413875;TOR LAM HEX C/ARAN NEOP P/BR ZN10 X 6;TORN LAM HEX C/ARAN NEOPRENO P/BROCA ZINC;LAMINA NEOPRENO;TORNILLERIA;Tornillería;tornilleria;alta;24500
T413878;TOR LAM HEX C/ARAN NEOP P/BR ZN12X3/4;TORN LAM HEX C/ARAN NEOPRENO P/BROCA ZINC;LAMINA NEOPRENO;TORNILLERIA;Tornillería;tornilleria;alta;14400
T413879;TOR LAM HEX C/ARAN NEOP P/BR ZN 14X7/8;TORN LAM HEX C/ARAN NEOPRENO P/BROCA ZINC;VARIOS;TORNILLERIA;Tornillería;tornilleria;alta;11600
T413880;TOR LAM HEX C/ARAN NEOP P/BR ZN12 X 1;TORN LAM HEX C/ARAN NEOPRENO P/BROCA ZINC;LAMINA NEOPRENO;TORNILLERIA;Tornillería;tornilleria;alta;19400
T413881;TOR LAM HEX C/ARAN NEOP P/BR ZN12X1.1/4;TORN LAM HEX C/ARAN NEOPRENO P/BROCA ZINC;LAMINA NEOPRENO;TORNILLERIA;Tornillería;tornilleria;alta;12600
T413882;TOR LAM HEX C/ARAN NEOP P/BR ZN12X1.1/2;TORN LAM HEX C/ARAN NEOPRENO P/BROCA ZINC;LAMINA NEOPRENO;TORNILLERIA;Tornillería;tornilleria;alta;23100
T413884;TOR LAM HEX C/ARAN NEOP P/BR ZN12 X 2;TORN LAM HEX C/ARAN NEOPRENO P/BROCA ZINC;LAMINA NEOPRENO;TORNILLERIA;Tornillería;tornilleria;alta;21700
T413885;TOR LAM HEX C/ARAN NEOP P/BR ZN12X2 1/2;TORN LAM HEX C/ARAN NEOPRENO P/BROCA ZINC;LAMINA NEOPRENO;TORNILLERIA;Tornillería;tornilleria;alta;20800
T413886;TOR LAM HEX C/ARAN NEOP P/BR ZN12 X 3;TORN LAM HEX C/ARAN NEOPRENO P/BROCA ZINC;LAMINA NEOPRENO;TORNILLERIA;Tornillería;tornilleria;alta;15300
T413888;TOR LAM HEX C/ARAN NEOP P/BR ZN12 X 4;TORN LAM HEX C/ARAN NEOPRENO P/BROCA ZINC;LAMINA NEOPRENO;TORNILLERIA;Tornillería;tornilleria;alta;11400
T413889;TOR LAM HEX C/ARAN NEOP P/BR ZN12 X 4.1/2;TORN LAM HEX C/ARAN NEOPRENO P/BROCA ZINC;LAMINA NEOPRENO;TORNILLERIA;Tornillería;tornilleria;alta;4600
T413890;TOR LAM HEX C/ARAN NEOP P/BR ZN12 X 5;TORN LAM HEX C/ARAN NEOPRENO P/BROCA ZINC;LAMINA NEOPRENO;TORNILLERIA;Tornillería;tornilleria;alta;19800
T413891;TOR LAM HEX C/ARAN NEOP P/BR ZN12 X 6;TORN LAM HEX C/ARAN NEOPRENO P/BROCA ZINC;VARIOS;TORNILLERIA;Tornillería;tornilleria;alta;11800
T413892;TOR LAM HEX C/ARAN NEOP P/BR ZN14 X3/4;TORN LAM HEX C/ARAN NEOPRENO P/BROCA ZINC;LAMINA NEOPRENO;TORNILLERIA;Tornillería;tornilleria;alta;12500
T413894;TOR LAM HEX C/ARAN NEOP P/BR ZN14 X 1;TORN LAM HEX C/ARAN NEOPRENO P/BROCA ZINC;LAMINA NEOPRENO;TORNILLERIA;Tornillería;tornilleria;alta;2600
T413895;TOR LAM HEX C/ARAN NEOP P/BR ZN14X1 1/4;TORN LAM HEX C/ARAN NEOPRENO P/BROCA ZINC;LAMINA NEOPRENO;TORNILLERIA;Tornillería;tornilleria;alta;12800
T413896;TOR LAM HEX C/ARAN NEOP P/BR ZN14X1 1/2;TORN LAM HEX C/ARAN NEOPRENO P/BROCA ZINC;LAMINA NEOPRENO;TORNILLERIA;Tornillería;tornilleria;alta;21000
T413898;TOR LAM HEX C/ARAN NEOP P/BR ZN14 X 2;TORN LAM HEX C/ARAN NEOPRENO P/BROCA ZINC;LAMINA NEOPRENO;TORNILLERIA;Tornillería;tornilleria;alta;20300
T413899;TOR LAM HEX C/ARAN NEOP P/BR ZN14X2 1/2;TORN LAM HEX C/ARAN NEOPRENO P/BROCA ZINC;LAMINA NEOPRENO;TORNILLERIA;Tornillería;tornilleria;alta;15600
T413900;TOR LAM HEX C/ARAN NEOP P/BR ZN14 X 3;TORN LAM HEX C/ARAN NEOPRENO P/BROCA ZINC;LAMINA NEOPRENO;TORNILLERIA;Tornillería;tornilleria;alta;21700
T413905;TOR LAM HEX C/ARAN NEOP P/BR ZN14 X 3 1/2;TORN LAM HEX C/ARAN NEOPRENO P/BROCA ZINC;VARIOS;TORNILLERIA;Tornillería;tornilleria;alta;16600
T413910;TOR LAM HEX C/ARAN NEOP P/BR ZN14 X 4;TORN LAM HEX C/ARAN NEOPRENO P/BROCA ZINC;LAMINA NEOPRENO;TORNILLERIA;Tornillería;tornilleria;alta;8800
T413915;TOR LAM HEX C/ARAN NEOP P/BR ZN14 X 4 1/2;TORN LAM HEX C/ARAN NEOPRENO P/BROCA ZINC;VARIOS;TORNILLERIA;Tornillería;tornilleria;alta;20200
T413920;TOR LAM HEX C/ARAN NEOP P/BR ZN14 X 5;TORN LAM HEX C/ARAN NEOPRENO P/BROCA ZINC;LAMINA NEOPRENO;TORNILLERIA;Tornillería;tornilleria;alta;11500
T413930;TOR LAM HEX C/ARAN NEOP P/BR ZN14 X 6;TORN LAM HEX C/ARAN NEOPRENO P/BROCA ZINC;LAMINA NEOPRENO;TORNILLERIA;Tornillería;tornilleria;alta;5700
T413950;TOR LAM HEX C/AR NEOP P/BR GALV CALIENTE GRIS 10 x 3/4;TORN LAM HEX C/ARAN NEOPRENO P/BROCA ZINC;LAMINA NEOPRENO;TORNILLERIA;Tornillería;tornilleria;alta;3300
T413951;"TOR LAM HEX C/AR NEOP P/BR GALV CALIENTE GRIS 10 x 1""";TORN LAM HEX C/ARAN NEOPRENO P/BROCA ZINC;LAMINA NEOPRENO;TORNILLERIA;Tornillería;tornilleria;alta;20200
T413952;TOR LAM HEX C/ARAN NEOP P/BR GALV CAL 10 x 1 1/4;TORN LAM HEX C/ARAN NEOPRENO P/BROCA ZINC;VARIOS;TORNILLERIA;Tornillería;tornilleria;alta;7200
T413953;TOR LAM HEX C/ARAN NEOP P/BR GALV CAL 10 x 1 1/2;TORN LAM HEX C/ARAN NEOPRENO P/BROCA ZINC;VARIOS;TORNILLERIA;Tornillería;tornilleria;alta;3400
T413954;"TOR LAM HEX C/ARAN NEOP P/BR GALV CAL 10 x 2""";TORN LAM HEX C/ARAN NEOPRENO P/BROCA ZINC;VARIOS;TORNILLERIA;Tornillería;tornilleria;alta;21700
T413955;TOR LAM HEX C/ARAN NEOP P/BR GALV CAL 10 x 2 1/2;TORN LAM HEX C/ARAN NEOPRENO P/BROCA ZINC;VARIOS;TORNILLERIA;Tornillería;tornilleria;alta;18300
T413956;"TOR LAM HEX C/ARAN NEOP P/BR GALV CAL 10 x 3""";TORN LAM HEX C/ARAN NEOPRENO P/BROCA ZINC;VARIOS;TORNILLERIA;Tornillería;tornilleria;alta;11500
T413958;"TOR LAM HEX C/ARAN NEOP P/BR GALV CAL 10 x 4""";TORN LAM HEX C/ARAN NEOPRENO P/BROCA ZINC;VARIOS;TORNILLERIA;Tornillería;tornilleria;alta;7000
T413959;"TOR LAM HEX C/ARAN NEOP P/BR GALV CAL 10 x 5""";TORN LAM HEX C/ARAN NEOPRENO P/BROCA ZINC;VARIOS;TORNILLERIA;Tornillería;tornilleria;alta;15800
T413960;"TOR LAM HEX C/AR NEOP P/BR GALV CALIENTE GRIS 12 x 1""";TORN LAM HEX C/ARAN NEOPRENO P/BROCA ZINC;LAMINA NEOPRENO;TORNILLERIA;Tornillería;tornilleria;alta;18000
T413965;TOR LAM HEX C/AR NEOP P/BR GALV CALIENTE GRIS 12 x 1 1/2;TORN LAM HEX C/ARAN NEOPRENO P/BROCA ZINC;LAMINA NEOPRENO;TORNILLERIA;Tornillería;tornilleria;alta;4900
T413966;"TOR LAM HEX C/AR NEOP P/BR GALV CALIENTE GRIS 12 x 2""";TORN LAM HEX C/ARAN NEOPRENO P/BROCA ZINC;LAMINA NEOPRENO;TORNILLERIA;Tornillería;tornilleria;alta;9500
T413968;TOR LAM HEX C/ARAN NEOP P/BR GALV CAL 12 x 2 1/2;TORN LAM HEX C/ARAN NEOPRENO P/BROCA ZINC;VARIOS;TORNILLERIA;Tornillería;tornilleria;alta;6300
T413970;"TOR LAM HEX C/ARAN NEOP P/BR GALV CAL 12 x 3""";TORN LAM HEX C/ARAN NEOPRENO P/BROCA ZINC;VARIOS;TORNILLERIA;Tornillería;tornilleria;alta;18700
T413972;"TOR LAM HEX C/ARAN NEOP P/BR GALV CAL 12 x 4""";TORN LAM HEX C/ARAN NEOPRENO P/BROCA ZINC;VARIOS;TORNILLERIA;Tornillería;tornilleria;alta;12800
T413974;"TOR LAM HEX C/ARAN NEOP P/BR GALV CAL 12 x 5""";TORN LAM HEX C/ARAN NEOPRENO P/BROCA ZINC;VARIOS;TORNILLERIA;Tornillería;tornilleria;alta;12100
T418821;TORNILLO DRYWALL ZINCADO RO 6 X 1/2;TLLO DRYWALL ZINCADO RO;DRYWALL;TORNILLERIA;Tornillería;tornilleria;alta;6200
T418821-MILLAR;TORNILLO DRYWALL ZINCADO RO 6 X 1/2 CAJA X 1000 UNIDADES;TLLO DRYWALL ZINCADO RO;DRYWALL;TORNILLERIA;Tornillería;tornilleria;alta;22400
T418823;TORNILLO DRYWALL ZINCADO RO 6 X 3/4;TLLO DRYWALL ZINCADO RO;DRYWALL;TORNILLERIA;Tornillería;tornilleria;alta;16600
T418824;TORNILLO DRYWALL ZINCADO RO 6 X 1 1/8;TLLO DRYWALL ZINCADO RO;VARIOS;TORNILLERIA;Tornillería;tornilleria;alta;16700
T418825;TORNILLO DRYWALL ZINCADO RO 6 X 1;TLLO DRYWALL ZINCADO RO;DRYWALL;TORNILLERIA;Tornillería;tornilleria;alta;17500
T418826;TORNILLO DRYWALL ZINCADO RO 6 X 1 1/4;TLLO DRYWALL ZINCADO RO;DRYWALL;TORNILLERIA;Tornillería;tornilleria;alta;9000
T418827;TORNILLO DRYWALL ZINCADO RO 6 X 1 1/2;TLLO DRYWALL ZINCADO RO;DRYWALL;TORNILLERIA;Tornillería;tornilleria;alta;9200
T418827-MILLAR;TORNILLO DRYWALL ZINCADO RO 6 X 1 1/2 CAJA X 1000 UNIDADES;TLLO DRYWALL ZINCADO RO;DRYWALL;TORNILLERIA;Tornillería;tornilleria;alta;20500
T418828;TORNILLO DRYWALL ZINCADO RO 6 X 2;TLLO DRYWALL ZINCADO RO;DRYWALL;TORNILLERIA;Tornillería;tornilleria;alta;20100
T418829;TORNILLO DRYWALL ZINCADO RO 6 X 1-5/8;TLLO DRYWALL ZINCADO RO;DRYWALL;TORNILLERIA;Tornillería;tornilleria;alta;3100
T418829-MILLAR;TORNILLO DRYWALL ZINCADO RO 6 X 1-5/8 CAJA X 1000 UNIDADES;TLLO DRYWALL ZINCADO RO;DRYWALL;TORNILLERIA;Tornillería;tornilleria;alta;15200
T418831;TORNILLO DRYWALL ZINCADO RO 6 X 2-1/2;TLLO DRYWALL ZINCADO RO;DRYWALL;TORNILLERIA;Tornillería;tornilleria;alta;2000
T418832;TORNILLO DRYWALL ZINCADO RO 6 X 3;TLLO DRYWALL ZINCADO RO;DRYWALL;TORNILLERIA;Tornillería;tornilleria;alta;22900
T418845;TORNILLO DRYWALL ZINCADO RO 8 X 1 1/2;TLLO DRYWALL ZINCADO RO;DRYWALL;TORNILLERIA;Tornillería;tornilleria;alta;3300
T418845-MILLAR;TORNILLO DRYWALL ZINCADO RO 8 X 1 1/2 CAJA X 1000 UNIDADES;TLLO DRYWALL ZINCADO RO;DRYWALL;TORNILLERIA;Tornillería;tornilleria;alta;17200
T418847;TORNILLO DRYWALL ZINCADO RO 8 X 2;TLLO DRYWALL ZINCADO RO;DRYWALL;TORNILLERIA;Tornillería;tornilleria;alta;10600
T418847-MILLAR;TORNILLO DRYWALL ZINCADO RO 8 X 2 CAJA X 1000 UNIDADES;TLLO DRYWALL ZINCADO RO;DRYWALL;TORNILLERIA;Tornillería;tornilleria;alta;16100
T418848;TORNILLO DRYWALL ZINCADO RO 8 X 2-1/2;TLLO DRYWALL ZINCADO RO;DRYWALL;TORNILLERIA;Tornillería;tornilleria;alta;23200
T418849;TORNILLO DRYWALL ZINCADO RO 8 X 3;TLLO DRYWALL ZINCADO RO;DRYWALL;TORNILLERIA;Tornillería;tornilleria;alta;800
T418868;TORNILLO DRYWALL ZINCADO RO 10 X 1-1/2;TLLO DRYWALL ZINCADO RO;DRYWALL;TORNILLERIA;Tornillería;tornilleria;alta;24900
T418870;TORNILLO DRYWALL ZINCADO RO 10 X 2;TLLO DRYWALL ZINCADO RO;DRYWALL;TORNILLERIA;Tornillería;tornilleria;alta;2500
T418871;TORNILLO DRYWALL ZINCADO RO 10 X 2-1/2;TLLO DRYWALL ZINCADO RO;DRYWALL;TORNILLERIA;Tornillería;tornilleria;alta;1100
T418872;TORNILLO DRYWALL ZINCADO RO 10 X 3;TLLO DRYWALL ZINCADO RO;DRYWALL;TORNILLERIA;Tornillería;tornilleria;alta;5700
T420839;TORNILLO LAM HEX P/BROCA ZINC8 X 1/2;TLLO LAM HEX P/BROCA ZINC;LAMINA HEX;TORNILLERIA;Herramientas de Corte;corte;alta;117900
T420840;TORNILLO LAM HEX P/BROCA ZINC8 X 5/8;TLLO LAM HEX P/BROCA ZINC;LAMINA HEX;TORNILLERIA;Herramientas de Corte;corte;alta;174800
T420841;TORNILLO LAM HEX P/BROCA ZINC8 X 3/4;TLLO LAM HEX P/BROCA ZINC;LAMINA HEX;TORNILLERIA;Herramientas de Corte;corte;alta;81200
T420843;TORNILLO LAM HEX P/BROCA ZINC8 X 1;TLLO LAM HEX P/BROCA ZINC;VARIOS;TORNILLERIA;Herramientas de Corte;corte;alta;47300
T420845;TORNILLO LAM HEX P/BROCA ZINC8 X 1 1/2;TLLO LAM HEX P/BROCA ZINC;LAMINA HEX;TORNILLERIA;Herramientas de Corte;corte;alta;135100
T420864;TORNILLO LAM HEX P/BROCA ZINC10 X 3/4;TLLO LAM HEX P/BROCA ZINC;LAMINA HEX;TORNILLERIA;Herramientas de Corte;corte;alta;166500
T420866;TORNILLO LAM HEX P/BROCA ZINC10 X 1;TLLO LAM HEX P/BROCA ZINC;LAMINA HEX;TORNILLERIA;Herramientas de Corte;corte;alta;17200
T420867;TORNILLO LAM HEX P/BROCA ZINC10 X 1 1/4;TLLO LAM HEX P/BROCA ZINC;LAMINA HEX;TORNILLERIA;Herramientas de Corte;corte;alta;9700
T420868;TORNILLO LAM HEX P/BROCA ZINC10 X 1 1/2;TLLO LAM HEX P/BROCA ZINC;LAMINA HEX;TORNILLERIA;Herramientas de Corte;corte;alta;146400
T420870;TORNILLO LAM HEX P/BROCA ZINC10 X 2;TLLO LAM HEX P/BROCA ZINC;VARIOS;TORNILLERIA;Herramientas de Corte;corte;alta;64700
T420880;TORNILLO LAM HEX P/BROCA ZINC12 X 1;TLLO LAM HEX P/BROCA ZINC;LAMINA HEX;TORNILLERIA;Herramientas de Corte;corte;alta;140400
T420884;TORNILLO LAM HEX P/BROCA ZINC12 X 2;TLLO LAM HEX P/BROCA ZINC;VARIOS;TORNILLERIA;Herramientas de Corte;corte;alta;96200
T420892;TORNILLO LAM HEX P/BROCA ZINC14 X 3/4;TLLO LAM HEX P/BROCA ZINC;LAMINA HEX;TORNILLERIA;Herramientas de Corte;corte;alta;37400
T420894;TORNILLO LAM HEX P/BROCA ZINC14 X 1;TLLO LAM HEX P/BROCA ZINC;LAMINA HEX;TORNILLERIA;Herramientas de Corte;corte;alta;149100
T420896;TORNILLO LAM HEX P/BROCA ZINC14 X 1 1/2;TLLO LAM HEX P/BROCA ZINC;LAMINA HEX;TORNILLERIA;Herramientas de Corte;corte;alta;91200
T420898;TORNILLO LAM HEX P/BROCA ZINC14 X 2;TLLO LAM HEX P/BROCA ZINC;LAMINA HEX;TORNILLERIA;Herramientas de Corte;corte;alta;52700
T420899;TORNILLO LAM HEX P/BROCA ZINC14 X 2 1/2;TLLO LAM HEX P/BROCA ZINC;LAMINA HEX;TORNILLERIA;Herramientas de Corte;corte;alta;100400
T420900;TORNILLO LAM HEX P/BROCA ZINC14 X 3;TLLO LAM HEX P/BROCA ZINC;LAMINA HEX;TORNILLERIA;Herramientas de Corte;corte;alta;173200
T421821;TORNILLO DRYWALL RO 6 X 1/2;TORNILLO DRYWALL RO;DRYWALL;TORNILLERIA;Tornillería;tornilleria;alta;4100
T421823;TORNILLO DRYWALL RO 6 X 3/4;TORNILLO DRYWALL RO;DRYWALL;TORNILLERIA;Tornillería;tornilleria;alta;5100
T421823-MILLAR;TORNILLO DRYWALL RO 6 X 3/4 CAJA X 1.000 UNIDADES;TORNILLO DRYWALL RO;DRYWALL;TORNILLERIA;Tornillería;tornilleria;alta;8800
T421824;TORNILLO DRYWALL RO 6 X 1 1/8;TORNILLO DRYWALL RO;DRYWALL;TORNILLERIA;Tornillería;tornilleria;alta;11900
T421825;TORNILLO DRYWALL RO 6 X 1;TORNILLO DRYWALL RO;DRYWALL;TORNILLERIA;Tornillería;tornilleria;alta;17800
T421826;TORNILLO DRYWALL RO 6 X 1 1/4;TORNILLO DRYWALL RO;DRYWALL;TORNILLERIA;Tornillería;tornilleria;alta;12000
T421826-MILLAR;TORNILLO DRYWALL RO 6 X 1 1/4 CAJA X 1.000 UNIDADES;TORNILLO DRYWALL RO;DRYWALL;TORNILLERIA;Tornillería;tornilleria;alta;7800
T421827;TORNILLO DRYWALL RO 6 X 1 1/2;TORNILLO DRYWALL RO;DRYWALL;TORNILLERIA;Tornillería;tornilleria;alta;500
T421828;TORNILLO DRYWALL RO 6 X 2;TORNILLO DRYWALL RO;DRYWALL;TORNILLERIA;Tornillería;tornilleria;alta;1400
T421829;TORNILLO DRYWALL RO 6 X 1 5/8;TORNILLO DRYWALL RO;DRYWALL;TORNILLERIA;Tornillería;tornilleria;alta;13100
T421829-MILLAR;TORNILLO DRYWALL RO 6 X 1 5/8 CAJA X 1.000 UNIDADES;TORNILLO DRYWALL RO;DRYWALL;TORNILLERIA;Tornillería;tornilleria;alta;10100
T421830;TORNILLO DRYWALL RO 6 X 2 1/4;TORNILLO DRYWALL RO;DRYWALL;TORNILLERIA;Tornillería;tornilleria;alta;13900
T421831;TORNILLO DRYWALL RO 6 X 2 1/2;TORNILLO DRYWALL RO;DRYWALL;TORNILLERIA;Tornillería;tornilleria;alta;500
T421832;TORNILLO DRYWALL RO 6 X 3;TORNILLO DRYWALL RO;DRYWALL;TORNILLERIA;Tornillería;tornilleria;alta;9300
T421834;TORNILLO DRYWALL RO 7 X 1 1/4;TORNILLO DRYWALL RO;VARIOS;TORNILLERIA;Tornillería;tornilleria;alta;2900
T421835;TORNILLO DRYWALL RO 7 X 1 5/8;TORNILLO DRYWALL RO;VARIOS;TORNILLERIA;Tornillería;tornilleria;alta;18800
T421836;TORNILLO DRYWALL RO 7 X 1 3/4;TORNILLO DRYWALL RO;DRYWALL;TORNILLERIA;Tornillería;tornilleria;alta;12200
T421837;TORNILLO DRYWALL RO 7 X 2;TORNILLO DRYWALL RO;DRYWALL;TORNILLERIA;Tornillería;tornilleria;alta;11800
T421841;TORNILLO DRYWALL RO 8 X 3/4;TORNILLO DRYWALL RO;DRYWALL;TORNILLERIA;Tornillería;tornilleria;alta;7900
T421841-MILLAR;TORNILLO DRYWALL RO 8 X 3/4 CAJA X 1.000 UNIDADES;TORNILLO DRYWALL RO;DRYWALL;TORNILLERIA;Tornillería;tornilleria;alta;8200
T421843;TORNILLO DRYWALL RO 8 X 1;TORNILLO DRYWALL RO;DRYWALL;TORNILLERIA;Tornillería;tornilleria;alta;13700
T421843-MILLAR;TORNILLO DRYWALL RO 8 X 1 CAJA X 1.000 UNIDADES;TORNILLO DRYWALL RO;DRYWALL;TORNILLERIA;Tornillería;tornilleria;alta;7400
T421844;TORNILLO DRYWALL RO 8 X 1 1/4;TORNILLO DRYWALL RO;DRYWALL;TORNILLERIA;Tornillería;tornilleria;alta;9600
T421844-MILLAR;TORNILLO DRYWALL RO 8 X 1 1/4 CAJA X 1.000 UNIDADES;TORNILLO DRYWALL RO;DRYWALL;TORNILLERIA;Tornillería;tornilleria;alta;9900
T421845;TORNILLO DRYWALL RO 8 X 1 1/2;TORNILLO DRYWALL RO;DRYWALL;TORNILLERIA;Tornillería;tornilleria;alta;18000
T421845-MILLAR;TORNILLO DRYWALL RO 8 X 1 1/2 CAJA X 1.000 UNIDADES;TORNILLO DRYWALL RO;DRYWALL;TORNILLERIA;Tornillería;tornilleria;alta;20700
T421847;TORNILLO DRYWALL RO 8 X 2;TORNILLO DRYWALL RO;DRYWALL;TORNILLERIA;Tornillería;tornilleria;alta;21300
T421848;TORNILLO DRYWALL RO 8 X 2 1/2;TORNILLO DRYWALL RO;DRYWALL;TORNILLERIA;Tornillería;tornilleria;alta;22200
T421848-MILLAR;TORNILLO DRYWALL RO 8 X 2 1/2 CAJA X 1.000 UNIDADES;TORNILLO DRYWALL RO;DRYWALL;TORNILLERIA;Tornillería;tornilleria;alta;15500
T421849;TORNILLO DRYWALL RO 8 X 3;TORNILLO DRYWALL RO;DRYWALL;TORNILLERIA;Tornillería;tornilleria;alta;12400
T421850;TORNILLO DRYWALL RO 8 X 2 1/4;TORNILLO DRYWALL RO;DRYWALL;TORNILLERIA;Tornillería;tornilleria;alta;22800
T421851;TORNILLO DRYWALL RO 8 X 3 1/2;TORNILLO DRYWALL RO;DRYWALL;TORNILLERIA;Tornillería;tornilleria;alta;24100
T421853;TORNILLO DRYWALL RO 8 X 4;TORNILLO DRYWALL RO;DRYWALL;TORNILLERIA;Tornillería;tornilleria;alta;20900
T421860;TORNILLO DRYWALL RO 10 X 1;TORNILLO DRYWALL RO;DRYWALL;TORNILLERIA;Tornillería;tornilleria;alta;7400
T421867;TORNILLO DRYWALL RO 10 X 1 1/4;TORNILLO DRYWALL RO;DRYWALL;TORNILLERIA;Tornillería;tornilleria;alta;24300
T421868;TORNILLO DRYWALL RO 10 X 1 1/2;TORNILLO DRYWALL RO;DRYWALL;TORNILLERIA;Tornillería;tornilleria;alta;19400
T421868-MILLAR;TORNILLO DRYWALL RO 10 X 1 1/2 CAJA X 1.000 UNIDADES;TORNILLO DRYWALL RO;DRYWALL;TORNILLERIA;Tornillería;tornilleria;alta;15700
T421870;TORNILLO DRYWALL RO 10 X 2;TORNILLO DRYWALL RO;DRYWALL;TORNILLERIA;Tornillería;tornilleria;alta;1300
T421871;TORNILLO DRYWALL RO 10 X 2 1/2;TORNILLO DRYWALL RO;DRYWALL;TORNILLERIA;Tornillería;tornilleria;alta;1600
T421872;TORNILLO DRYWALL RO 10 X 3;TORNILLO DRYWALL RO;DRYWALL;TORNILLERIA;Tornillería;tornilleria;alta;3400
T421873;TORNILLO DRYWALL RO 10 X 3 1/2;TORNILLO DRYWALL RO;DRYWALL;TORNILLERIA;Tornillería;tornilleria;alta;21400
T421874;TORNILLO DRYWALL RO 10 X 4;TORNILLO DRYWALL RO;DRYWALL;TORNILLERIA;Tornillería;tornilleria;alta;1100
T421876;TORNILLO DRYWALL RO 10 X 5;TORNILLO DRYWALL RO;DRYWALL;TORNILLERIA;Tornillería;tornilleria;alta;15900
T421877;TORNILLO DRYWALL RO 12 X 2 1/2;TORNILLO DRYWALL RO;VARIOS;TORNILLERIA;Tornillería;tornilleria;alta;11400
T421878;TORNILLO DRYWALL RO 10 X 6;TORNILLO DRYWALL RO;DRYWALL;TORNILLERIA;Tornillería;tornilleria;alta;19600
T421879;TORN PAN FRAMER P/ AGUDA ZINCADO 7X7/16;TORNILLO DRYWALL RO;VARIOS;TORNILLERIA;Tornillería;tornilleria;alta;21600
T421880;TORNILLO DRYWALL RO 12 X 1 1/2;TORNILLO DRYWALL RO;DRYWALL;TORNILLERIA;Tornillería;tornilleria;alta;1300
T421881;TORNILLO DRYWALL RO 12 X 2;TORNILLO DRYWALL RO;DRYWALL;TORNILLERIA;Tornillería;tornilleria;alta;21100
T421882;TORNILLO DRYWALL RO 12 X 2 1/2;TORNILLO DRYWALL RO;DRYWALL;TORNILLERIA;Tornillería;tornilleria;alta;14000
T421883;TORNILLO DRYWALL RO 12 X 3;TORNILLO DRYWALL RO;DRYWALL;TORNILLERIA;Tornillería;tornilleria;alta;7600
T421884;TORNILLO DRYWALL RO 12 X 3 1/2;TORNILLO DRYWALL RO;DRYWALL;TORNILLERIA;Tornillería;tornilleria;alta;8300
T421885;TORNILLO DRYWALL RO 12 X 4;TORNILLO DRYWALL RO;DRYWALL;TORNILLERIA;Tornillería;tornilleria;alta;5900
T421887;TORNILLO DRYWALL RO 14 X 1-1/2;TORNILLO DRYWALL RO;DRYWALL;TORNILLERIA;Tornillería;tornilleria;alta;8000
T421889;TORNILLO DRYWALL RO 14 X 2;TORNILLO DRYWALL RO;DRYWALL;TORNILLERIA;Tornillería;tornilleria;alta;800
T421891;TORNILLO DRYWALL RO 14 X 2-1/2;TORNILLO DRYWALL RO;DRYWALL;TORNILLERIA;Tornillería;tornilleria;alta;8300
T421893;TORNILLO DRYWALL RO 14 X 3;TORNILLO DRYWALL RO;DRYWALL;TORNILLERIA;Tornillería;tornilleria;alta;1100
T421895;TORNILLO DRYWALL RO 14 X 3-1/2;TORNILLO DRYWALL RO;DRYWALL;TORNILLERIA;Tornillería;tornilleria;alta;7300
T421897;TORNILLO DRYWALL RO 14 X 4;TORNILLO DRYWALL RO;DRYWALL;TORNILLERIA;Tornillería;tornilleria;alta;7200
T421900;TORN PAN FRAMER P/ AGUDA NEGRO 7 X 7/16;TORNILLO DRYWALL RO;DRYWALL;TORNILLERIA;Tornillería;tornilleria;alta;7400
T421900-MILLAR;TORN PAN FRAMER P/ AGUDA NEGRO 7 X 7/16 CAJA X 1.000 UNIDADES;TORNILLO DRYWALL RO;DRYWALL;TORNILLERIA;Tornillería;tornilleria;alta;3000
T421901;TORN PAN FRAMER P/ BROCA ZINCADO 7X7/16;TORNILLO DRYWALL RO;DRYWALL;TORNILLERIA;Herramientas de Corte;corte;alta;86800
T421902;TORN PAN FRAMER P/ AGUDA ZINCADO 7X7/16;TORNILLO DRYWALL RO;DRYWALL;TORNILLERIA;Tornillería;tornilleria;alta;6400
T421905;TORNILLO DRYWALL RF 6 X 1;TORNILLO DRYWALL RO;DRYWALL;TORNILLERIA;Tornillería;tornilleria;alta;16100
T421905-MILLAR;TORNILLO DRYWALL RF 6 X 1 CAJA X 1.000 UNIDADES;TORNILLO DRYWALL RO;DRYWALL;TORNILLERIA;Tornillería;tornilleria;alta;17600
T421906;TORNILLO DRYWALL RF 6 X 1 1/4;TORNILLO DRYWALL RO;VARIOS;TORNILLERIA;Tornillería;tornilleria;alta;2600
T421908;TORNILLO DRYWALL RF 6 X 1 1/2;TORNILLO DRYWALL RO;VARIOS;TORNILLERIA;Tornillería;tornilleria;alta;4400
T423839;TOR EXPLANO K-LATH PH P/BROCA ZN 8X1/2;TORN EXTRAPLANO K-LATH PHIL P/BROCA ZINC;EXTRAPLANO;TORNILLERIA;Herramientas de Corte;corte;alta;134100
T423841;TOR EXPLANO K-LATH PH P/BROCA ZN 8X3/4;TORN EXTRAPLANO K-LATH PHIL P/BROCA ZINC;EXTRAPLANO;TORNILLERIA;Herramientas de Corte;corte;alta;128500
T423843;TOR EXPLANO K-LATH PH P/BROCA ZN 8X1;TORN EXTRAPLANO K-LATH PHIL P/BROCA ZINC;EXTRAPLANO;TORNILLERIA;Herramientas de Corte;corte;alta;54100
T423844;TOR EXPLANO K-LATH PH P/BROCA ZN8X1 1/4;TORN EXTRAPLANO K-LATH PHIL P/BROCA ZINC;EXTRAPLANO;TORNILLERIA;Herramientas de Corte;corte;alta;176400
T423845;TOR EXPLANO K-LATH PH P/BROCA ZN8X1 1/2;TORN EXTRAPLANO K-LATH PHIL P/BROCA ZINC;EXTRAPLANO;TORNILLERIA;Herramientas de Corte;corte;alta;48600
T423846;TOR EXPLANO K-LATH PH P/BROCA ZN8X1 5/8;TORN EXTRAPLANO K-LATH PHIL P/BROCA ZINC;VARIOS;TORNILLERIA;Herramientas de Corte;corte;alta;138700
T423850;TOR EXPLANO K-LATH PH P/BROCA ZN 8 X 2;TORN EXTRAPLANO K-LATH PHIL P/BROCA ZINC;EXTRAPLANO;TORNILLERIA;Herramientas de Corte;corte;alta;46700
T424839;TOR EXPLANO K-LATH PH P/AGUDA ZN 8X 1/2;TORN EXTRAPLANO K-LATH PHIL P/AGUDA ZINC;EXTRAPLANO;TORNILLERIA;Tornillería;tornilleria;alta;13800
T424841;TOR EXPLANO K-LATH PH P/AGUDA ZN 8X 3/4;TORN EXTRAPLANO K-LATH PHIL P/AGUDA ZINC;EXTRAPLANO;TORNILLERIA;Tornillería;tornilleria;alta;20400
T424843;TOR EXPLANO K-LATH PH P/AGUDA ZN 8X 1;TORN EXTRAPLANO K-LATH PHIL P/AGUDA ZINC;EXTRAPLANO;TORNILLERIA;Tornillería;tornilleria;alta;6000
T424844;TOR EXPLANO K-LATH PH P/AGUDA ZN8X1 1/4;TORN EXTRAPLANO K-LATH PHIL P/AGUDA ZINC;EXTRAPLANO;TORNILLERIA;Tornillería;tornilleria;alta;10900
T424845;TOR EXPLANO K-LATH PH P/AGUDA ZN8X1 1/2;TORN EXTRAPLANO K-LATH PHIL P/AGUDA ZINC;EXTRAPLANO;TORNILLERIA;Tornillería;tornilleria;alta;22000
T424847;TOR EXPLANO K-LATH PH P/AGUDA ZN 8 X 2;TORN EXTRAPLANO K-LATH PHIL P/AGUDA ZINC;EXTRAPLANO;TORNILLERIA;Tornillería;tornilleria;alta;9400
T500050;"ARANDELA PLANA NEGRA 1/2""";ARANDELA PLANA NEGRA;VARIOS;OTRA TORNILLERIA;Tornillería;tornilleria;alta;23000
T500060;"ARANDELA PLANA NEGRA 5/8""";ARANDELA PLANA NEGRA;VARIOS;OTRA TORNILLERIA;Tornillería;tornilleria;alta;9400
T500065;"ARANDELA PLANA NEGRA 3/4""";ARANDELA PLANA NEGRA;VARIOS;OTRA TORNILLERIA;Tornillería;tornilleria;alta;19100
T500070;"ARANDELA PLANA NEGRA 7/8""";ARANDELA PLANA NEGRA;VARIOS;OTRA TORNILLERIA;Tornillería;tornilleria;alta;22600
T500075;"ARANDELA PLANA NEGRA 1""";ARANDELA PLANA NEGRA;VARIOS;OTRA TORNILLERIA;Tornillería;tornilleria;alta;7500
T500080;"ARANDELA PLANA NEGRA 1-1/8""";ARANDELA PLANA NEGRA;VARIOS;OTRA TORNILLERIA;Tornillería;tornilleria;alta;3900
T500085;"ARANDELA PLANA NEGRA 1-1/4""";ARANDELA PLANA NEGRA;VARIOS;OTRA TORNILLERIA;Tornillería;tornilleria;alta;15100
T505030;ARANDELA NEOPRENO # 8 # 10;ARANDELA NEOPRENO;ARANDELA;TORNILLERIA;Tornillería;tornilleria;alta;6800
T505035;ARANDELA NEOPRENO # 12 # 14;ARANDELA NEOPRENO;ARANDELA;TORNILLERIA;Tornillería;tornilleria;alta;24200
T507020;ARANDELA PLANA INOX 304 A2 X UNID 3/16;ARANDELA PLANA INOX 304 A2;INOXIDABLE;TORNILLERIA;Tornillería;tornilleria;alta;19300
T507030;ARANDELA PLANA INOX 304 A2 X UNID 1/4;ARANDELA PLANA INOX 304 A2;INOXIDABLE;TORNILLERIA;Tornillería;tornilleria;alta;15400
T507035;ARANDELA PLANA INOX 304 A2 X UNID 5/16;ARANDELA PLANA INOX 304 A2;INOXIDABLE;TORNILLERIA;Tornillería;tornilleria;alta;16400
T507040;ARANDELA PLANA INOX 304 A2 X UNID 3/8;ARANDELA PLANA INOX 304 A2;INOXIDABLE;TORNILLERIA;Tornillería;tornilleria;alta;24100
T507045;ARANDELA PLANA INOX 304 A2 X UNID 7/16;ARANDELA PLANA INOX 304 A2;INOXIDABLE;TORNILLERIA;Tornillería;tornilleria;alta;6300
T507050;ARANDELA PLANA INOX 304 A2 X UNID 1/2;ARANDELA PLANA INOX 304 A2;INOXIDABLE;TORNILLERIA;Tornillería;tornilleria;alta;5100
T507060;ARANDELA PLANA INOX 304 A2 X UNID 5/8;ARANDELA PLANA INOX 304 A2;INOXIDABLE;TORNILLERIA;Tornillería;tornilleria;alta;9000
T507065;ARANDELA PLANA INOX 304 A2 X UNID 3/4;ARANDELA PLANA INOX 304 A2;INOXIDABLE;TORNILLERIA;Tornillería;tornilleria;alta;15600
T507070;ARANDELA PLANA INOX 304 A2 X UNID 7/8;ARANDELA PLANA INOX 304 A2;INOXIDABLE;TORNILLERIA;Tornillería;tornilleria;alta;800
T507075;ARANDELA PLANA INOX 304 A2 X UNID 1;ARANDELA PLANA INOX 304 A2;INOXIDABLE;TORNILLERIA;Tornillería;tornilleria;alta;19000
T510015;WASA Y/O ARANDELA PRESION ZINCADA 5/32;WASA Y/O ARAND PRESION ZINC;ARANDELA;TORNILLERIA;Tornillería;tornilleria;alta;20700
T510020;WASA Y/O ARANDELA PRESION ZINCADA 3/16;WASA Y/O ARAND PRESION ZINC;ARANDELA;TORNILLERIA;Tornillería;tornilleria;alta;16200
T510030;WASA Y/O ARANDELA PRESION ZINCADA 1/4;WASA Y/O ARAND PRESION ZINC;ARANDELA;TORNILLERIA;Tornillería;tornilleria;alta;18300
T510035;WASA Y/O ARANDELA PRESION ZINCADA 5/16;WASA Y/O ARAND PRESION ZINC;ARANDELA;TORNILLERIA;Tornillería;tornilleria;alta;2800
T510040;WASA Y/O ARANDELA PRESION ZINCADA 3/8;WASA Y/O ARAND PRESION ZINC;ARANDELA;TORNILLERIA;Tornillería;tornilleria;alta;22700
T510045;WASA Y/O ARANDELA PRESION ZINCADA 7/16;WASA Y/O ARAND PRESION ZINC;ARANDELA;TORNILLERIA;Tornillería;tornilleria;alta;19700
T510050;WASA Y/O ARANDELA PRESION ZINCADA 1/2;WASA Y/O ARAND PRESION ZINC;ARANDELA;TORNILLERIA;Tornillería;tornilleria;alta;15700
T510055;WASA Y/O ARANDELA PRESION ZINCADA 9/16;WASA Y/O ARAND PRESION ZINC;VARIOS;TORNILLERIA;Tornillería;tornilleria;alta;24100
T510060;WASA Y/O ARANDELA PRESION ZINCADA 5/8;WASA Y/O ARAND PRESION ZINC;ARANDELA;TORNILLERIA;Tornillería;tornilleria;alta;23100
T510065;WASA Y/O ARANDELA PRESION ZINCADA 3/4;WASA Y/O ARAND PRESION ZINC;ARANDELA;TORNILLERIA;Tornillería;tornilleria;alta;12100
T510075;WASA Y/O ARANDELA PRESION ZINCADA 1;WASA Y/O ARAND PRESION ZINC;ARANDELA;TORNILLERIA;Tornillería;tornilleria;alta;15500
T512030;ARANDELA PRESION O WASA INOX 304 A2 1/4;ARANDELA PRESI O WASA INOX 304;INOXIDABLE;TORNILLERIA;Tornillería;tornilleria;alta;15400
T512035;ARANDELA PRESION O WASA INOX 304 A2 5/16;ARANDELA PRESI O WASA INOX 304;INOXIDABLE;TORNILLERIA;Tornillería;tornilleria;alta;9200
T512040;ARANDELA PRESION O WASA INOX 304 A2 3/8;ARANDELA PRESI O WASA INOX 304;INOXIDABLE;TORNILLERIA;Tornillería;tornilleria;alta;12100
T512045;ARANDELA PRESION O WASA INOX 304 A2 7/16;ARANDELA PRESI O WASA INOX 304;INOXIDABLE;TORNILLERIA;Tornillería;tornilleria;alta;20500
T512050;ARANDELA PRESION O WASA INOX 304 A2 1/2;ARANDELA PRESI O WASA INOX 304;INOXIDABLE;TORNILLERIA;Tornillería;tornilleria;alta;7900
T512060;ARANDELA PRESION O WASA INOX 304 A2 5/8;ARANDELA PRESI O WASA INOX 304;INOXIDABLE;TORNILLERIA;Tornillería;tornilleria;alta;7400
T512065;ARANDELA PRESION O WASA INOX 304 A2 3/4;ARANDELA PRESI O WASA INOX 304;INOXIDABLE;TORNILLERIA;Tornillería;tornilleria;alta;900
T514010;TCA HEX ZINCADA SAE G2 UNC 1/8 (5-40);TUERCA HEXAGONAL ZINCADA SAE G2 UNC;TUERCAS;TORNILLERIA;Tornillería;tornilleria;alta;24600
T514015;TCA HEX ZINCADA SAE G2 UNC 5/32 (8-32);TUERCA HEXAGONAL ZINCADA SAE G2 UNC;TUERCAS;TORNILLERIA;Tornillería;tornilleria;alta;8600
T514020;TCA HEX ZINCADA SAE G2 UNC 3/16 (10-24);TUERCA HEXAGONAL ZINCADA SAE G2 UNC;TUERCAS;TORNILLERIA;Tornillería;tornilleria;alta;18300
T514030;TCA HEX ZINCADA SAE G2 UNC 1/4-20;TUERCA HEXAGONAL ZINCADA SAE G2 UNC;TUERCAS;TORNILLERIA;Tornillería;tornilleria;alta;14300
T514035;TCA HEX ZINCADA SAE G2 UNC 5/16-18;TUERCA HEXAGONAL ZINCADA SAE G2 UNC;TUERCAS;TORNILLERIA;Tornillería;tornilleria;alta;2100
T514040;TCA HEX ZINCADA SAE G2 UNC 3/8-16;TUERCA HEXAGONAL ZINCADA SAE G2 UNC;TUERCAS;TORNILLERIA;Tornillería;tornilleria;alta;2500
T514045;TCA HEX ZINCADA SAE G2 UNC 7/16-14;TUERCA HEXAGONAL ZINCADA SAE G2 UNC;TUERCAS;TORNILLERIA;Tornillería;tornilleria;alta;8500
T514050;TCA HEX ZINCADA SAE G2 UNC 1/2-13;TUERCA HEXAGONAL ZINCADA SAE G2 UNC;TUERCAS;TORNILLERIA;Tornillería;tornilleria;alta;15100
T514060;TCA HEX ZINCADA SAE G2 UNC 5/8-11;TUERCA HEXAGONAL ZINCADA SAE G2 UNC;TUERCAS;TORNILLERIA;Tornillería;tornilleria;alta;12500
T514065;TCA HEX ZINCADA SAE G2 UNC 3/4-10;TUERCA HEXAGONAL ZINCADA SAE G2 UNC;TUERCAS;TORNILLERIA;Tornillería;tornilleria;alta;22500
T514070;TCA HEX ZINCADA SAE G2 UNC 7/8-9;TUERCA HEXAGONAL ZINCADA SAE G2 UNC;TUERCAS;TORNILLERIA;Tornillería;tornilleria;alta;5600
T514075;TCA HEX ZINCADA SAE G2 UNC 1-8;TUERCA HEXAGONAL ZINCADA SAE G2 UNC;TUERCAS;TORNILLERIA;Tornillería;tornilleria;alta;500
T575245;CHAZO EXPANSIVO/ANCLAJE 3/8 X 3 1/2;TUERCA HEXAGONAL ZINCADA SAE G2 UNC;ANCLAJES;TORNILLERIA;Tornillería;tornilleria;alta;6000
T575603;CHAZO EXPANSIVO/ANCLAJE 3/8 X 3 1/4;TUERCA HEXAGONAL ZINCADA SAE G2 UNC;ANCLAJES;TORNILLERIA;Tornillería;tornilleria;alta;6300
T515030;TCA HEX NEGRA SAE G2 UNC 1/4-20;TUERCA HEXAGONAL NEGRA SAE G2 UNC;TUERCAS;TORNILLERIA;Tornillería;tornilleria;alta;7800
T515035;TCA HEX NEGRA SAE G2 UNC 5/16-18;TUERCA HEXAGONAL NEGRA SAE G2 UNC;TUERCAS;TORNILLERIA;Tornillería;tornilleria;alta;23600
T515040;TCA HEX NEGRA SAE G2 UNC 3/8-16;TUERCA HEXAGONAL NEGRA SAE G2 UNC;TUERCAS;TORNILLERIA;Tornillería;tornilleria;alta;3500
T515045;TCA HEX NEGRA SAE G2 UNC 7/16-14;TUERCA HEXAGONAL NEGRA SAE G2 UNC;TUERCAS;TORNILLERIA;Tornillería;tornilleria;alta;8600
T515050;TCA HEX NEGRA SAE G2 UNC 1/2-13;TUERCA HEXAGONAL NEGRA SAE G2 UNC;TUERCAS;TORNILLERIA;Tornillería;tornilleria;alta;700
T515055;TCA HEX NEGRA SAE G2 UNC 9/16-12;TUERCA HEXAGONAL NEGRA SAE G2 UNC;TUERCAS;TORNILLERIA;Tornillería;tornilleria;alta;8800
T515060;TCA HEX NEGRA SAE G2 UNC 5/8-11;TUERCA HEXAGONAL NEGRA SAE G2 UNC;TUERCAS;TORNILLERIA;Tornillería;tornilleria;alta;5000
T515065;TCA HEX NEGRA SAE G2 UNC 3/4-10;TUERCA HEXAGONAL NEGRA SAE G2 UNC;TUERCAS;TORNILLERIA;Tornillería;tornilleria;alta;15800
T515070;TCA HEX NEGRA SAE G2 UNC 7/8-9;TUERCA HEXAGONAL NEGRA SAE G2 UNC;TUERCAS;TORNILLERIA;Tornillería;tornilleria;alta;16900
T515075;TCA HEX NEGRA SAE G2 UNC 1-8;TUERCA HEXAGONAL NEGRA SAE G2 UNC;TUERCAS;TORNILLERIA;Tornillería;tornilleria;alta;23400
T515080;TCA HEX NEGRA SAE G2 UNC 1 1/8-7;TUERCA HEXAGONAL NEGRA SAE G2 UNC;TUERCAS;TORNILLERIA;Tornillería;tornilleria;alta;7100
T515085;TCA HEX NEGRA SAE G2 UNC 1 1/4-7;TUERCA HEXAGONAL NEGRA SAE G2 UNC;TUERCAS;TORNILLERIA;Tornillería;tornilleria;alta;21700
T515100;TCA HEX NEGRA SAE G2 UNC 1 1/2-6;TUERCA HEXAGONAL NEGRA SAE G2 UNC;TUERCAS;TORNILLERIA;Tornillería;tornilleria;alta;19200
T516201;TUERCA HEXAG IRIZADA CLASE 6 MM 3-0,5;TUERCA HEX DIN 934;TUERCAS;TORNILLERIA;Tornillería;tornilleria;alta;19200
T516204;TUERCA HEXAG IRIZADA CLASE 6 MM 4-0,7;TUERCA HEX DIN 934;TUERCAS;TORNILLERIA;Tornillería;tornilleria;alta;2900
T516207;TUERCA HEXAG IRIZADA CLASE 6 MM 5-0,8;TUERCA HEX DIN 934;TUERCAS;TORNILLERIA;Tornillería;tornilleria;alta;23500
T516210;TUERCA HEXAG IRIZADA CLASE 6 MM 6-1,0;TUERCA HEX DIN 934;TUERCAS;TORNILLERIA;Tornillería;tornilleria;alta;6700
T516219;TUERCA HEXAG IRIZADA CLASE 6 MM 8-1,25;TUERCA HEX DIN 934;TUERCAS;TORNILLERIA;Tornillería;tornilleria;alta;21500
T516222;TUERCA HEXAG IRIZADA CLASE 6 MM 10-1,25;TUERCA HEX DIN 934;TUERCAS;TORNILLERIA;Tornillería;tornilleria;alta;6000
T516225;TUERCA HEXAG IRIZADA CLASE 6 MM 10-1,5;TUERCA HEX DIN 934;TUERCAS;TORNILLERIA;Tornillería;tornilleria;alta;23900
T516228;TUERCA HEXAG IRIZADA CLASE 6 MM 12-1,25;TUERCA HEX DIN 934;TUERCAS;TORNILLERIA;Tornillería;tornilleria;alta;17300
T516231;TUERCA HEXAG IRIZADA CLASE 6 MM 12-1,5;TUERCA HEX DIN 934;TUERCAS;TORNILLERIA;Tornillería;tornilleria;alta;19300
T516234;TUERCA HEXAG IRIZADA CLASE 6 MM 12-1,75;TUERCA HEX DIN 934;TUERCAS;TORNILLERIA;Tornillería;tornilleria;alta;11800
T516236;TUERCA HEXAG IRIZADA M18 - 1.5;TUERCA HEX DIN 934;TUERCAS;TORNILLERIA;Tornillería;tornilleria;alta;9700
T516237;TUERCA HEXAG IRIZADA CLASE 6 MM 14-1,5;TUERCA HEX DIN 934;TUERCAS;TORNILLERIA;Tornillería;tornilleria;alta;6100
T516238;TUERCA HEXAG IRIZADA M18-2.5;TUERCA HEX DIN 934;TUERCAS;TORNILLERIA;Tornillería;tornilleria;alta;8500
T516240;TUERCA HEXAG IRIZADA CLASE 6 MM 14-2,0;TUERCA HEX DIN 934;TUERCAS;TORNILLERIA;Tornillería;tornilleria;alta;20200
T516242;TUERCA HEXAG IRIZADA M20-2.5;TUERCA HEX DIN 934;TUERCAS;TORNILLERIA;Tornillería;tornilleria;alta;20500
T516243;TUERCA HEXAG IRIZADA CLASE 6 MM 16-1,5;TUERCA HEX DIN 934;TUERCAS;TORNILLERIA;Tornillería;tornilleria;alta;11200
T516246;TUERCA HEXAG IRIZADA CLASE 6 MM 16-2,0;TUERCA HEX DIN 934;TUERCAS;TORNILLERIA;Tornillería;tornilleria;alta;20500
T518030;TUERCA HEXAGONALSAE G5 UNC 1/4-20;TUERCA HEXAGONAL  SAE G5 UNC;TUERCAS;TORNILLERIA;Tornillería;tornilleria;alta;22600
T518035;TUERCA HEXAGONALSAE G5 UNC 5/16-18;TUERCA HEXAGONAL  SAE G5 UNC;TUERCAS;TORNILLERIA;Tornillería;tornilleria;alta;8400
T518040;TUERCA HEXAGONALSAE G5 UNC 3/8-16;TUERCA HEXAGONAL  SAE G5 UNC;TUERCAS;TORNILLERIA;Tornillería;tornilleria;alta;15900
T518045;TUERCA HEXAGONALSAE G5 UNC 7/16-14;TUERCA HEXAGONAL  SAE G5 UNC;TUERCAS;TORNILLERIA;Tornillería;tornilleria;alta;11900
T518050;TUERCA HEXAGONALSAE G5 UNC 1/2-13;TUERCA HEXAGONAL  SAE G5 UNC;TUERCAS;TORNILLERIA;Tornillería;tornilleria;alta;11200
T518050-RF;TUERCA HEXAGONALSAE G5 1/2-13 ROSCA FINA;TUERCA HEXAGONAL  SAE G5 UNC;TUERCAS;TORNILLERIA;Tornillería;tornilleria;alta;400
T518055;TUERCA HEXAGONALSAE G5 UNC 9/16-12;TUERCA HEXAGONAL  SAE G5 UNC;TUERCAS;TORNILLERIA;Tornillería;tornilleria;alta;8300
T518060;TUERCA HEXAGONALSAE G5 UNC 5/8-11;TUERCA HEXAGONAL  SAE G5 UNC;TUERCAS;TORNILLERIA;Tornillería;tornilleria;alta;19400
T518065;TUERCA HEXAGONALSAE G5 UNC 3/4-10;TUERCA HEXAGONAL  SAE G5 UNC;TUERCAS;TORNILLERIA;Tornillería;tornilleria;alta;11800
T518070;TUERCA HEXAGONALSAE G5 UNC 7/8-9;TUERCA HEXAGONAL  SAE G5 UNC;TUERCAS;TORNILLERIA;Tornillería;tornilleria;alta;500
T518075;"TUERCA HEXAGONALSAE G5 UNC 1""-8";TUERCA HEXAGONAL  SAE G5 UNC;TUERCAS;TORNILLERIA;Tornillería;tornilleria;alta;22500
T518080;TUERCA HEXAGONALSAE G5 UNC 1 1/8-7;TUERCA HEXAGONAL  SAE G5 UNC;TUERCAS;TORNILLERIA;Tornillería;tornilleria;alta;19400
T518085;TUERCA HEXAGONALSAE G5 UNC 1 1/4-7;TUERCA HEXAGONAL  SAE G5 UNC;TUERCAS;TORNILLERIA;Tornillería;tornilleria;alta;12800
T518100;TUERCA HEXAGONALSAE G5 UNC 1 1/2-6;TUERCA HEXAGONAL  SAE G5 UNC;TUERCAS;TORNILLERIA;Tornillería;tornilleria;alta;4400
T521030;TUERCA HEXAGONALSAE G8 UNC 1/4-20;TUERCA HEX SAE G8 UNC;VARIOS;OTRA TORNILLERIA;Tornillería;tornilleria;alta;21400
T521050;TUERCA HEXAGONALSAE G8 UNC 1/2-13;TUERCA HEX SAE G8 UNC;TUERCAS;TORNILLERIA;Tornillería;tornilleria;alta;20800
T521055;TUERCA HEXAGONALSAE G8 UNC 9/16-12;TUERCA HEX SAE G8 UNC;TUERCAS;TORNILLERIA;Tornillería;tornilleria;alta;19400
T521060;TUERCA HEXAGONALSAE G8 UNC 5/8-11;TUERCA HEX SAE G8 UNC;TUERCAS;TORNILLERIA;Tornillería;tornilleria;alta;3500
T521065;TUERCA HEXAGONALSAE G8 UNC 3/4-10;TUERCA HEX SAE G8 UNC;TUERCAS;TORNILLERIA;Tornillería;tornilleria;alta;24300
T521070;TUERCA HEXAGONALSAE G8 UNC 7/8-9;TUERCA HEX SAE G8 UNC;TUERCAS;TORNILLERIA;Tornillería;tornilleria;alta;19700
T521075;"TUERCA HEXAGONALSAE G8 UNC 1""-8";TUERCA HEX SAE G8 UNC;TUERCAS;TORNILLERIA;Tornillería;tornilleria;alta;10700
T521080;TUERCA HEXAGONALSAE G8 UNC1 1/8-7;TUERCA HEX SAE G8 UNC;TUERCAS;TORNILLERIA;Tornillería;tornilleria;alta;4500
T521085;TUERCA HEXAGONALSAE G8 UNC 1 1/4-7;TUERCA HEX SAE G8 UNC;TUERCAS;TORNILLERIA;Tornillería;tornilleria;alta;17700
T521100;TUERCA HEXAGONALSAE G8 UNC 1 1/2-6;TUERCA HEX SAE G8 UNC;TUERCAS;TORNILLERIA;Tornillería;tornilleria;alta;9500
T527020;TUERCA MARIPOSA NIQUEL 3/16 -24;TUERCA MARIPOSA NIQUEL;TUERCAS;TORNILLERIA;Tornillería;tornilleria;alta;10600
T527030;TUERCA MARIPOSA NIQUEL 1/4-20;TUERCA MARIPOSA NIQUEL;TUERCAS;TORNILLERIA;Tornillería;tornilleria;alta;5300
T527035;TUERCA MARIPOSA NIQUEL 5/16 -18;TUERCA MARIPOSA NIQUEL;TUERCAS;TORNILLERIA;Tornillería;tornilleria;alta;16700
T527040;TUERCA MARIPOSA NIQUEL 3/8-16;TUERCA MARIPOSA NIQUEL;TUERCAS;TORNILLERIA;Tornillería;tornilleria;alta;15800
T527045;TUERCA MARIPOSA NIQUEL 7/16 -14;TUERCA MARIPOSA NIQUEL;TUERCAS;TORNILLERIA;Tornillería;tornilleria;alta;1800
T527050;TUERCA MARIPOSA NIQUEL 1/2-13;TUERCA MARIPOSA NIQUEL;TUERCAS;TORNILLERIA;Tornillería;tornilleria;alta;11200
T529030;TUERCA SEGURIDAD UNF ZINC 1/4-28;TUERCA SEGURIDAD UNF ZINC;TUERCAS;TORNILLERIA;Tornillería;tornilleria;alta;23700
T529035;TUERCA SEGURIDAD UNF ZINC 5/16-24;TUERCA SEGURIDAD UNF ZINC;TUERCAS;TORNILLERIA;Tornillería;tornilleria;alta;24400
T529040;TUERCA SEGURIDAD UNF ZINC 3/8-24;TUERCA SEGURIDAD UNF ZINC;TUERCAS;TORNILLERIA;Tornillería;tornilleria;alta;21900
T529045;TUERCA SEGURIDAD UNF ZINC 7/16-20;TUERCA SEGURIDAD UNF ZINC;TUERCAS;TORNILLERIA;Tornillería;tornilleria;alta;1400
T529050;TUERCA SEGURIDAD UNF ZINC 1/2-20;TUERCA SEGURIDAD UNF ZINC;TUERCAS;TORNILLERIA;Tornillería;tornilleria;alta;5100
T529055;TUERCA SEGURIDAD UNF ZINC 9/16-18;TUERCA SEGURIDAD UNF ZINC;TUERCAS;TORNILLERIA;Tornillería;tornilleria;alta;18300
T529060;TUERCA SEGURIDAD UNF ZINC 5/8-18;TUERCA SEGURIDAD UNF ZINC;TUERCAS;TORNILLERIA;Tornillería;tornilleria;alta;18000
T529065;TUERCA SEGURIDAD UNF ZINC 3/4-16;TUERCA SEGURIDAD UNF ZINC;TUERCAS;TORNILLERIA;Tornillería;tornilleria;alta;10700
T529070;TUERCA SEGURIDAD UNF ZINC 7/8-14;TUERCA SEGURIDAD UNF ZINC;TUERCAS;TORNILLERIA;Tornillería;tornilleria;alta;4100
T529075;"TUERCA SEGURIDAD UNF ZINC 1""- 14";TUERCA SEGURIDAD UNF ZINC;TUERCAS;TORNILLERIA;Tornillería;tornilleria;alta;2100
T529085;TUERCA SEGURIDAD UNF ZINC 1 1/4-12;TUERCA SEGURIDAD UNF ZINC;VARIOS;TORNILLERIA;Tornillería;tornilleria;alta;17300
T530020;TUERCA SEGURIDAD UNC ZINC 3/16 (10-24);TUERCA SEGURIDAD UNF ZINC;TUERCAS;TORNILLERIA;Tornillería;tornilleria;alta;15700
T530030;TUERCA SEGURIDAD UNC ZINC 1/4-20;TUERCA SEGURIDAD UNF ZINC;TUERCAS;TORNILLERIA;Tornillería;tornilleria;alta;12700
T530035;TUERCA SEGURIDAD UNC ZINC 5/16-18;TUERCA SEGURIDAD UNF ZINC;TUERCAS;TORNILLERIA;Tornillería;tornilleria;alta;1700
T530040;TUERCA SEGURIDAD UNC ZINC 3/8-16;TUERCA SEGURIDAD UNF ZINC;TUERCAS;TORNILLERIA;Tornillería;tornilleria;alta;1700
T530045;TUERCA SEGURIDAD UNC ZINC 7/16-14;TUERCA SEGURIDAD UNF ZINC;TUERCAS;TORNILLERIA;Tornillería;tornilleria;alta;23800
T530050;TUERCA SEGURIDAD UNC ZINC 1/2-13;TUERCA SEGURIDAD UNF ZINC;TUERCAS;TORNILLERIA;Tornillería;tornilleria;alta;14700
T530055;TUERCA SEGURIDAD UNC ZINC 9/16-12;TUERCA SEGURIDAD UNF ZINC;TUERCAS;TORNILLERIA;Tornillería;tornilleria;alta;8800
T530060;TUERCA SEGURIDAD UNC ZINC 5/8-11;TUERCA SEGURIDAD UNF ZINC;TUERCAS;TORNILLERIA;Tornillería;tornilleria;alta;6900
T530065;TUERCA SEGURIDAD UNC ZINC 3/4-10;TUERCA SEGURIDAD UNF ZINC;TUERCAS;TORNILLERIA;Tornillería;tornilleria;alta;24600
T530070;TUERCA SEGURIDAD UNC ZINC 7/8-9;TUERCA SEGURIDAD UNF ZINC;TUERCAS;TORNILLERIA;Tornillería;tornilleria;alta;16100
T530075;"TUERCA SEGURIDAD UNC ZINC 1""-8";TUERCA SEGURIDAD UNF ZINC;TUERCAS;TORNILLERIA;Tornillería;tornilleria;alta;24800
T530080;TUERCA SEGURIDAD UNC ZINC 1 1/8-7;TUERCA SEGURIDAD UNF ZINC;TUERCAS;TORNILLERIA;Tornillería;tornilleria;alta;19000
T530085;TUERCA SEGURIDAD UNC ZINC 1 1/4-7;TUERCA SEGURIDAD UNF ZINC;TUERCAS;TORNILLERIA;Tornillería;tornilleria;alta;18500
T531207;TUERCA SEGURIDAD ZINC DIN 985M5-0.8;TUERCA SEGURIDAD ZINCADA DIN 985;TUERCAS;TORNILLERIA;Tornillería;tornilleria;alta;13800
T531210;TUERCA SEGURIDAD ZINC DIN 985M6-1;TUERCA SEGURIDAD ZINCADA DIN 985;TUERCAS;TORNILLERIA;Tornillería;tornilleria;alta;4900
T531219;TUERCA SEGURIDAD ZINC DIN 985M8-1.25;TUERCA SEGURIDAD ZINCADA DIN 985;TUERCAS;TORNILLERIA;Tornillería;tornilleria;alta;17500
T531222;TUERCA SEGURIDAD ZINC DIN 985M10-1.25;TUERCA SEGURIDAD ZINCADA DIN 985;TUERCAS;TORNILLERIA;Tornillería;tornilleria;alta;19200
T531225;TUERCA SEGURIDAD ZINC DIN 985M10-1.50;TUERCA SEGURIDAD ZINCADA DIN 985;TUERCAS;TORNILLERIA;Tornillería;tornilleria;alta;18400
T531228;TUERCA SEGURIDAD ZINC DIN 985M12-1.25;TUERCA SEGURIDAD ZINCADA DIN 985;TUERCAS;TORNILLERIA;Tornillería;tornilleria;alta;6200
T531231;TUERCA SEGURIDAD ZINC DIN 985M12-1.5;TUERCA SEGURIDAD ZINCADA DIN 985;TUERCAS;TORNILLERIA;Tornillería;tornilleria;alta;10000
T531234;TUERCA SEGURIDAD ZINC DIN 985M12-1.75;TUERCA SEGURIDAD ZINCADA DIN 985;TUERCAS;TORNILLERIA;Tornillería;tornilleria;alta;15100
T531237;TUERCA SEGURIDAD ZINC DIN 985M14-1.50;TUERCA SEGURIDAD ZINCADA DIN 985;TUERCAS;TORNILLERIA;Tornillería;tornilleria;alta;4300
T531240;TUERCA SEGURIDAD ZINC DIN 985M14-2;TUERCA SEGURIDAD ZINCADA DIN 985;TUERCAS;TORNILLERIA;Tornillería;tornilleria;alta;12400
T531243;TUERCA SEGURIDAD ZINC DIN 985M16-1.50;TUERCA SEGURIDAD ZINCADA DIN 985;TUERCAS;TORNILLERIA;Tornillería;tornilleria;alta;13200
T531246;TUERCA SEGURIDAD ZINC DIN 985M16-2;TUERCA SEGURIDAD ZINCADA DIN 985;TUERCAS;TORNILLERIA;Tornillería;tornilleria;alta;16900
T531249;TUERCA SEGURIDAD ZINC DIN 985M18-1.50;TUERCA SEGURIDAD ZINCADA DIN 985;TUERCAS;TORNILLERIA;Tornillería;tornilleria;alta;13300
T531252;TUERCA SEGURIDAD ZINC DIN 985M18-2.5;TUERCA SEGURIDAD ZINCADA DIN 985;TUERCAS;TORNILLERIA;Tornillería;tornilleria;alta;17200
T531255;TUERCA SEGURIDAD ZINC DIN 985M20-1.50;TUERCA SEGURIDAD ZINCADA DIN 985;TUERCAS;TORNILLERIA;Tornillería;tornilleria;alta;8100
T531261;TUERCA SEGURIDAD ZINC DIN 985M20-2.5;TUERCA SEGURIDAD ZINCADA DIN 985;TUERCAS;TORNILLERIA;Tornillería;tornilleria;alta;1600
T532020;TUERCA HEXAGONAL CIEGA NIQ 3/16 (10-24);TUERCA HEX CIEGA;TUERCAS;TORNILLERIA;Tornillería;tornilleria;alta;4400
T532030;TUERCA HEXAGONAL CIEGA NIQ 1/4-20;TUERCA HEX CIEGA;TUERCAS;TORNILLERIA;Tornillería;tornilleria;alta;8900
T532035;TUERCA HEXAGONAL CIEGA NIQ 5/16-18;TUERCA HEX CIEGA;TUERCAS;TORNILLERIA;Tornillería;tornilleria;alta;13500
T532040;TUERCA HEXAGONAL CIEGA NIQ 3/8-16;TUERCA HEX CIEGA;TUERCAS;TORNILLERIA;Tornillería;tornilleria;alta;24700
T532050;TUERCA HEXAGONAL CIEGA NIQ 1/2-13;TUERCA HEX CIEGA;TUERCAS;TORNILLERIA;Tornillería;tornilleria;alta;18400
T532210;TUERCA HEXAGONAL CIEGA NIQ M6-1,0;TUERCA HEX CIEGA;TUERCAS;TORNILLERIA;Tornillería;tornilleria;alta;900
T536065;TCA HEX PESADA ASTM A-194 GRADO 2H 3/4-10;TUERCA HEXAGONAL PESADA;TUERCAS;TORNILLERIA;Tornillería;tornilleria;alta;10400
T536070;TCA HEX PESADA ASTM A-194 GRADO 2H 7/8-9;TUERCA HEXAGONAL PESADA;TUERCAS;TORNILLERIA;Tornillería;tornilleria;alta;700
T536075;"TCA HEX PESADA ASTM A-194 GRADO 2H 1""-8";TUERCA HEXAGONAL PESADA;TUERCAS;TORNILLERIA;Tornillería;tornilleria;alta;2100
T536080;TCA HEX PESADA ASTM A-194 GRADO 2H 1 1/8-8;TUERCA HEXAGONAL PESADA;TUERCAS;TORNILLERIA;Tornillería;tornilleria;alta;19100
T536085;TCA HEX PESADA ASTM A-194 GRADO 2H 1 1/4-8;TUERCA HEXAGONAL PESADA;TUERCAS;TORNILLERIA;Tornillería;tornilleria;alta;18400
T543030;TUERCA HEXAGONAL INOX 304 A2 UNC 1/4-20;TUERCA HEX INOX 304 A2;INOXIDABLE;TORNILLERIA;Tornillería;tornilleria;alta;12500
T543035;TUERCA HEXAGONAL INOX 304 A2 UNC 5/16-18;TUERCA HEX INOX 304 A2;INOXIDABLE;TORNILLERIA;Tornillería;tornilleria;alta;6000
T543040;TUERCA HEXAGONAL INOX 304 A2 UNC 3/8-16;TUERCA HEX INOX 304 A2;INOXIDABLE;TORNILLERIA;Tornillería;tornilleria;alta;11000
T543045;TUERCA HEXAGONAL INOX 304 A2 UNC 7/16-14;TUERCA HEX INOX 304 A2;INOXIDABLE;TORNILLERIA;Tornillería;tornilleria;alta;18700
T543050;TUERCA HEXAGONAL INOX 304 A2 UNC 1/2-13;TUERCA HEX INOX 304 A2;INOXIDABLE;TORNILLERIA;Tornillería;tornilleria;alta;7000
T543060;TUERCA HEXAGONAL INOX 304 A2 UNC 5/8-11;TUERCA HEX INOX 304 A2;INOXIDABLE;TORNILLERIA;Tornillería;tornilleria;alta;14300
T543065;TUERCA HEXAGONAL INOX 304 A2 UNC 3/4-10;TUERCA HEX INOX 304 A2;INOXIDABLE;TORNILLERIA;Tornillería;tornilleria;alta;900
T543070;TUERCA HEXAGONAL INOX 304 A2 UNC 7/8-9;TUERCA HEX INOX 304 A2;INOXIDABLE;TORNILLERIA;Tornillería;tornilleria;alta;15200
T543075;TUERCA HEXAGONAL INOX 304 A2 UNC 1-8;TUERCA HEX INOX 304 A2;INOXIDABLE;TORNILLERIA;Tornillería;tornilleria;alta;15600
T544207;TUERCA HEXAGONAL INOX 304 A2 DIN 934 M5-0,8;TUERCA HEXAGONAL INOX 304 A2 DIN 934 MILIMETRICA;INOXIDABLE;TORNILLERIA;Tornillería;tornilleria;alta;19800
T544225;TUERCA HEXAGONAL INOX 304 A2 DIN 934 M10-1,5;TUERCA HEXAGONAL INOX 304 A2 DIN 934 MILIMETRICA;INOXIDABLE;TORNILLERIA;Tornillería;tornilleria;alta;10200
T544234;TUERCA HEXAGONAL INOX 304 A2 DIN 934 M12-1,75;TUERCA HEXAGONAL INOX 304 A2 DIN 934 MILIMETRICA;INOXIDABLE;TORNILLERIA;Tornillería;tornilleria;alta;19800
T544240;TUERCA HEXAGONAL INOX 304 A2 DIN 934 M14-2,0;TUERCA HEXAGONAL INOX 304 A2 DIN 934 MILIMETRICA;INOXIDABLE;TORNILLERIA;Tornillería;tornilleria;alta;12800
T544246;TUERCA HEXAGONAL INOX 304 A2 DIN 934 M16-2,0;TUERCA HEXAGONAL INOX 304 A2 DIN 934 MILIMETRICA;INOXIDABLE;TORNILLERIA;Tornillería;tornilleria;alta;11000
T557060;VARILLA ROSC NEGRA G2 UNC X 1 MT 5/8;VARILLA ROSCADA NEGRA G2;VARILLAS;TORNILLERIA;Tornillería;tornilleria;alta;12100
T557065;VARILLA ROSC NEGRA G2 UNC X 1 MT 3/4;VARILLA ROSCADA NEGRA G2;VARILLAS;TORNILLERIA;Tornillería;tornilleria;alta;7500
T557070;VARILLA ROSC NEGRA G2 UNC X 1 MT 7/8;VARILLA ROSCADA NEGRA G2;VARILLAS;TORNILLERIA;Tornillería;tornilleria;alta;22900
T557075;VARILLA ROSC NEGRA G2 UNC X 1 MT 1;VARILLA ROSCADA NEGRA G2;VARILLAS;TORNILLERIA;Tornillería;tornilleria;alta;17000
T575028;ANCLAJE MULTIUSO 1/4-20 X UD;CHAZO EXPANSIVO;ANCLAJES;TORNILLERIA;Tornillería;tornilleria;alta;17500
T575029;ANCLAJE MULTIUSO 3/8-16 X UD;CHAZO EXPANSIVO;ANCLAJES;TORNILLERIA;Tornillería;tornilleria;alta;22300
T575030;ANCLAJE MULTIUSO 5/16-18 X UD;CHAZO EXPANSIVO;ANCLAJES;TORNILLERIA;Tornillería;tornilleria;alta;19100
T575031;ANCLAJE MULTIUSO 1/2-13 X UD;CHAZO EXPANSIVO;ANCLAJES;TORNILLERIA;Tornillería;tornilleria;alta;3900
T575032;ANCLAJE DE OJO 5/16 (DESC);CHAZO EXPANSIVO;VARIOS;TORNILLERIA;Tornillería;tornilleria;alta;2600
T575033;"TUERCA HEMBRA CALV 1/2"" X 5/8 X 2""";CHAZO EXPANSIVO;VARIOS;TORNILLERIA;Tornillería;tornilleria;alta;21000
T575200;CHAZO EXPANSIVO/ANCLAJE 1/4 X 1 3/8;CHAZO EXPANSIVO;ANCLAJES;TORNILLERIA;Tornillería;tornilleria;alta;15400
T575205;CHAZO EXPANSIVO/ANCLAJE 1/4 X 2 1/4;CHAZO EXPANSIVO;ANCLAJES;TORNILLERIA;Tornillería;tornilleria;alta;14700
T575207;CHAZO EXPANSIVO/ANCLAJE 1/4 X 2 1/2;CHAZO EXPANSIVO;ANCLAJES;TORNILLERIA;Tornillería;tornilleria;alta;16900
T575210;CHAZO EXPANSIVO/ANCLAJE 5/16 X 1 1/2;CHAZO EXPANSIVO;ANCLAJES;TORNILLERIA;Tornillería;tornilleria;alta;1600
T575215;CHAZO EXPANSIVO/ANCLAJE 5/16 X 1 7/8;CHAZO EXPANSIVO;ANCLAJES;TORNILLERIA;Tornillería;tornilleria;alta;4100
T575220;CHAZO EXPANSIVO/ANCLAJE 5/16 X 2 1/2;CHAZO EXPANSIVO;ANCLAJES;TORNILLERIA;Tornillería;tornilleria;alta;21200
T575225;CHAZO EXPANSIVO/ANCLAJE 5/16 X 3;CHAZO EXPANSIVO;ANCLAJES;TORNILLERIA;Tornillería;tornilleria;alta;23800
T575230;CHAZO EXPANSIVO/ANCLAJE 3/8 X 1 7/8;CHAZO EXPANSIVO;ANCLAJES;TORNILLERIA;Tornillería;tornilleria;alta;12200
T575235;CHAZO EXPANSIVO/ANCLAJE 3/8 X 2 1/2;CHAZO EXPANSIVO;ANCLAJES;TORNILLERIA;Tornillería;tornilleria;alta;2700
T575240;CHAZO EXPANSIVO/ANCLAJE 3/8 X 3;CHAZO EXPANSIVO;ANCLAJES;TORNILLERIA;Tornillería;tornilleria;alta;5700
T575250;CHAZO EXPANSIVO/ANCLAJE 3/8 X 4;CHAZO EXPANSIVO;ANCLAJES;TORNILLERIA;Tornillería;tornilleria;alta;19300
T575260;CHAZO EXPANSIVO/ANCLAJE 1/2 X 2 1/4;CHAZO EXPANSIVO;ANCLAJES;TORNILLERIA;Tornillería;tornilleria;alta;11200
T575265;CHAZO EXPANSIVO/ANCLAJE 1/2 X 2 1/2;CHAZO EXPANSIVO;ANCLAJES;TORNILLERIA;Tornillería;tornilleria;alta;12000
T575270;CHAZO EXPANSIVO/ANCLAJE 1/2 X 3;CHAZO EXPANSIVO;ANCLAJES;TORNILLERIA;Tornillería;tornilleria;alta;7800
T575275;CHAZO EXPANSIVO/ANCLAJE 1/2 X 3 1/2;CHAZO EXPANSIVO;ANCLAJES;TORNILLERIA;Tornillería;tornilleria;alta;6400
T575280;CHAZO EXPANSIVO/ANCLAJE 1/2 X 4;CHAZO EXPANSIVO;ANCLAJES;TORNILLERIA;Tornillería;tornilleria;alta;700
T575290;CHAZO EXPANSIVO/ANCLAJE 1/2 X 6;CHAZO EXPANSIVO;ANCLAJES;TORNILLERIA;Tornillería;tornilleria;alta;16300
T575300;CHAZO EXPANSIVO/ANCLAJE 5/8 X 2 1/4;CHAZO EXPANSIVO;ANCLAJES;TORNILLERIA;Tornillería;tornilleria;alta;20300
T575310;CHAZO EXPANSIVO/ANCLAJE 5/8 X 3;CHAZO EXPANSIVO;ANCLAJES;TORNILLERIA;Tornillería;tornilleria;alta;21300
T575320;CHAZO EXPANSIVO/ANCLAJE 5/8 X 4 1/4;CHAZO EXPANSIVO;ANCLAJES;TORNILLERIA;Tornillería;tornilleria;alta;3100
T575330;CHAZO EXPANSIVO/ANCLAJE 5/8 X 6;CHAZO EXPANSIVO;ANCLAJES;TORNILLERIA;Tornillería;tornilleria;alta;4800
T575340;CHAZO EXPANSIVO/ANCLAJE 3/4 X 2 1/2;CHAZO EXPANSIVO;ANCLAJES;TORNILLERIA;Tornillería;tornilleria;alta;17300
T575350;CHAZO EXPANSIVO/ANCLAJE 3/4 X 4 1/4;CHAZO EXPANSIVO;ANCLAJES;TORNILLERIA;Tornillería;tornilleria;alta;8000
T575354;CHAZO EXPANSIVO/ANCLAJE 3/4 X 5 1/4;CHAZO EXPANSIVO;VARIOS;TORNILLERIA;Tornillería;tornilleria;alta;8700
T575356;CHAZO EXPANSIVO/ANCLAJE 3/4 X 5 1/2;CHAZO EXPANSIVO;VARIOS;TORNILLERIA;Tornillería;tornilleria;alta;5400
T575360;CHAZO EXPANSIVO/ANCLAJE 3/4 X 6 1/4;CHAZO EXPANSIVO;ANCLAJES;TORNILLERIA;Tornillería;tornilleria;alta;18000
T575400;CHAZO MARIPOSA 1/4;CHAZO EXPANSIVO;VARIOS;TORNILLERIA;Tornillería;tornilleria;alta;7200
T575410;ANCLAJE DE OJO/CERRADO BROCA 5/16 X UND M6 X 45;CHAZO EXPANSIVO;ANCLAJES;TORNILLERIA;Herramientas de Corte;corte;alta;71100
T575415;ANCLAJE DE OJO/CERRADO BROCA 3/8 X UND M8 X 60;CHAZO EXPANSIVO;ANCLAJES;TORNILLERIA;Herramientas de Corte;corte;alta;8900
T575420;ANCLAJE DE OJO/CERRADO BROCA 1/2 X UND M10 X 70;CHAZO EXPANSIVO;ANCLAJES;TORNILLERIA;Herramientas de Corte;corte;alta;130200
T575425;ANCLAJE DE OJO/CERRADO BROCA 5/8 X UND M12 X 80;CHAZO EXPANSIVO;ANCLAJES;TORNILLERIA;Herramientas de Corte;corte;alta;111400
T575430;ANCLAJE DE GANCHO/ABIERTO BROCA 5/16X UND M6X45;CHAZO EXPANSIVO;ANCLAJES;TORNILLERIA;Herramientas de Carga;carga;alta;1688500
T575435;ANCLAJE DE GANCHO/ABIERTO BROCA 3/8 X UND M8X60;CHAZO EXPANSIVO;ANCLAJES;TORNILLERIA;Herramientas de Carga;carga;alta;852100
T575440;ANCLAJE DE GANCHO/ABIERTO BROCA 1/2X UND M10X70;CHAZO EXPANSIVO;ANCLAJES;TORNILLERIA;Herramientas de Carga;carga;alta;450900
T575445;ANCLAJE DE GANCHO/ABIERTO BROCA 5/8X UND M12X80;CHAZO EXPANSIVO;ANCLAJES;TORNILLERIA;Herramientas de Carga;carga;alta;231100
T575590;CHAZO EXPANSIVO 5/8 X 4 INOXIDABLE;CHAZO EXPANSIVO;VARIOS;TORNILLERIA;Tornillería;tornilleria;alta;13800
T575600;CHAZO EXPANSIVO/ANCLAJE 1/4 X 2 1/4;CHAZO EXPANSIVO;ANCLAJES;TORNILLERIA;Tornillería;tornilleria;alta;19200
T575601;CHAZO EXPANSIVO/ANCLAJE 5/16 X 2-3/4;CHAZO EXPANSIVO;ANCLAJES;TORNILLERIA;Tornillería;tornilleria;alta;11200
T575602;CHAZO EXPANSIVO/ANCLAJE 3/8 X 2 1/4;CHAZO EXPANSIVO;ANCLAJES;TORNILLERIA;Tornillería;tornilleria;alta;2300
T575604;CHAZO EXPANSIVO/ANCLAJE 3/8 X 3-5/8;CHAZO EXPANSIVO;ANCLAJES;TORNILLERIA;Tornillería;tornilleria;alta;17600
T575605;CHAZO EXPANSIVO/ANCLAJE 1/2 X 2-5/8;CHAZO EXPANSIVO;ANCLAJES;TORNILLERIA;Tornillería;tornilleria;alta;15500
T575606;CHAZO EXPANSIVO/ANCLAJE 1/2 X 3 1/8;CHAZO EXPANSIVO;ANCLAJES;TORNILLERIA;Tornillería;tornilleria;alta;4700
T575607;CHAZO EXPANSIVO/ANCLAJE 1/2 X 3-5/8;CHAZO EXPANSIVO;ANCLAJES;TORNILLERIA;Tornillería;tornilleria;alta;2000
T575608;CHAZO EXPANSIVO/ANCLAJE 1/2 X 5-5/8;CHAZO EXPANSIVO;ANCLAJES;TORNILLERIA;Tornillería;tornilleria;alta;8400
T575609;CHAZO EXPANSIVO/ANCLAJE 5/8 X 1-3/4;CHAZO EXPANSIVO;ANCLAJES;TORNILLERIA;Tornillería;tornilleria;alta;2900
T575610;CHAZO EXPANSIVO/ANCLAJE 5/8 X 2-1/2;CHAZO EXPANSIVO;ANCLAJES;TORNILLERIA;Tornillería;tornilleria;alta;22500
T575611;CHAZO EXPANSIVO/ANCLAJE 5/8 X 3-3/4;CHAZO EXPANSIVO;ANCLAJES;TORNILLERIA;Tornillería;tornilleria;alta;14900
T575612;CHAZO EXPANSIVO/ANCLAJE 5/8 X 5-1/2;CHAZO EXPANSIVO;ANCLAJES;TORNILLERIA;Tornillería;tornilleria;alta;18900
T575613;CHAZO EXPANSIVO/ANCLAJE 3/4 X 1-7/8;CHAZO EXPANSIVO;ANCLAJES;TORNILLERIA;Tornillería;tornilleria;alta;11100
T575614;CHAZO EXPANSIVO/ANCLAJE 3/4 X 3-5/8;CHAZO EXPANSIVO;ANCLAJES;TORNILLERIA;Tornillería;tornilleria;alta;3300
T577030;VARILLA ROSCADA INOX 304 A2 UNC X METRO 1/4;VARILLA ROSCADA INOX 304 A2 UNC;INOXIDABLE;OTRA TORNILLERIA;Tornillería;tornilleria;alta;3700
T577035;VARILLA ROSCADA INOX 304 A2 UNC X METRO 5/16;VARILLA ROSCADA INOX 304 A2 UNC;INOXIDABLE;TORNILLERIA;Tornillería;tornilleria;alta;22100
T577040;VARILLA ROSCADA INOX 304 A2 UNC X METRO 3/8;VARILLA ROSCADA INOX 304 A2 UNC;INOXIDABLE;TORNILLERIA;Tornillería;tornilleria;alta;14600
T577045;VARILLA ROSCADA INOX 304 A2 UNC X METRO 7/16;VARILLA ROSCADA INOX 304 A2 UNC;INOXIDABLE;TORNILLERIA;Tornillería;tornilleria;alta;4500
T577050;VARILLA ROSCADA INOX 304 A2 UNC X METRO 1/2;VARILLA ROSCADA INOX 304 A2 UNC;INOXIDABLE;OTRA TORNILLERIA;Tornillería;tornilleria;alta;14100
T577052;VARILLA ROSCADA INOX 304 A2 UNC X METRO 1/2 X 3,66;VARILLA ROSCADA INOX 304 A2 UNC;INOXIDABLE;TORNILLERIA;Tornillería;tornilleria;alta;23600
T577060;VARILLA ROSCADA INOX 304 A2 UNC X METRO 5/8;VARILLA ROSCADA INOX 304 A2 UNC;INOXIDABLE;TORNILLERIA;Tornillería;tornilleria;alta;10600
T577062;VARILLA ROSCADA INOX 304 A2 UNC X METRO 5/8 X 3,66;VARILLA ROSCADA INOX 304 A2 UNC;VARIOS;OTRA TORNILLERIA;Tornillería;tornilleria;alta;13100
T577065;VARILLA ROSCADA INOX 304 A2 UNC X METRO 3/4;VARILLA ROSCADA INOX 304 A2 UNC;INOXIDABLE;OTRA TORNILLERIA;Tornillería;tornilleria;alta;17500
T577068;VARILLA ROSCADA INOX 304 A2 UNC X METRO 3/4 X 3,66;VARILLA ROSCADA INOX 304 A2 UNC;INOXIDABLE;OTRA TORNILLERIA;Tornillería;tornilleria;alta;5100
T588205;VARILLA ROSCADA MM INOX 304 A2 X METRO 5-0,8;VARILLA ROSCADA MM INOX 304 A2 X METRICA;INOXIDABLE;TORNILLERIA;Tornillería;tornilleria;alta;2300
T588210;VARILLA ROSCADA MM INOX 304 A2 X METRO 6-1,0;VARILLA ROSCADA MM INOX 304 A2 X METRICA;INOXIDABLE;TORNILLERIA;Tornillería;tornilleria;alta;1000
T588219;VARILLA ROSCADA MM INOX 304 A2 X METRO 8-1,25;VARILLA ROSCADA MM INOX 304 A2 X METRICA;INOXIDABLE;TORNILLERIA;Tornillería;tornilleria;alta;18100
T588225;VARILLA ROSCADA MM INOX 304 A2 X METRO 10-1,5;VARILLA ROSCADA MM INOX 304 A2 X METRICA;INOXIDABLE;TORNILLERIA;Tornillería;tornilleria;alta;17300
T588234;VARILLA ROSCADA MM INOX 304 A2 X METRO 12-1,75;VARILLA ROSCADA MM INOX 304 A2 X METRICA;INOXIDABLE;TORNILLERIA;Tornillería;tornilleria;alta;21700
T595010;ARANDELA PLANA ZINCADA X KILO 1/8;ARANDELA PLANA ZINC X KILO;ARANDELA PLANA;TORNILLERIA;Tornillería;tornilleria;alta;13100
T595015;ARANDELA PLANA ZINCADA X KILO 5/32;ARANDELA PLANA ZINC X KILO;ARANDELA PLANA;TORNILLERIA;Tornillería;tornilleria;alta;4800
T595020;ARANDELA PLANA ZINCADA X KILO 3/16;ARANDELA PLANA ZINC X KILO;ARANDELA PLANA;TORNILLERIA;Tornillería;tornilleria;alta;19400
T595030;ARANDELA PLANA ZINCADA X KILO 1/4;ARANDELA PLANA ZINC X KILO;ARANDELA;TORNILLERIA;Tornillería;tornilleria;alta;12100
T595035;ARANDELA PLANA ZINCADA X KILO 5/16;ARANDELA PLANA ZINC X KILO;ARANDELA PLANA;TORNILLERIA;Tornillería;tornilleria;alta;7000
T595040;ARANDELA PLANA ZINCADA X KILO 3/8;ARANDELA PLANA ZINC X KILO;ARANDELA PLANA;TORNILLERIA;Tornillería;tornilleria;alta;21100
T595045;ARANDELA PLANA ZINCADA X KILO 7/16;ARANDELA PLANA ZINC X KILO;ARANDELA PLANA;TORNILLERIA;Tornillería;tornilleria;alta;11400
T595050;ARANDELA PLANA ZINCADA X KILO 1/2;ARANDELA PLANA ZINC X KILO;ARANDELA PLANA;TORNILLERIA;Tornillería;tornilleria;alta;6100
T595055;ARANDELA PLANA ZINCADA X KILO 9/16;ARANDELA PLANA ZINC X KILO;ARANDELA PLANA;TORNILLERIA;Tornillería;tornilleria;alta;2100
T595060;ARANDELA PLANA ZINCADA X KILO 5/8;ARANDELA PLANA ZINC X KILO;ARANDELA PLANA;TORNILLERIA;Tornillería;tornilleria;alta;17900
T595065;ARANDELA PLANA ZINCADA X KILO 3/4;ARANDELA PLANA ZINC X KILO;ARANDELA PLANA;TORNILLERIA;Tornillería;tornilleria;alta;9900
T595070;ARANDELA PLANA ZINCADA X KILO 7/8;ARANDELA PLANA ZINC X KILO;ARANDELA;TORNILLERIA;Tornillería;tornilleria;alta;23500
T595075;"ARANDELA PLANA ZINCADA X KILO 1""";ARANDELA PLANA ZINC X KILO;ARANDELA;TORNILLERIA;Tornillería;tornilleria;alta;3600
T598020;TUERCA DE UÑA ZINC RO3/16-24;TUERCA DE UÑA ZINC RO;TUERCAS;TORNILLERIA;Tornillería;tornilleria;alta;10400
T598030;TUERCA DE UÑA ZINC RO1/4-20;TUERCA DE UÑA ZINC RO;TUERCAS;TORNILLERIA;Tornillería;tornilleria;alta;17100
T598035;TUERCA DE UÑA ZINC RO5/16;TUERCA DE UÑA ZINC RO;TUERCAS;TORNILLERIA;Tornillería;tornilleria;alta;6100
T598040;TUERCA DE UÑA ZINC RO3/8-16;TUERCA DE UÑA ZINC RO;TUERCAS;TORNILLERIA;Tornillería;tornilleria;alta;5900
T599207;TUERCA HEXAGONAL FLANGE MM BICROM/ZINC 5-0,8;TUERCA HEXAGONAL FLANGE MM BICROM;FLANGE;TORNILLERIA;Tornillería;tornilleria;alta;5600
T599210;TUERCA HEXAGONAL FLANGE MM BICROM/ZINC 6-1,0;TUERCA HEXAGONAL FLANGE MM BICROM;FLANGE;TORNILLERIA;Tornillería;tornilleria;alta;8500
T599219;TUERCA HEXAGONAL FLANGE MM BICROM/ZINC 8-1,25;TUERCA HEXAGONAL FLANGE MM BICROM;FLANGE;TORNILLERIA;Tornillería;tornilleria;alta;12400
T599225;TUERCA HEXAGONAL FLANGE MM BICROM/ZINC 10-1,5;TUERCA HEXAGONAL FLANGE MM BICROM;FLANGE;TORNILLERIA;Tornillería;tornilleria;alta;21800
T599228;TUERCA HEXAGONAL FLANGE MM BICROM/ZINC 10-1,25;TUERCA HEXAGONAL FLANGE MM BICROM;FLANGE;TORNILLERIA;Tornillería;tornilleria;alta;7600
T599231;TUERCA HEXAGONAL FLANGE MM BICROM/ZINC 12-1,25;TUERCA HEXAGONAL FLANGE MM BICROM;FLANGE;TORNILLERIA;Tornillería;tornilleria;alta;14400
T599232;TUERCA HEXAGONAL FLANGE MM BICROM/ZINC 12-1,50;TUERCA HEXAGONAL FLANGE MM BICROM;FLANGE;TORNILLERIA;Tornillería;tornilleria;alta;10700
T599234;TUERCA HEXAGONAL FLANGE MM BICROM/ZINC 12-1,75;TUERCA HEXAGONAL FLANGE MM BICROM;FLANGE;TORNILLERIA;Tornillería;tornilleria;alta;14000
T599237;TUERCA HEXAGONAL FLANGE MM BICROM/ZINC 14-1,5;TUERCA HEXAGONAL FLANGE MM BICROM;FLANGE;TORNILLERIA;Tornillería;tornilleria;alta;18600
T599240;TUERCA HEXAGONAL FLANGE MM BICROM/ZINC 16-1,5;TUERCA HEXAGONAL FLANGE MM BICROM;FLANGE;TORNILLERIA;Tornillería;tornilleria;alta;9100
T639001;TORNILLO CAB LENTEJA 1/4X1/2 ZINC;VARILLA GRADO 2 R/TOTAL GALV;CABEZA LENTEJA;TORNILLERIA;Seguridad Industrial;epp;alta;230500
T647030;VARILLA ROSCADA G2 ZN 1/4 X 1 MTRO;VARILLA GRADO 2 R/TOTAL GALV;VARILLAS;TORNILLERIA;Tornillería;tornilleria;alta;20100
T647032;VARILLA ROSCADA G2 ZN 1/4 X 3 MTRO;VARILLA GRADO 2 R/TOTAL GALV;VARILLAS;TORNILLERIA;Tornillería;tornilleria;alta;5400
T647035;VARILLA ROSCADA G2 ZN 5/16 X1 MTRO;VARILLA GRADO 2 R/TOTAL GALV;VARILLAS;TORNILLERIA;Tornillería;tornilleria;alta;11400
T647040;VARILLA ROSCADA G2 ZN 3/8 X 1 MTRO;VARILLA GRADO 2 R/TOTAL GALV;VARILLAS;TORNILLERIA;Tornillería;tornilleria;alta;22100
T647042;VARILLA ROSCADA G2 ZN 3/8 X 3 MTRO;VARILLA GRADO 2 R/TOTAL GALV;VARILLAS;TORNILLERIA;Tornillería;tornilleria;alta;20200
T647045;VARILLA ROSCADA G2 ZN 7/16 X 1 MTRO;VARILLA GRADO 2 R/TOTAL GALV;VARILLAS;TORNILLERIA;Tornillería;tornilleria;alta;14700
T647050;VARILLA ROSCADA G2 ZN 1/2 X 1 MTRO;VARILLA GRADO 2 R/TOTAL GALV;VARILLAS;TORNILLERIA;Tornillería;tornilleria;alta;24700
T647052;VARILLA ROSCADA G2 ZN 1/2 X 3 MTRO;VARILLA GRADO 2 R/TOTAL GALV;VARILLAS;TORNILLERIA;Tornillería;tornilleria;alta;9700
T647060;VARILLA ROSCADA G2 ZN 5/8 X 1 MTRO;VARILLA GRADO 2 R/TOTAL GALV;VARILLAS;TORNILLERIA;Tornillería;tornilleria;alta;23200
T647065;VARILLA ROSCADA G2 ZN 3/4 X 1 MTRO;VARILLA GRADO 2 R/TOTAL GALV;VARILLAS;TORNILLERIA;Tornillería;tornilleria;alta;18400
T647070;VARILLA ROSCADA G2 ZN 7/8 X 1 MTRO;VARILLA GRADO 2 R/TOTAL GALV;VARILLAS;TORNILLERIA;Tornillería;tornilleria;alta;17800
T647075;"VARILLA ROSCADA G2 ZN 1"" X 1 MTRO";VARILLA GRADO 2 R/TOTAL GALV;VARILLAS;TORNILLERIA;Tornillería;tornilleria;alta;16600
T657030;TUERCA SEGURIDAD UNC INOX 304 A2 1/4-20;TUERCA SEGURIDAD UNC INOX 304 A2;INOXIDABLE;TORNILLERIA;Tornillería;tornilleria;alta;14600
T657035;TUERCA SEGURIDAD UNC INOX 304 A2 5/16-18;TUERCA SEGURIDAD UNC INOX 304 A2;INOXIDABLE;TORNILLERIA;Tornillería;tornilleria;alta;11300
T657040;TUERCA SEGURIDAD UNC INOX 304 A2 3/8-16;TUERCA SEGURIDAD UNC INOX 304 A2;INOXIDABLE;TORNILLERIA;Tornillería;tornilleria;alta;11500
T657050;TUERCA SEGURIDAD UNC INOX 304 A2 1/2-13;TUERCA SEGURIDAD UNC INOX 304 A2;INOXIDABLE;TORNILLERIA;Tornillería;tornilleria;alta;18700
TA-DM1500A;"TALADRO DE ARBOL DE 1500 WATTS. 12 VELOCIDADES CAPAC MANDRIL 32MM (1 1/4""). ALTURA 1710 MM 110 VOLTIOS";TALADRO DE ARBOL;TALADRO DE ARBOL;GRUPO NIKATTO;Herramientas Eléctricas;electrica;alta;798500
TA-DM1500A-220V;"TALADRO DE ARBOL DE 1500 WATTS. 12 VELOCIDADES CAPAC MANDRIL 32MM (1 1/4""). ALTURA 1710 MM 220 VOLTIOS";TALADRO DE ARBOL;TALADRO DE ARBOL;GRUPO NIKATTO;Herramientas Eléctricas;electrica;alta;2431000
TA-DM375A;"TALADRO DE ARBOL DE 375 WATTS. 5 VELOCIDADES. CAPAC MANDRIL 16MM (5/8"") ALTURA 840 MM";TALADRO DE ARBOL;TALADRO DE ARBOL;GRUPO NIKATTO;Herramientas Eléctricas;electrica;alta;407400
TA-DM550A;"TALADRO DE ARBOL DE 550 WATTS. 16 VELOCIDADES CAPAC MANDRIL 16MM (5/8"") ALTURA 1600 MM";TALADRO DE ARBOL;TALADRO DE ARBOL;GRUPO NIKATTO;Herramientas Eléctricas;electrica;alta;2015500
TA-DM750A;"TALADRO DE ARBOL DE 750 WATTS. 16 VELOCIDADES CAPAC MANDRIL 20MM (3/4"") ALTURA 1600 MM";TALADRO DE ARBOL;TALADRO DE ARBOL;GRUPO NIKATTO;Herramientas Eléctricas;electrica;alta;1004000
TB-DM500B;"TALADRO DE BANCO DE 500 WATTS. 5 VELOCIDADES. CAPAC MANDRIL 16MM (5/8"") ALTURA 580MM";TALADRO DE ARBOL;TALADRO DE ARBOL;GRUPO NIKATTO;Herramientas Eléctricas;electrica;alta;3200400
VEN-HELICE;HELICE VENTILADOR REF (VK750-T / VK750-TW);VENTILACION;VENTILACION;GRUPO VENTUM;Ventiladores Industriales;ventilacion;alta;1389800
VEN-REJILLA D;"REJILLA DELANTERA VENTILADOR INDUSTRIAL 30""";VENTILACION;VENTILACION;GRUPO VENTUM;Ventiladores Industriales;ventilacion;alta;123200
VEN-REJILLA T;"REJILLA TRASERA VENTILADOR INDUSTRIAL 30""";VENTILACION;VENTILACION;GRUPO VENTUM;Ventiladores Industriales;ventilacion;alta;209200
VEN-VI-60L;VENTILADOR MOVIL DE TAMBOR CON LLANTA 24 PULG;VENTILACION;VENTILACION;GRUPO VENTUM;Ventiladores Industriales;ventilacion;alta;1115900
VEN-VI-90L;VENTILADOR MOVIL DE TAMBOR CON LLANTA 36 PULG;VENTILACION;VENTILACION;GRUPO VENTUM;Ventiladores Industriales;ventilacion;alta;357600
VEN-VK750-T;VENTILADOR INDUSTRIAL DE PEDESTAL 30 PULG;VENTILACION;VENTILACION;GRUPO VENTUM;Ventiladores Industriales;ventilacion;alta;433400
VEN-VK750-TW;VENTILADOR INDUSTRIAL DE PARED 30 PULG;VENTILACION;VENTILACION;GRUPO VENTUM;Ventiladores Industriales;ventilacion;alta;1098900
VEN-VNA-26L;VENTILADOR INDUSTRIAL NEBULIZADOR DE AGUA 26 PULG;VENTILACION;VENTILACION;GRUPO VENTUM;Ventiladores Industriales;ventilacion;alta;274700
VEN-VP4-40;VENTILADOR DE PISO 16 PULG;VENTILACION;VENTILACION;GRUPO VENTUM;Ventiladores Industriales;ventilacion;alta;607500
VEN-VP4-40R;VENTILADOR DE PISO RECARGABLE 16 PULG;VENTILACION;VENTILACION;GRUPO VENTUM;Ventiladores Industriales;ventilacion;alta;259300
VEN-VP4-50;VENTILADOR DE PISO 20 PULG;VENTILACION;VENTILACION;GRUPO VENTUM;Ventiladores Industriales;ventilacion;alta;824800
VEN-VW-20;EXTRACTOR PORTATIL DE HUMOS 8 PULG CON CONDUCTO DE 5 METROS;VENTILACION;VENTILACION;GRUPO VENTUM;Herramientas Mecánicas;mecanica;alta;237200
VEN-VW-20-1;EXTRACTOR PORTATIL DE HUMOS 8 PULG SIN DUCTO;VENTILACION;VENTILACION;GRUPO VENTUM;Herramientas Mecánicas;mecanica;alta;85000
VEN-VW-25;EXTRACTOR PORTATIL DE HUMOS 10 PULG CON CONDUCTO DE 5 METROS;VENTILACION;VENTILACION;GRUPO VENTUM;Herramientas Mecánicas;mecanica;alta;30700
VEN-VW-25-1;EXTRACTOR PORTATIL DE HUMOS 10 PULG SIN DUCTO;VENTILACION;VENTILACION;GRUPO VENTUM;Herramientas Mecánicas;mecanica;alta;235400
VEN-VW-30;EXTRACTOR PORTATIL DE HUMOS 12 PULG CON CONDUCTO DE 5 METROS;VENTILACION;VENTILACION;GRUPO VENTUM;Herramientas Mecánicas;mecanica;alta;311000
VEN-VW-30-1;EXTRACTOR PORTATIL DE HUMOS 12 PULG SIN DUCTO;VENTILACION;VENTILACION;GRUPO VENTUM;Herramientas Mecánicas;mecanica;alta;360100
VEN-VW-30-2;EXTRACTOR PORTATIL DE HUMOS 12 PULG CON DUCTO DE 10 METROS;VENTILACION;VENTILACION;GRUPO VENTUM;Herramientas Mecánicas;mecanica;alta;46200
VEN-VW-31R;REPUESTO - DUCTO 10 METROS REF. VEN-VW-30 EXTRACTOR PORTATIL DE HUMOS 12 PULG;VENTILACION;REPUESTOS;GRUPO VENTUM;Herramientas Eléctricas;electrica;alta;2954600
VIR-AU93;PERFILADOR DE CANTOS 40MM VIRUTEX;VIRUTEX;VIRUTEX;GRUPO IMPORTADOS;Herramientas Eléctricas;electrica;alta;1662400
VIR-AU93R;JGO 6 CUCHILLAS PERFILADOR VIRUTEX AU93;VIRUTEX;VIRUTEX;GRUPO IMPORTADOS;Herramientas Eléctricas;electrica;alta;2513600
VIR-C015L;CORTADORA DE TIRAS 110MM X 2MM VIRUTEX;VIRUTEX;VIRUTEX;GRUPO IMPORTADOS;Herramientas de Corte;corte:corta*;alta;15000
VIT-CK1;VITALI DIFERENCIAL DE CADENA G80 1TX3MTS CK1;VITALI;VITALI;GRUPO IMPORTADOS;Herramientas de Carga;carga;alta;1172600
VIT-CK2;VITALI DIFERENCIAL DE CADENA G80 2TX3MTS CK1;VITALI;VITALI;GRUPO IMPORTADOS;Herramientas de Carga;carga;alta;51200
VIT-CK3;VITALI DIFERENCIAL DE CADENA G80 3TX3MTS CK1;VITALI;VITALI;GRUPO IMPORTADOS;Herramientas de Carga;carga;alta;696200
VIT-CK3-5MT;VITALI DIFERENCIAL DE CADENA G80 3T X 5MTS CK1;VITALI;VITALI;GRUPO IMPORTADOS;Herramientas de Carga;carga;alta;1616800
VIT-CK5;VITALI DIFERENCIAL DE CADENA G80 5TX3MTS CK1;VITALI;VITALI;GRUPO IMPORTADOS;Herramientas de Carga;carga;alta;940500
VIT-VA3TON;VITALI DIFERENCIAL DE CADENA TRABAJO PESADO G100 3T X 3 MTS;VITALI;VITALI;GRUPO IMPORTADOS;Herramientas de Carga;carga;alta;687200
VIT-VA5TON;VITALI DIFERENCIAL DE CADENA TRABAJO PESADO G100 5T X 3 MTS;VITALI;VITALI;GRUPO IMPORTADOS;Herramientas de Carga;carga;alta;595100
VIT-VL0.75TON;VITALI DIFERENCIAL DE PALANCA 0.75 TON X 1.5 MTS;VITALI;VITALI;GRUPO IMPORTADOS;Herramientas de Carga;carga;alta;1253800
VIT-VL1TON;VITALI DIFERENCIAL DE PALANCA 1 TON X 1.5 MTS;VITALI;VITALI;GRUPO IMPORTADOS;Herramientas de Carga;carga;alta;703000
WE-13131;"GRATA CIRCULAR ENTORCHADA 4"" X 5/8"" X 7/8"" 20.000 RPM";WEILER;WEILER;GRUPO IMPORTADOS;Herramientas Industriales;industrial:abrasivo;alta;229300
